Category,Product Name With Product Code,Product Code,Sell/ Retail Prince,Product Image
Men's Fashion,Premium Stylish China Floral Printe,13142,690,https://www.dropshipping.com.bd/public/storage/images/product_thumbnail_img/thumb_69d3b42e0e357_1775481902.jpg
Men's Fashion,Premium Stylish China Floral Printe,13141,690,https://www.dropshipping.com.bd/public/storage/images/product_thumbnail_img/thumb_69d3b469a6939_1775481961.jpg
Men's Fashion,Premium Stylish China Floral Printe,13140,690,https://www.dropshipping.com.bd/public/storage/images/product_thumbnail_img/thumb_69d3b4a6528b7_1775482022.jpg
Men's Fashion,Premium Stylish China Floral Printe,13139,690,https://www.dropshipping.com.bd/public/storage/images/product_thumbnail_img/thumb_69d3b4e25800e_1775482082.jpg
Men's Fashion,Premium Stylish China Floral Printe,13138,690,https://www.dropshipping.com.bd/public/storage/images/product_thumbnail_img/thumb_69d3b5d358b0a_1775482323.jpg
Men's Fashion,Premium Stylish China Floral Printe,13137,690,https://www.dropshipping.com.bd/public/storage/images/product_thumbnail_img/thumb_69d3b5d479d39_1775482324.jpg
Men's Fashion,Premium Stylish China Floral Printe,13136,690,https://www.dropshipping.com.bd/public/storage/images/product_thumbnail_img/thumb_69d3b60e3a332_1775482382.jpg
Men's Fashion,Premium Stylish China Floral Printe,13135,690,https://www.dropshipping.com.bd/public/storage/images/product_thumbnail_img/thumb_69d3b64a4ec5d_1775482442.jpg
Men's Fashion,Combo Men's Stylish Drop Shoulder-,13133,820,https://www.dropshipping.com.bd/public/storage/images/product_thumbnail_img/thumb_69d23265d3afe_1775383141.jpg
Men's Fashion,Combo Men's Stylish Drop Shoulder-,13131,820,https://www.dropshipping.com.bd/public/storage/images/product_thumbnail_img/thumb_69d1eb6268c78_1775364962.jpg
Men's Fashion,CRRJU 5025 Men's Stylish Premium Wa,13130,2250,https://www.dropshipping.com.bd/public/storage/images/product_thumbnail_img/thumb_69d0f8940ab7b_1775302804.jpg
Men's Fashion,CRRJU 5030 Luxury Men's Stylish Wat,13129,2250,https://www.dropshipping.com.bd/public/storage/images/product_thumbnail_img/thumb_69d0f8ce71eae_1775302862.jpg
Men's Fashion,AMST 3068 Stylish Men's Premium Wat,13128,2450,https://www.dropshipping.com.bd/public/storage/images/product_thumbnail_img/thumb_69d0f8cf78dae_1775302863.jpg
Men's Fashion,Premium Streetwear Drop Shoulder T-,13127,350,https://www.dropshipping.com.bd/public/storage/images/product_thumbnail_img/thumb_69d26cc77e17e_1775398087.jpg
Men's Fashion,Premium Streetwear Drop Shoulder T-,13126,350,https://www.dropshipping.com.bd/public/storage/images/product_thumbnail_img/thumb_69d3bd1f1c6df_1775484191.jpg
Men's Fashion,Premium Streetwear Drop Shoulder T-,13125,350,https://www.dropshipping.com.bd/public/storage/images/product_thumbnail_img/thumb_69d26cc500217_1775398085.jpg
Men's Fashion,Premium Streetwear Drop Shoulder T-,13124,350,https://www.dropshipping.com.bd/public/storage/images/product_thumbnail_img/thumb_69d26cc600608_1775398086.jpg
Men's Fashion,Stylish 4pc combo Drop Shoulder T-s,13118,990,https://www.dropshipping.com.bd/public/storage/images/product_thumbnail_img/thumb_69d33ec1a9917_1775451841.jpg
Men's Fashion,Premium Black Polo Shirt with Contr,13117,490,https://www.dropshipping.com.bd/public/storage/images/product_thumbnail_img/thumb_69d0fb6213cd3_1775303522.jpg
Men's Fashion,3 Pcs Combo Men's Stylish Drop Shou,13116,1040,https://www.dropshipping.com.bd/public/storage/images/product_thumbnail_img/thumb_69cdfde9ba6a9_1775107561.jpg
Men's Fashion,Pure Cotton Half Sleeve Print Shirt,13114,790,https://www.dropshipping.com.bd/public/storage/images/product_thumbnail_img/thumb_69d3424745cd7_1775452743.jpg
Men's Fashion,Pure Cotton Half Sleeve Print Shirt,13113,790,https://www.dropshipping.com.bd/public/storage/images/product_thumbnail_img/thumb_69d34066cd673_1775452262.jpg
Men's Fashion,Pure Cotton Half Sleeve Print Shirt,13112,790,https://www.dropshipping.com.bd/public/storage/images/product_thumbnail_img/thumb_69d34065f0cbb_1775452261.jpg
Men's Fashion,Pure Cotton Half Sleeve Print Shirt,13111,790,https://www.dropshipping.com.bd/public/storage/images/product_thumbnail_img/thumb_69d3402c292f2_1775452204.jpg
Men's Fashion,Pure Cotton Half Sleeve Print Shirt,13110,790,https://www.dropshipping.com.bd/public/storage/images/product_thumbnail_img/thumb_69d341cf0c3a9_1775452623.jpg
Men's Fashion,Pure Cotton Half Sleeve Print Shirt,13109,790,https://www.dropshipping.com.bd/public/storage/images/product_thumbnail_img/thumb_69d341cdeb23a_1775452621.jpg
Men's Fashion,Pure Cotton Half Sleeve Print Shirt,13108,790,https://www.dropshipping.com.bd/public/storage/images/product_thumbnail_img/thumb_69d341591de9c_1775452505.jpg
Men's Fashion,Pure Cotton Half Sleeve Print Shirt,13107,790,https://www.dropshipping.com.bd/public/storage/images/product_thumbnail_img/thumb_69d341565ee29_1775452502.jpg
Men's Fashion,Kids 5 Pcs Combo T-Shirt (Cotton),13106,990,https://www.dropshipping.com.bd/public/storage/images/product_thumbnail_img/thumb_69ca551d8324e_1774867741.jpg
Men's Fashion,Kids 5 Pcs Combo T-Shirt (Cotton),13105,990,https://www.dropshipping.com.bd/public/storage/images/product_thumbnail_img/thumb_69cd0f51a741f_1775046481.jpg
Men's Fashion,Men's Stylish Premium Drop Shoulder,13093,690,https://www.dropshipping.com.bd/public/storage/images/product_thumbnail_img/thumb_69c50546987e4_1774519622.jpg
Men's Fashion,Men's Stylish Premium Drop Shoulder,13092,690,https://www.dropshipping.com.bd/public/storage/images/product_thumbnail_img/thumb_69c5050a22e36_1774519562.jpg
Men's Fashion,Men's Stylish Premium Drop Shoulder,13091,690,https://www.dropshipping.com.bd/public/storage/images/product_thumbnail_img/thumb_69c504923dd83_1774519442.jpg
Men's Fashion,Men's Stylish Premium Drop Shoulder,13090,690,https://www.dropshipping.com.bd/public/storage/images/product_thumbnail_img/thumb_69c503ddd7e07_1774519261.jpg
Men's Fashion,Men's Stylish Premium Drop Shoulder,13089,690,https://www.dropshipping.com.bd/public/storage/images/product_thumbnail_img/thumb_69c503a231047_1774519202.jpg
Men's Fashion,Men's Stylish Premium Drop Shoulder,13088,690,https://www.dropshipping.com.bd/public/storage/images/product_thumbnail_img/thumb_69c502b21600b_1774518962.jpg
Men's Fashion,Men's Stylish Premium Drop Shoulder,13087,690,https://www.dropshipping.com.bd/public/storage/images/product_thumbnail_img/thumb_69c501c21b589_1774518722.jpg
Men's Fashion,Men's Stylish Premium Drop Shoulder,13086,690,https://www.dropshipping.com.bd/public/storage/images/product_thumbnail_img/thumb_69c5014a618d4_1774518602.jpg
Men's Fashion,Men's Stylish Premium Drop Shoulder,13085,690,https://www.dropshipping.com.bd/public/storage/images/product_thumbnail_img/thumb_69c50095b1969_1774518421.jpg
Men's Fashion,Men's Stylish Premium Drop Shoulder,13084,690,https://www.dropshipping.com.bd/public/storage/images/product_thumbnail_img/thumb_69c4e43ae56f1_1774511162.jpg
Men's Fashion,Men's Stylish Premium Drop Shoulder,13083,690,https://www.dropshipping.com.bd/public/storage/images/product_thumbnail_img/thumb_69c4e439d4a84_1774511161.jpg
Men's Fashion,Men's Stylish Premium Drop Shoulder,13082,690,https://www.dropshipping.com.bd/public/storage/images/product_thumbnail_img/thumb_69c4e2598bd41_1774510681.jpg
Men's Fashion,Men's Stylish Premium Drop Shoulder,13081,690,
Men's Fashion,Men's Stylish Premium Drop Shoulder,13080,690,https://www.dropshipping.com.bd/public/storage/images/product_thumbnail_img/thumb_69c4e00333103_1774510083.jpg
Men's Fashion,Men's Stylish Premium Drop Shoulder,13079,690,https://www.dropshipping.com.bd/public/storage/images/product_thumbnail_img/thumb_69c4df120b78c_1774509842.jpg
Men's Fashion,Men's Stylish Premium Drop Shoulder,13078,690,https://www.dropshipping.com.bd/public/storage/images/product_thumbnail_img/thumb_69c4de9a2866a_1774509722.jpg
Men's Fashion,Men's Stylish Premium Drop Shoulder,13077,690,https://www.dropshipping.com.bd/public/storage/images/product_thumbnail_img/thumb_69c4de21dda63_1774509601.jpg
Men's Fashion,Men's Stylish Premium Drop Shoulder,13076,690,https://www.dropshipping.com.bd/public/storage/images/product_thumbnail_img/thumb_69c4ddaa67617_1774509482.jpg
Men's Fashion,Men's Stylish Premium Drop Shoulder,13075,690,https://www.dropshipping.com.bd/public/storage/images/product_thumbnail_img/thumb_69c4dcf6df5e5_1774509302.jpg
Men's Fashion,Men's Stylish Premium Drop Shoulder,13074,690,https://www.dropshipping.com.bd/public/storage/images/product_thumbnail_img/thumb_69c4dada53000_1774508762.jpg
Men's Fashion,Men's Stylish Premium Drop Shoulder,13073,690,https://www.dropshipping.com.bd/public/storage/images/product_thumbnail_img/thumb_69c4da61db972_1774508641.jpg
Men's Fashion,Men's Stylish Premium Drop Shoulder,13072,690,https://www.dropshipping.com.bd/public/storage/images/product_thumbnail_img/thumb_69c4d9e99f658_1774508521.jpg
Men's Fashion,Men's Stylish Premium Drop Shoulder,13071,690,https://www.dropshipping.com.bd/public/storage/images/product_thumbnail_img/thumb_69c4d756203ba_1774507862.jpg
Men's Fashion,Men's Stylish Premium Drop Shoulder,13070,690,https://www.dropshipping.com.bd/public/storage/images/product_thumbnail_img/thumb_69c4d6a325bef_1774507683.jpg
Men's Fashion,Men's Stylish Premium Drop Shoulder,13069,690,https://www.dropshipping.com.bd/public/storage/images/product_thumbnail_img/thumb_69c4d5edd8ff6_1774507501.jpg
Men's Fashion,Men's Stylish Premium Drop Shoulder,13068,690,https://www.dropshipping.com.bd/public/storage/images/product_thumbnail_img/thumb_69c4d40dc16dd_1774507021.jpg
Men's Fashion,Men's Stylish Premium Drop Shoulder,13067,690,https://www.dropshipping.com.bd/public/storage/images/product_thumbnail_img/thumb_69c4d0c67a38e_1774506182.jpg
Men's Fashion,Men's Stylish Premium Drop Shoulder,13066,690,https://www.dropshipping.com.bd/public/storage/images/product_thumbnail_img/thumb_69c4cfd5d4def_1774505941.jpg
Men's Fashion,Men's Stylish Premium Drop Shoulder,13065,690,https://www.dropshipping.com.bd/public/storage/images/product_thumbnail_img/thumb_69c4cf223867e_1774505762.jpg
Men's Fashion,Men's Stylish Premium Drop Shoulder,13064,690,https://www.dropshipping.com.bd/public/storage/images/product_thumbnail_img/thumb_69c4cd7e2c574_1774505342.jpg
Men's Fashion,Men's Stylish Premium Drop Shoulder,13063,690,https://www.dropshipping.com.bd/public/storage/images/product_thumbnail_img/thumb_69c4cd063ac5e_1774505222.jpg
Men's Fashion,Men's Stylish Premium Drop Shoulder,13062,690,https://www.dropshipping.com.bd/public/storage/images/product_thumbnail_img/thumb_69c4ccca2b14a_1774505162.jpg
Men's Fashion,Men's Stylish Premium Drop Shoulder,13061,690,https://www.dropshipping.com.bd/public/storage/images/product_thumbnail_img/thumb_69c4cb9ed5aeb_1774504862.jpg
Men's Fashion,Men's Stylish Premium Drop Shoulder,13060,690,https://www.dropshipping.com.bd/public/storage/images/product_thumbnail_img/thumb_69c4ca721f67f_1774504562.jpg
Men's Fashion,Men's Stylish Premium Drop Shoulder,13059,690,https://www.dropshipping.com.bd/public/storage/images/product_thumbnail_img/thumb_69c4c981e8df2_1774504321.jpg
Men's Fashion,Men's Stylish Premium Drop Shoulder,13058,690,https://www.dropshipping.com.bd/public/storage/images/product_thumbnail_img/thumb_69c4c8566ab44_1774504022.jpg
Men's Fashion,Men's Stylish Premium Drop Shoulder,13057,690,https://www.dropshipping.com.bd/public/storage/images/product_thumbnail_img/thumb_69c4c7a1f28a2_1774503841.jpg
Men's Fashion,Men's Stylish Premium Drop Shoulder,13056,690,https://www.dropshipping.com.bd/public/storage/images/product_thumbnail_img/thumb_69c4c369d911b_1774502761.jpg
Men's Fashion,5Pcs Baby T-shirt Combo,13055,590,https://www.dropshipping.com.bd/public/storage/images/product_thumbnail_img/thumb_69d33831d0f43_1775450161.jpg
Men's Fashion,10 Pcs White Solid Punjabi Combo,13054,3100,https://www.dropshipping.com.bd/public/storage/images/product_thumbnail_img/thumb_69afe896ab3eb_1773136022.jpg
Men's Fashion,10 Pcs Black Solid Punjabi Combo,13053,3100,https://www.dropshipping.com.bd/public/storage/images/product_thumbnail_img/thumb_69afe8d20a382_1773136082.jpg
Men's Fashion,Premium Casual Combo Set,13051,1250,https://www.dropshipping.com.bd/public/storage/images/product_thumbnail_img/thumb_69afc046bf5f8_1773125702.jpg
Men's Fashion,Premium Casual Combo Set,13049,1250,https://www.dropshipping.com.bd/public/storage/images/product_thumbnail_img/thumb_69afc009b8ca3_1773125641.jpg
Men's Fashion,Father & Son Premium Striped Cotton,13046,1250,https://www.dropshipping.com.bd/public/storage/images/product_thumbnail_img/thumb_69afb39e4ec61_1773122462.jpg
Men's Fashion,Father & Son Premium Striped Cotton,13045,1250,https://www.dropshipping.com.bd/public/storage/images/product_thumbnail_img/thumb_69afb3678899a_1773122407.jpg
Men's Fashion,Father & Son Premium Striped Cotton,13044,1250,https://www.dropshipping.com.bd/public/storage/images/product_thumbnail_img/thumb_69afb1fae4fdb_1773122042.jpg
Men's Fashion,Father & Son Premium Striped Cotton,13043,1250,https://www.dropshipping.com.bd/public/storage/images/product_thumbnail_img/thumb_69afb056e5e98_1773121622.jpg
Men's Fashion,Premium Casual Combo Set,13042,1390,https://www.dropshipping.com.bd/public/storage/images/product_thumbnail_img/thumb_69ae9f4a2c94b_1773051722.jpg
Men's Fashion,Premium Casual Combo Set,13041,1390,https://www.dropshipping.com.bd/public/storage/images/product_thumbnail_img/thumb_69ae9e231f471_1773051427.jpg
Men's Fashion,Premium Casual Combo Set,13040,1390,https://www.dropshipping.com.bd/public/storage/images/product_thumbnail_img/thumb_69ae9f4b9d4cf_1773051723.jpg
Men's Fashion,Premium Casual Combo Set,13039,1390,https://www.dropshipping.com.bd/public/storage/images/product_thumbnail_img/thumb_69ae9f8689c28_1773051782.jpg
Men's Fashion,Premium Casual Combo Set,13038,1490,https://www.dropshipping.com.bd/public/storage/images/product_thumbnail_img/thumb_69ae9de223239_1773051362.jpg
Men's Fashion,Premium Casual Combo Set,13037,1490,https://www.dropshipping.com.bd/public/storage/images/product_thumbnail_img/thumb_69ae9da8cbdcd_1773051304.jpg
Men's Fashion,Premium Casual Combo Set,13036,1490,https://www.dropshipping.com.bd/public/storage/images/product_thumbnail_img/thumb_69ae9da6e475e_1773051302.jpg
Men's Fashion,Premium Casual Combo Set,13034,1390,https://www.dropshipping.com.bd/public/storage/images/product_thumbnail_img/thumb_69ae9e95db125_1773051541.jpg
Men's Fashion,Premium Casual Combo Set,13030,1490,https://www.dropshipping.com.bd/public/storage/images/product_thumbnail_img/thumb_69ae9d6aca76e_1773051242.jpg
Men's Fashion,Classic Premium Festive Panjabi,12979,1890,https://www.dropshipping.com.bd/public/storage/images/product_thumbnail_img/thumb_69b91e6595f55_1773739621.jpg
Men's Fashion,Classic Premium Festive Panjabi,12978,1890,https://www.dropshipping.com.bd/public/storage/images/product_thumbnail_img/thumb_69c9fa2f984b4_1774844463.jpg
Men's Fashion,Elite Elegant Festive Panjabi,12976,1990,https://www.dropshipping.com.bd/public/storage/images/product_thumbnail_img/thumb_69b59349ac603_1773507401.jpg
Men's Fashion,Classic Premium Festive Panjabi,12975,1890,https://www.dropshipping.com.bd/public/storage/images/product_thumbnail_img/thumb_69c8b825b46ba_1774762021.jpg
Men's Fashion,Full sleeves double pocket Shirt,12974,750,https://www.dropshipping.com.bd/public/storage/images/product_thumbnail_img/thumb_69c8ad5e631da_1774759262.jpg
Men's Fashion,Full sleeves double pocket Shirt,12973,750,https://www.dropshipping.com.bd/public/storage/images/product_thumbnail_img/thumb_69cdee3626ad6_1775103542.jpg
Men's Fashion,Full sleeves double pocket Shirt,12972,750,https://www.dropshipping.com.bd/public/storage/images/product_thumbnail_img/thumb_69d26ccbeabd0_1775398091.jpg
Men's Fashion,Full sleeves double pocket Shirt,12971,750,https://www.dropshipping.com.bd/public/storage/images/product_thumbnail_img/thumb_69d224562d6bd_1775379542.jpg
Men's Fashion,Boys' Premium Striped Cotton Katua,12969,550,https://www.dropshipping.com.bd/public/storage/images/product_thumbnail_img/thumb_69b53839b8593_1773484089.jpg
Men's Fashion,Boys' Premium Striped Cotton Katua,12968,550,https://www.dropshipping.com.bd/public/storage/images/product_thumbnail_img/thumb_69b27e4108979_1773305409.jpg
Men's Fashion,Boys' Premium Striped Cotton Katua,12967,550,https://www.dropshipping.com.bd/public/storage/images/product_thumbnail_img/thumb_69b29cee5a79c_1773313262.jpg
Men's Fashion,Boys' Premium Striped Cotton Katua,12966,550,https://www.dropshipping.com.bd/public/storage/images/product_thumbnail_img/thumb_69b809d67704a_1773668822.jpg
Men's Fashion,Premium Long Sleeve Striped Katua f,12965,790,https://www.dropshipping.com.bd/public/storage/images/product_thumbnail_img/thumb_69cdfa2b1c600_1775106603.jpg
Men's Fashion,Premium Long Sleeve Striped Katua f,12964,790,https://www.dropshipping.com.bd/public/storage/images/product_thumbnail_img/thumb_69d3bd1b5ab43_1775484187.jpg
Men's Fashion,Premium Long Sleeve Striped Katua f,12963,790,https://www.dropshipping.com.bd/public/storage/images/product_thumbnail_img/thumb_69cdfa691e5d4_1775106665.jpg
Men's Fashion,Premium Long Sleeve Striped Katua f,12962,790,https://www.dropshipping.com.bd/public/storage/images/product_thumbnail_img/thumb_69cdfa6b5cd24_1775106667.jpg
Men's Fashion,Premium Long Sleeve Striped Katua f,12961,790,https://www.dropshipping.com.bd/public/storage/images/product_thumbnail_img/thumb_69cdfaa2a08c5_1775106722.jpg
Men's Fashion,Premium Long Sleeve Striped Katua f,12960,790,https://www.dropshipping.com.bd/public/storage/images/product_thumbnail_img/thumb_69cdfaa43dfb2_1775106724.jpg
Men's Fashion,Premium Long Sleeve Striped Katua f,12959,790,https://www.dropshipping.com.bd/public/storage/images/product_thumbnail_img/thumb_69cdfaa56cb0b_1775106725.jpg
Men's Fashion,Premium Long Sleeve Striped Katua f,12958,790,https://www.dropshipping.com.bd/public/storage/images/product_thumbnail_img/thumb_69cdfb1a418b2_1775106842.jpg
Men's Fashion,Exclusive 4 in 1 Men's Punjabi Comb,12950,1390,https://www.dropshipping.com.bd/public/storage/images/product_thumbnail_img/thumb_699d67e01c601_1771923424.jpg
Men's Fashion,Exclusive 4 in 1 Men's Punjabi Comb,12949,1390,https://www.dropshipping.com.bd/public/storage/images/product_thumbnail_img/thumb_699d66ef43288_1771923183.jpg
Men's Fashion,Exclusive 4 in 1 Men's Punjabi Comb,12948,1390,https://www.dropshipping.com.bd/public/storage/images/product_thumbnail_img/thumb_699d667aba316_1771923066.jpg
Men's Fashion,Exclusive 4 in 1 Men's Punjabi Comb,12947,1390,https://www.dropshipping.com.bd/public/storage/images/product_thumbnail_img/thumb_699d66765bd07_1771923062.jpg
Men's Fashion,Exclusive 4 in 1 Men's Punjabi Comb,12946,1390,https://www.dropshipping.com.bd/public/storage/images/product_thumbnail_img/thumb_699bffe0403a9_1771831264.jpg
Men's Fashion,Exclusive 4 in 1 Men's Punjabi Comb,12945,1390,https://www.dropshipping.com.bd/public/storage/images/product_thumbnail_img/thumb_699bffa60327e_1771831206.jpg
Men's Fashion,Exclusive 4 in 1 Men's Punjabi Comb,12944,1390,https://www.dropshipping.com.bd/public/storage/images/product_thumbnail_img/thumb_699bffdeaf7fd_1771831262.jpg
Men's Fashion,Exclusive 4 in 1 Men's Punjabi Comb,12943,1390,https://www.dropshipping.com.bd/public/storage/images/product_thumbnail_img/thumb_699bffa2396da_1771831202.jpg
Men's Fashion,Men's Stylish Drop Shoulder- Black,12942,490,https://www.dropshipping.com.bd/public/storage/images/product_thumbnail_img/thumb_69a67252684a7_1772515922.jpg
Men's Fashion,Men's Drop Shoulder - Black,12941,550,https://www.dropshipping.com.bd/public/storage/images/product_thumbnail_img/thumb_6997865b3562c.jpg
Men's Fashion,Men's Stylish Premium Drop Shoulder,12938,690,https://www.dropshipping.com.bd/public/storage/images/product_thumbnail_img/thumb_69a67251b2afc_1772515921.jpg
Men's Fashion,Mens long sleeve Grameen check shir,12937,750,https://www.dropshipping.com.bd/public/storage/images/product_thumbnail_img/thumb_69b129b316de0_1773218227.jpg
Men's Fashion,Mens long sleeve Grameen check shir,12936,750,https://www.dropshipping.com.bd/public/storage/images/product_thumbnail_img/thumb_69c8b7eaaac50_1774761962.jpg
Men's Fashion,Mens long sleeve Grameen check shir,12935,750,https://www.dropshipping.com.bd/public/storage/images/product_thumbnail_img/thumb_69ce7f0e14775_1775140622.jpg
Men's Fashion,Mens long sleeve Grameen check shir,12934,750,https://www.dropshipping.com.bd/public/storage/images/product_thumbnail_img/thumb_69ce7f0f480c7_1775140623.jpg
Men's Fashion,Mens long sleeve Strip shirt,12933,790,https://www.dropshipping.com.bd/public/storage/images/product_thumbnail_img/thumb_69d222b1cd171_1775379121.jpg
Men's Fashion,Mens long sleeve Strip shirt,12932,790,https://www.dropshipping.com.bd/public/storage/images/product_thumbnail_img/thumb_69c8b95306381_1774762323.jpg
Men's Fashion,Mens long sleeve Strip shirt,12931,790,https://www.dropshipping.com.bd/public/storage/images/product_thumbnail_img/thumb_69a4c312d6c56_1772405522.jpg
Men's Fashion,Mens long sleeve Strip shirt,12930,790,https://www.dropshipping.com.bd/public/storage/images/product_thumbnail_img/thumb_69c8b7e99efc0_1774761961.jpg
Men's Fashion,Mens long sleeve Strip shirt,12929,790,https://www.dropshipping.com.bd/public/storage/images/product_thumbnail_img/thumb_69cd0885d64eb_1775044741.jpg
Men's Fashion,Mens long sleeve Strip shirt,12928,790,https://www.dropshipping.com.bd/public/storage/images/product_thumbnail_img/thumb_69cb4f829a4f5_1774931842.jpg
Men's Fashion,Mens long sleeve Strip shirt,12927,790,https://www.dropshipping.com.bd/public/storage/images/product_thumbnail_img/thumb_69b129b1e96bc_1773218225.jpg
Men's Fashion,Men's Stylish Premium Drop Shoulder,12926,690,https://www.dropshipping.com.bd/public/storage/images/product_thumbnail_img/thumb_6997865271ce6.jpg
Men's Fashion,Men's Stylish Premium Drop Shoulder,12925,690,https://www.dropshipping.com.bd/public/storage/images/product_thumbnail_img/thumb_69978651c3574.jpg
Men's Fashion,Men's Stylish Premium Drop Shoulder,12924,690,https://www.dropshipping.com.bd/public/storage/images/product_thumbnail_img/thumb_6997865121128.jpg
Men's Fashion,Men's Stylish Drop Shoulder- Maroon,12922,490,https://www.dropshipping.com.bd/public/storage/images/product_thumbnail_img/thumb_6997864f56092.jpg
Men's Fashion,Men's Stylish Drop Shoulder- Maroon,12921,490,https://www.dropshipping.com.bd/public/storage/images/product_thumbnail_img/thumb_69a66d680c03e_1772514664.jpg
Men's Fashion,Men's Stylish Drop Shoulder- Black,12920,490,https://www.dropshipping.com.bd/public/storage/images/product_thumbnail_img/thumb_6997864e0dd5a.jpg
Men's Fashion,Men's Stylish Drop Shoulder- Black,12919,490,https://www.dropshipping.com.bd/public/storage/images/product_thumbnail_img/thumb_6997864d6904f.jpg
Men's Fashion,Solid dropshoulder  T-shirt,12918,450,https://www.dropshipping.com.bd/public/storage/images/product_thumbnail_img/thumb_69d2128b29402_1775374987.jpg
Men's Fashion,Men's Stylish Premium Drop Shoulder,12917,690,https://www.dropshipping.com.bd/public/storage/images/product_thumbnail_img/thumb_69a66d6711897_1772514663.jpg
Men's Fashion,Men's Stylish Premium Drop Shoulder,12916,690,https://www.dropshipping.com.bd/public/storage/images/product_thumbnail_img/thumb_69a66d663a1f2_1772514662.jpg
Men's Fashion,Men's Stylish Premium Drop Shoulder,12915,690,https://www.dropshipping.com.bd/public/storage/images/product_thumbnail_img/thumb_69a66d2c77995_1772514604.jpg
Men's Fashion,Men's Cotton luxury Punjabi,12914,990,https://www.dropshipping.com.bd/public/storage/images/product_thumbnail_img/thumb_69a44945b0ef1_1772374341.jpg
Men's Fashion,EXCLUSIVE 3-Piece Drop Shoulder Com,12913,1390,https://www.dropshipping.com.bd/public/storage/images/product_thumbnail_img/thumb_69978647e6bd7.jpg
Men's Fashion,American Eagle Blue Jeans For Man,12912,950,https://www.dropshipping.com.bd/public/storage/images/product_thumbnail_img/thumb_69cd2ac4eba70_1775053508.jpg
Men's Fashion,Men's Stylish Premium Drop Shoulder,12911,690,https://www.dropshipping.com.bd/public/storage/images/product_thumbnail_img/thumb_69a66da494a4c_1772514724.jpg
Men's Fashion,Men's Stylish Premium Drop Shoulder,12910,690,https://www.dropshipping.com.bd/public/storage/images/product_thumbnail_img/thumb_69a66da3cf0ca_1772514723.jpg
Men's Fashion,Men's Stylish Premium Drop Shoulder,12907,690,https://www.dropshipping.com.bd/public/storage/images/product_thumbnail_img/thumb_69a66da31c7ca_1772514723.jpg
Men's Fashion,Men's Stylish Premium Drop Shoulder,12906,690,https://www.dropshipping.com.bd/public/storage/images/product_thumbnail_img/thumb_69a66d69664b9_1772514665.jpg
Men's Fashion,Men's Stylish Premium Drop Shoulder,12905,690,https://www.dropshipping.com.bd/public/storage/images/product_thumbnail_img/thumb_69a66d68bd833_1772514664.jpg
Men's Fashion,Cotton Polo Shirt For Men's,12902,550,https://www.dropshipping.com.bd/public/storage/images/product_thumbnail_img/thumb_69b7e2762759c_1773658742.jpg
Men's Fashion,Cotton Polo Shirt For Men's,12901,550,https://www.dropshipping.com.bd/public/storage/images/product_thumbnail_img/thumb_69b7e419b77e2_1773659161.jpg
Men's Fashion,Cotton Polo Shirt For Men's,12899,550,https://www.dropshipping.com.bd/public/storage/images/product_thumbnail_img/thumb_69978641afa9a.jpg
Men's Fashion,Cotton Polo Shirt For Men's,12898,550,https://www.dropshipping.com.bd/public/storage/images/product_thumbnail_img/thumb_69c8b6be75a0a_1774761662.jpg
Men's Fashion,Cotton Polo Shirt For Men's,12897,550,https://www.dropshipping.com.bd/public/storage/images/product_thumbnail_img/thumb_69b7e761e08ae_1773660001.jpg
Men's Fashion,Cotton Polo Shirt For Men's,12896,550,https://www.dropshipping.com.bd/public/storage/images/product_thumbnail_img/thumb_69ca7df2b2cec_1774878194.jpg
Men's Fashion,Men's Stylish Drop Shoulder- Black,12895,490,https://www.dropshipping.com.bd/public/storage/images/product_thumbnail_img/thumb_6997863f8926e.jpg
Men's Fashion,Cotton Polo Shirt For Men's,12884,550,https://www.dropshipping.com.bd/public/storage/images/product_thumbnail_img/thumb_6997863992039.jpg
Men's Fashion,Cotton Polo Shirt For Men's,12883,550,https://www.dropshipping.com.bd/public/storage/images/product_thumbnail_img/thumb_69b6d87f066b1_1773590655.jpg
Men's Fashion,Cotton Polo Shirt For Men's,12882,550,https://www.dropshipping.com.bd/public/storage/images/product_thumbnail_img/thumb_69cb4f8208fba_1774931842.jpg
Men's Fashion,Cotton Polo Shirt For Men's,12880,550,https://www.dropshipping.com.bd/public/storage/images/product_thumbnail_img/thumb_69b7e4ce1b748_1773659342.jpg
Men's Fashion,Cotton Polo Shirt For Men's,12879,550,https://www.dropshipping.com.bd/public/storage/images/product_thumbnail_img/thumb_69b7e3ddf41a4_1773659101.jpg
Men's Fashion,Cotton Polo Shirt For Men's,12878,550,https://www.dropshipping.com.bd/public/storage/images/product_thumbnail_img/thumb_69b7e7260a16e_1773659942.jpg
Men's Fashion,Cotton Polo Shirt For Men's,12877,550,https://www.dropshipping.com.bd/public/storage/images/product_thumbnail_img/thumb_69ad89971e12d_1772980631.jpg
Men's Fashion,Election Campaign Premium Cap,12874,250,https://www.dropshipping.com.bd/public/storage/images/product_thumbnail_img/thumb_69978633e6aa1.jpg
Men's Fashion,Election Campaign Premium Cap,12873,250,https://www.dropshipping.com.bd/public/storage/images/product_thumbnail_img/thumb_6997863345da2.jpg
Men's Fashion,Election Campaign Premium Cap,12872,250,https://www.dropshipping.com.bd/public/storage/images/product_thumbnail_img/thumb_69978632a5f73.jpg
Men's Fashion,Election Campaign Premium Cap,12871,250,https://www.dropshipping.com.bd/public/storage/images/product_thumbnail_img/thumb_699786320378e.jpg
Men's Fashion,Election Campaign Premium Cap,12870,250,https://www.dropshipping.com.bd/public/storage/images/product_thumbnail_img/thumb_6997863152564.jpg
Men's Fashion,Election Campaign Premium Cap,12869,250,https://www.dropshipping.com.bd/public/storage/images/product_thumbnail_img/thumb_69978630a98f4.jpg
Men's Fashion,Men's Cotton luxury Punjabi,12851,990,https://www.dropshipping.com.bd/public/storage/images/product_thumbnail_img/thumb_69c8ae4f57f67_1774759503.jpg
Men's Fashion,Men's Cotton luxury Punjabi,12850,990,https://www.dropshipping.com.bd/public/storage/images/product_thumbnail_img/thumb_69c8b8daab5c8_1774762202.jpg
Men's Fashion,Men's Cotton luxury Punjabi,12849,990,https://www.dropshipping.com.bd/public/storage/images/product_thumbnail_img/thumb_69c9f5b9f05b4_1774843321.jpg
Men's Fashion,Men's Cotton luxury Punjabi,12848,990,https://www.dropshipping.com.bd/public/storage/images/product_thumbnail_img/thumb_69cd2abf9d52d_1775053503.jpg
Men's Fashion,Men's Cotton luxury Punjabi,12847,990,https://www.dropshipping.com.bd/public/storage/images/product_thumbnail_img/thumb_69ce7f4b01cbe_1775140683.jpg
Men's Fashion,Men's Cotton luxury Punjabi,12846,990,https://www.dropshipping.com.bd/public/storage/images/product_thumbnail_img/thumb_69c8ae4e581d5_1774759502.jpg
Men's Fashion,Men's Cotton luxury Punjabi,12845,990,https://www.dropshipping.com.bd/public/storage/images/product_thumbnail_img/thumb_69c9fa2e56a1a_1774844462.jpg
Men's Fashion,Men's Cotton luxury Punjabi,12844,990,https://www.dropshipping.com.bd/public/storage/images/product_thumbnail_img/thumb_69c8ba05d48d4_1774762501.jpg
Men's Fashion,Men's Cotton luxury Punjabi,12843,990,https://www.dropshipping.com.bd/public/storage/images/product_thumbnail_img/thumb_69ad338a51d1f_1772958602.jpg
Men's Fashion,Men's Cotton luxury Punjabi,12842,990,https://www.dropshipping.com.bd/public/storage/images/product_thumbnail_img/thumb_69d117c868802_1775310792.jpg
Men's Fashion,Men's Cotton luxury Punjabi,12841,990,https://www.dropshipping.com.bd/public/storage/images/product_thumbnail_img/thumb_69c8add5e2c80_1774759381.jpg
Men's Fashion,Men's Cotton luxury Punjabi,12840,990,https://www.dropshipping.com.bd/public/storage/images/product_thumbnail_img/thumb_69c9fa6b6680f_1774844523.jpg
Men's Fashion,Men's Cotton luxury Punjabi,12839,990,https://www.dropshipping.com.bd/public/storage/images/product_thumbnail_img/thumb_69c8b60bcdab8_1774761483.jpg
Men's Fashion,Men's Cotton luxury Punjabi,12838,990,https://www.dropshipping.com.bd/public/storage/images/product_thumbnail_img/thumb_69cc15f51f558_1774982645.jpg
Men's Fashion,Men's Cotton luxury Punjabi,12837,990,https://www.dropshipping.com.bd/public/storage/images/product_thumbnail_img/thumb_69b65bff24d26_1773558783.jpg
Men's Fashion,Men's Cotton luxury Punjabi,12836,990,https://www.dropshipping.com.bd/public/storage/images/product_thumbnail_img/thumb_69c8b64c69768_1774761548.jpg
Men's Fashion,Men's Cotton luxury Punjabi,12835,990,https://www.dropshipping.com.bd/public/storage/images/product_thumbnail_img/thumb_69cbc94e1dbf9_1774963022.jpg
Men's Fashion,Men's Cotton luxury Punjabi,12834,990,https://www.dropshipping.com.bd/public/storage/images/product_thumbnail_img/thumb_69c8b4a30d7b2_1774761123.jpg
Men's Fashion,Men's Cotton luxury Punjabi,12832,990,https://www.dropshipping.com.bd/public/storage/images/product_thumbnail_img/thumb_69d223a555bfa_1775379365.jpg
Men's Fashion,Men's Cotton luxury Punjabi,12831,990,https://www.dropshipping.com.bd/public/storage/images/product_thumbnail_img/thumb_69b584131aad0_1773503507.jpg
Men's Fashion,Cotton Polo Shirt For Men's,12830,550,https://www.dropshipping.com.bd/public/storage/images/product_thumbnail_img/thumb_69978610744b3.jpg
Men's Fashion,Cotton Polo Shirt For Men's,12829,550,https://www.dropshipping.com.bd/public/storage/images/product_thumbnail_img/thumb_69b7fda603a38_1773665702.jpg
Men's Fashion,Cotton Polo Shirt For Men's,12828,550,https://www.dropshipping.com.bd/public/storage/images/product_thumbnail_img/thumb_69b7e365e5e6f_1773658981.jpg
Men's Fashion,Cotton Polo Shirt For Men's,12827,550,https://www.dropshipping.com.bd/public/storage/images/product_thumbnail_img/thumb_69ca7df391d09_1774878195.jpg
Men's Fashion,Premium Election Campaign T-Shirt,12822,490,https://www.dropshipping.com.bd/public/storage/images/product_thumbnail_img/thumb_6997860ac11b1.jpg
Men's Fashion,Premium Election Campaign T-Shirt,12821,490,https://www.dropshipping.com.bd/public/storage/images/product_thumbnail_img/thumb_6997860a4724d.jpg
Men's Fashion,Premium Election Campaign Punjabi,12820,490,https://www.dropshipping.com.bd/public/storage/images/product_thumbnail_img/thumb_699c0889da512_1771833481.jpg
Men's Fashion,Premium Election Campaign T-Shirt,12819,490,https://www.dropshipping.com.bd/public/storage/images/product_thumbnail_img/thumb_6997860904380.jpg
Men's Fashion,Jersey Fabrics T-Shirt (Green) পাতল,12818,150,https://www.dropshipping.com.bd/public/storage/images/product_thumbnail_img/thumb_699786086a2b0.jpg
Men's Fashion,Pure Cotton Full sleeve Shirt,12781,690,https://www.dropshipping.com.bd/public/storage/images/product_thumbnail_img/thumb_69d3584dd57c7_1775458381.jpg
Men's Fashion,Pure Cotton Full sleeve Shirt,12782,690,https://www.dropshipping.com.bd/public/storage/images/product_thumbnail_img/thumb_69a7bdba869b6_1772600762.jpg
Men's Fashion,Pure Cotton Full sleeve Shirt,12783,690,https://www.dropshipping.com.bd/public/storage/images/product_thumbnail_img/thumb_69a7ba36c813c_1772599862.jpg
Men's Fashion,Pure Cotton Full sleeve Shirt,12785,690,https://www.dropshipping.com.bd/public/storage/images/product_thumbnail_img/thumb_69a84a2e3757c_1772636718.jpg
Men's Fashion,Premium Election Campaign T-Shirt,12790,190,https://www.dropshipping.com.bd/public/storage/images/product_thumbnail_img/thumb_69777f3b6b25e.jpg
Men's Fashion,Pure Cotton Full sleeve Shirt,12786,690,https://www.dropshipping.com.bd/public/storage/images/product_thumbnail_img/thumb_69c8d1eea3e18_1774768622.jpg
Men's Fashion,Premium Election Campaign T-Shirt,12791,190,https://www.dropshipping.com.bd/public/storage/images/product_thumbnail_img/thumb_69777f3abe965.jpg
Men's Fashion,Premium Election Campaign T-Shirt,12792,190,https://www.dropshipping.com.bd/public/storage/images/product_thumbnail_img/thumb_69777f3a3c9a4.jpg
Men's Fashion,Premium Election Campaign T-Shirt,12794,190,https://www.dropshipping.com.bd/public/storage/images/product_thumbnail_img/thumb_69777f39194ed.jpg
Men's Fashion,Premium Election Campaign T-Shirt,12796,190,https://www.dropshipping.com.bd/public/storage/images/product_thumbnail_img/thumb_69777f383d963.jpg
Men's Fashion,Premium Election Campaign T-Shirt,12797,190,https://www.dropshipping.com.bd/public/storage/images/product_thumbnail_img/thumb_69777f3791532.jpg
Men's Fashion,অফ-হোয়াইট রেবি স্ট্রেচ্ চেইন ন্যার,12798,690,https://www.dropshipping.com.bd/public/storage/images/product_thumbnail_img/thumb_69777f350a0ce.jpg
Men's Fashion,শাটন গ্লেজি স্ট্রেচ ন্যারো পায়জামা,12799,790,https://www.dropshipping.com.bd/public/storage/images/product_thumbnail_img/thumb_69777f343a3a1.jpg
Men's Fashion,অফ-হোয়াইট মাইক্রো স্ট্রেচ্ চেইন ন্,12800,650,https://www.dropshipping.com.bd/public/storage/images/product_thumbnail_img/thumb_69777f32f14cf.jpg
Men's Fashion,অফ-হোয়াইট রেবি স্ট্রেচ্ চেইন ন্যার,12798,690,https://www.dropshipping.com.bd/public/storage/images/product_thumbnail_img/thumb_69d11b0c7345f_1775311628.jpg
Men's Fashion,অফ-হোয়াইট মাইক্রো স্ট্রেচ্ চেইন ন্,12800,650,https://www.dropshipping.com.bd/public/storage/images/product_thumbnail_img/thumb_69cdf9eee2dc4_1775106542.jpg
Men's Fashion,Premium Election Campaign Polo T-Sh,12804,350,https://www.dropshipping.com.bd/public/storage/images/product_thumbnail_img/thumb_69777f2c7d501.jpg
Men's Fashion,Stylish Comfortable sports T-Shirt(,12817,150,https://www.dropshipping.com.bd/public/storage/images/product_thumbnail_img/thumb_69777f21877dc.jpg
Men's Fashion,Jersey Fabrics T-Shirt (Orange) পাত,12817,150,https://www.dropshipping.com.bd/public/storage/images/product_thumbnail_img/thumb_69a7508336186_1772572803.jpg
Men's Fashion,Unique Design Cotton T-Shirt,11013,290,https://www.dropshipping.com.bd/public/storage/images/product_thumbnail_img/thumb_69b7c529f3884_1773651241.jpg
Men's Fashion,Unique Design Cotton T-Shirt,11012,290,https://www.dropshipping.com.bd/public/storage/images/product_thumbnail_img/thumb_69b7da41c1e68_1773656641.jpg
Men's Fashion,Unique Design Cotton T-Shirt,11011,290,https://www.dropshipping.com.bd/public/storage/images/product_thumbnail_img/thumb_69b7c961d7f39_1773652321.jpg
Men's Fashion,Unique Design Cotton T-Shirt,11010,290,https://www.dropshipping.com.bd/public/storage/images/product_thumbnail_img/thumb_69b7a81a62f72_1773643802.jpg
Men's Fashion,Unique Design Cotton T-Shirt,11009,290,https://www.dropshipping.com.bd/public/storage/images/product_thumbnail_img/thumb_6997814121a44.jpg
Men's Fashion,Unique Design Cotton T-Shirt,11008,290,https://www.dropshipping.com.bd/public/storage/images/product_thumbnail_img/thumb_69b7d735ebabd_1773655861.jpg
Men's Fashion,Unique Design Cotton T-Shirt,11007,290,https://www.dropshipping.com.bd/public/storage/images/product_thumbnail_img/thumb_69b7c83681688_1773652022.jpg
Men's Fashion,Unique Design Cotton T-Shirt,11006,290,https://www.dropshipping.com.bd/public/storage/images/product_thumbnail_img/thumb_69b7d24a0ea01_1773654602.jpg
Men's Fashion,Unique Design Cotton T-Shirt,11005,290,https://www.dropshipping.com.bd/public/storage/images/product_thumbnail_img/thumb_69b7cbb9a50a6_1773652921.jpg
Men's Fashion,Unique Design Cotton T-Shirt,11004,290,https://www.dropshipping.com.bd/public/storage/images/product_thumbnail_img/thumb_69b7c7be436b2_1773651902.jpg
Men's Fashion,Unique Design Cotton T-Shirt,11003,290,https://www.dropshipping.com.bd/public/storage/images/product_thumbnail_img/thumb_69b7cb057f3f9_1773652741.jpg
Men's Fashion,Unique Design Cotton T-Shirt,11002,290,https://www.dropshipping.com.bd/public/storage/images/product_thumbnail_img/thumb_69cb4f7ee7615_1774931838.jpg
Men's Fashion,Unique Design Cotton T-Shirt,11001,290,https://www.dropshipping.com.bd/public/storage/images/product_thumbnail_img/thumb_69b7c9d9ea5c7_1773652441.jpg
Men's Fashion,Unique Design Cotton T-Shirt,11000,290,https://www.dropshipping.com.bd/public/storage/images/product_thumbnail_img/thumb_69b7d5564348f_1773655382.jpg
Men's Fashion,Unique Design Cotton T-Shirt,10999,290,https://www.dropshipping.com.bd/public/storage/images/product_thumbnail_img/thumb_69d3bd8ea08ba_1775484302.jpg
Men's Fashion,Unique Design Cotton T-Shirt,10998,290,https://www.dropshipping.com.bd/public/storage/images/product_thumbnail_img/thumb_69b7c0f1b6bc1_1773650161.jpg
Men's Fashion,Unique Design Cotton T-Shirt,10997,290,https://www.dropshipping.com.bd/public/storage/images/product_thumbnail_img/thumb_69b7cce651dd6_1773653222.jpg
Men's Fashion,Unique Design Cotton T-Shirt,10996,290,https://www.dropshipping.com.bd/public/storage/images/product_thumbnail_img/thumb_69b7c002af30e_1773649922.jpg
Men's Fashion,Unique Design Cotton T-Shirt,10995,290,https://www.dropshipping.com.bd/public/storage/images/product_thumbnail_img/thumb_69b7d2c1c6e09_1773654721.jpg
Men's Fashion,Unique Design Cotton T-Shirt,10994,290,https://www.dropshipping.com.bd/public/storage/images/product_thumbnail_img/thumb_69b7c25a0ddf8_1773650522.jpg
Men's Fashion,Unique Design Cotton T-Shirt,10993,290,https://www.dropshipping.com.bd/public/storage/images/product_thumbnail_img/thumb_69b7daba04614_1773656762.jpg
Men's Fashion,Unique Design Cotton T-Shirt,10992,290,https://www.dropshipping.com.bd/public/storage/images/product_thumbnail_img/thumb_69b7d51992736_1773655321.jpg
Men's Fashion,Unique Design Cotton T-Shirt,10991,290,https://www.dropshipping.com.bd/public/storage/images/product_thumbnail_img/thumb_69b7de02629f7_1773657602.jpg
Men's Fashion,Unique Design Cotton T-Shirt,10990,290,https://www.dropshipping.com.bd/public/storage/images/product_thumbnail_img/thumb_69978126b2542.jpg
Men's Fashion,Unique Design Cotton T-Shirt,10989,290,https://www.dropshipping.com.bd/public/storage/images/product_thumbnail_img/thumb_69b7dd8bdc4e5_1773657483.jpg
Men's Fashion,Unique Design Cotton T-Shirt,10988,290,https://www.dropshipping.com.bd/public/storage/images/product_thumbnail_img/thumb_699781233dcd2.jpg
Men's Fashion,Unique Design Cotton T-Shirt,10987,290,https://www.dropshipping.com.bd/public/storage/images/product_thumbnail_img/thumb_69b7dd8a102d3_1773657482.jpg
Men's Fashion,Unique Design Cotton T-Shirt,10986,290,https://www.dropshipping.com.bd/public/storage/images/product_thumbnail_img/thumb_69b7d6f9ba124_1773655801.jpg
Men's Fashion,Unique Design Cotton T-Shirt,10985,290,https://www.dropshipping.com.bd/public/storage/images/product_thumbnail_img/thumb_69b7c8ea0ece7_1773652202.jpg
Men's Fashion,Unique Design Cotton T-Shirt,10984,290,https://www.dropshipping.com.bd/public/storage/images/product_thumbnail_img/thumb_69b7ca520e1f0_1773652562.jpg
Men's Fashion,Unique Design Cotton T-Shirt,10983,290,https://www.dropshipping.com.bd/public/storage/images/product_thumbnail_img/thumb_69b7d825e9f16_1773656101.jpg
Men's Fashion,Unique Design Cotton T-Shirt,10982,290,https://www.dropshipping.com.bd/public/storage/images/product_thumbnail_img/thumb_69b7ce898ee8b_1773653641.jpg
Men's Fashion,Exclusive Design Cotton T -  shirt,9256,295,https://www.dropshipping.com.bd/public/storage/images/product_thumbnail_img/thumb_69977c046de41.jpg
Men's Fashion,Exclusive Design Cotton T -  shirt,9253,295,https://www.dropshipping.com.bd/public/storage/images/product_thumbnail_img/thumb_69977c0336baa.jpg
Men's Fashion,Exclusive Design Cotton T -  shirt,9252,295,https://www.dropshipping.com.bd/public/storage/images/product_thumbnail_img/thumb_69977c029d3ca.jpg
Men's Fashion,Exclusive Design Cotton T -  shirt,9251,295,https://www.dropshipping.com.bd/public/storage/images/product_thumbnail_img/thumb_69977c01e7e8f.jpg
Men's Fashion,Exclusive Design Cotton T -  shirt,9250,295,https://www.dropshipping.com.bd/public/storage/images/product_thumbnail_img/thumb_69977c01407ce.jpg
Men's Fashion,Exclusive Design Cotton T -  shirt,9248,295,https://www.dropshipping.com.bd/public/storage/images/product_thumbnail_img/thumb_69977c0023aed.jpg
Men's Fashion,Exclusive Design Cotton T -  shirt,9244,295,https://www.dropshipping.com.bd/public/storage/images/product_thumbnail_img/thumb_69977bfeb5697.jpg
Men's Fashion,Exclusive Design Cotton T -  shirt,9243,295,https://www.dropshipping.com.bd/public/storage/images/product_thumbnail_img/thumb_699c088c9a166_1771833484.jpg
Men's Fashion,Exclusive Design Cotton T -  shirt,9242,295,https://www.dropshipping.com.bd/public/storage/images/product_thumbnail_img/thumb_69977bfd7dfdc.jpg
Men's Fashion,Exclusive Design Cotton T -  shirt,9240,295,https://www.dropshipping.com.bd/public/storage/images/product_thumbnail_img/thumb_69977bfc8b9a3.jpg
Men's Fashion,Premium calligraphy Full Sleeve T-S,12673,350,https://www.dropshipping.com.bd/public/storage/images/product_thumbnail_img/thumb_6997859f3749e.jpg
Men's Fashion,Cotton Polo Shirt For Men's,12612,550,https://www.dropshipping.com.bd/public/storage/images/product_thumbnail_img/thumb_69b14fac6d9da_1773227948.jpg
Men's Fashion,Cotton Polo Shirt For Men's,12611,550,https://www.dropshipping.com.bd/public/storage/images/product_thumbnail_img/thumb_6997856e2ed39.jpg
Men's Fashion,Premium calligraphy Full Sleeve T-S,12574,350,https://www.dropshipping.com.bd/public/storage/images/product_thumbnail_img/thumb_6997854fcd9f1.jpg
Men's Fashion,Premium calligraphy Full Sleeve T-S,12573,350,https://www.dropshipping.com.bd/public/storage/images/product_thumbnail_img/thumb_6997854f1ca71.jpg
Men's Fashion,Premium calligraphy Full Sleeve T-S,12572,350,https://www.dropshipping.com.bd/public/storage/images/product_thumbnail_img/thumb_6997854e58ed8.jpg
Men's Fashion,Men's Stylish Winter Hoodie,12546,690,https://www.dropshipping.com.bd/public/storage/images/product_thumbnail_img/thumb_6997853fc8d50.jpg
Men's Fashion,Men's Stylish Winter Hoodie,12545,690,https://www.dropshipping.com.bd/public/storage/images/product_thumbnail_img/thumb_6997853f3fe38.jpg
Men's Fashion,Men's Stylish Winter Hoodie,12544,690,https://www.dropshipping.com.bd/public/storage/images/product_thumbnail_img/thumb_6997853ea999d.jpg
Men's Fashion,Men's Stylish Winter Hoodie,12543,690,https://www.dropshipping.com.bd/public/storage/images/product_thumbnail_img/thumb_6997853e1f72c.jpg
Men's Fashion,Men's Stylish Winter Hoodie,12542,690,https://www.dropshipping.com.bd/public/storage/images/product_thumbnail_img/thumb_6997853d67b02.jpg
Men's Fashion,Men's Stylish Winter Hoodie,12541,690,https://www.dropshipping.com.bd/public/storage/images/product_thumbnail_img/thumb_6997853cc012d.jpg
Men's Fashion,Men's Stylish Winter Hoodie,12521,690,https://www.dropshipping.com.bd/public/storage/images/product_thumbnail_img/thumb_699785325d1ad.jpg
Men's Fashion,Men's Stylish Winter Hoodie,12520,690,https://www.dropshipping.com.bd/public/storage/images/product_thumbnail_img/thumb_69978531d4873.jpg
Men's Fashion,Men's Stylish Winter Hoodie,12519,690,https://www.dropshipping.com.bd/public/storage/images/product_thumbnail_img/thumb_699785315c303.jpg
Men's Fashion,Men's Stylish Winter Hoodie,12518,690,https://www.dropshipping.com.bd/public/storage/images/product_thumbnail_img/thumb_69978530dbcba.jpg
Men's Fashion,Men's Stylish Winter Hoodie,12517,690,https://www.dropshipping.com.bd/public/storage/images/product_thumbnail_img/thumb_699785304d17b.jpg
Men's Fashion,Men's Stylish Winter Hoodie,12516,690,https://www.dropshipping.com.bd/public/storage/images/product_thumbnail_img/thumb_6997852fcf90e.jpg
Men's Fashion,Men's Stylish Winter Hoodie,12513,690,https://www.dropshipping.com.bd/public/storage/images/product_thumbnail_img/thumb_6997852bb02dd.jpg
Men's Fashion,Men's Stylish Winter Hoodie,12510,690,https://www.dropshipping.com.bd/public/storage/images/product_thumbnail_img/thumb_6997852a57dbf.jpg
Men's Fashion,Men's Stylish Winter Hoodie,12509,690,https://www.dropshipping.com.bd/public/storage/images/product_thumbnail_img/thumb_69978529bd4f9.jpg
Men's Fashion,Men's Stylish Winter Hoodie,12508,690,https://www.dropshipping.com.bd/public/storage/images/product_thumbnail_img/thumb_699785291ff0f.jpg
Men's Fashion,Exclusive Premium Indian Panjabi (W,12498,2690,https://www.dropshipping.com.bd/public/storage/images/product_thumbnail_img/thumb_69a6b2cea04ba_1772532430.jpg
Men's Fashion,Men's Stylish Drop Shoulder (Army G,12493,490,https://www.dropshipping.com.bd/public/storage/images/product_thumbnail_img/thumb_6997852136211.jpg
Men's Fashion,Men's Stylish Drop Shoulder (Army G,12492,490,https://www.dropshipping.com.bd/public/storage/images/product_thumbnail_img/thumb_69978520ae46c.jpg
Men's Fashion,Men's Stylish Drop Shoulder (Army G,12491,490,https://www.dropshipping.com.bd/public/storage/images/product_thumbnail_img/thumb_6997852033955.jpg
Men's Fashion,Men's Stylish Drop Shoulder (Army G,12490,490,https://www.dropshipping.com.bd/public/storage/images/product_thumbnail_img/thumb_6997851f86e6b.jpg
Men's Fashion,Men's Stylish Drop Shoulder (Army G,12489,490,https://www.dropshipping.com.bd/public/storage/images/product_thumbnail_img/thumb_6997851ee705d.jpg
Men's Fashion,Men's Stylish Drop Shoulder (Army G,12488,450,https://www.dropshipping.com.bd/public/storage/images/product_thumbnail_img/thumb_6997851e70aa6.jpg
Men's Fashion,Premium calligraphy Full Sleeve T-S,12452,350,https://www.dropshipping.com.bd/public/storage/images/product_thumbnail_img/thumb_6997850033c9f.jpg
Men's Fashion,3 pcs Full Sleeve T-Shirt Combo,12447,890,https://www.dropshipping.com.bd/public/storage/images/product_thumbnail_img/thumb_699fcb5b65677_1772079963.jpg
Men's Fashion,3 pcs Full Sleeve T-Shirt Combo,12446,890,https://www.dropshipping.com.bd/public/storage/images/product_thumbnail_img/thumb_699fcb991478e_1772080025.jpg
Men's Fashion,3 pcs Full Sleeve T-Shirt Combo,12443,890,https://www.dropshipping.com.bd/public/storage/images/product_thumbnail_img/thumb_699fcb97ec91b_1772080023.jpg
Men's Fashion,3 pcs Full Sleeve T-Shirt Combo,12442,890,https://www.dropshipping.com.bd/public/storage/images/product_thumbnail_img/thumb_699784fa8cdbc.jpg
Men's Fashion,3 pcs Full Sleeve T-Shirt Combo,12441,890,https://www.dropshipping.com.bd/public/storage/images/product_thumbnail_img/thumb_699fcb963fb3c_1772080022.jpg
Men's Fashion,Cotton Polo Shirt For Men's,12373,550,https://www.dropshipping.com.bd/public/storage/images/product_thumbnail_img/thumb_69cbd6706aaef_1774966384.jpg
Men's Fashion,Cotton Polo Shirt For Men's,12372,550,https://www.dropshipping.com.bd/public/storage/images/product_thumbnail_img/thumb_699784c6328f6.jpg
Men's Fashion,Cotton Polo Shirt For Men's,12371,550,https://www.dropshipping.com.bd/public/storage/images/product_thumbnail_img/thumb_69b2a37edaa55_1773314942.jpg
Men's Fashion,Cotton Polo Shirt For Men's,12370,550,https://www.dropshipping.com.bd/public/storage/images/product_thumbnail_img/thumb_699784c54ae30.jpg
Men's Fashion,Cotton Polo Shirt For Men's,12268,550,https://www.dropshipping.com.bd/public/storage/images/product_thumbnail_img/thumb_69b6d840d74e6_1773590592.jpg
Men's Fashion,Cotton Polo Shirt For Men's,12267,550,https://www.dropshipping.com.bd/public/storage/images/product_thumbnail_img/thumb_699784737b4cb.jpg
Men's Fashion,Cotton Polo Shirt For Men's,12266,550,https://www.dropshipping.com.bd/public/storage/images/product_thumbnail_img/thumb_6997847300282.jpg
Men's Fashion,Cotton Polo Shirt For Men's,12265,550,https://www.dropshipping.com.bd/public/storage/images/product_thumbnail_img/thumb_699784725e369.jpg
Men's Fashion,Cotton Polo Shirt For Men's,12264,550,https://www.dropshipping.com.bd/public/storage/images/product_thumbnail_img/thumb_69b14faad5d56_1773227946.jpg
Men's Fashion,Cotton Polo Shirt For Men's,12263,550,https://www.dropshipping.com.bd/public/storage/images/product_thumbnail_img/thumb_69b14fabb64b6_1773227947.jpg
Men's Fashion,Cotton Polo Shirt For Men's,12261,550,https://www.dropshipping.com.bd/public/storage/images/product_thumbnail_img/thumb_699784700816a.jpg
Men's Fashion,Cotton Polo Shirt For Men's,12259,550,https://www.dropshipping.com.bd/public/storage/images/product_thumbnail_img/thumb_69b6d83e7e365_1773590590.jpg
Men's Fashion,SKMEI 2298 Digital Stainless Steel,12244,1390,https://www.dropshipping.com.bd/public/storage/images/product_thumbnail_img/thumb_699784640e22e.jpg
Men's Fashion,Men's New Concept Stylish Winter Se,12213,850,https://www.dropshipping.com.bd/public/storage/images/product_thumbnail_img/thumb_69a671db432ad_1772515803.jpg
Men's Fashion,Premium Denim Sherpa Lined Jacket,12124,1750,https://www.dropshipping.com.bd/public/storage/images/product_thumbnail_img/thumb_6997841e755cf.jpg
Men's Fashion,Stylish Premium Kids Hoodie,12091,590,https://www.dropshipping.com.bd/public/storage/images/product_thumbnail_img/thumb_6997840d0672a.jpg
Men's Fashion,Men's Stylish Hoodie & Stylish Wint,11931,990,https://www.dropshipping.com.bd/public/storage/images/product_thumbnail_img/thumb_699783bb8dd33.jpg
Men's Fashion,Stylish Premium Kids Hoodie,11751,590,https://www.dropshipping.com.bd/public/storage/images/product_thumbnail_img/thumb_69978362f1b70.jpg
Men's Fashion,Full Sleeve Sweat Shirt  on both si,11704,790,https://www.dropshipping.com.bd/public/storage/images/product_thumbnail_img/thumb_6997834c66e59.jpg
Men's Fashion,Full Sleeve Sweat Shirt  on both si,11703,790,https://www.dropshipping.com.bd/public/storage/images/product_thumbnail_img/thumb_6997834b3ed33.jpg
Men's Fashion,Full Sleeve Sweat Shirt  on both si,11700,790,https://www.dropshipping.com.bd/public/storage/images/product_thumbnail_img/thumb_69978348cb450.jpg
Men's Fashion,Full sleeves double pocket kemo pri,11685,750,https://www.dropshipping.com.bd/public/storage/images/product_thumbnail_img/thumb_69a04c7e851cf_1772113022.jpg
Men's Fashion,Full sleeves double pocket kemo pri,11684,750,https://www.dropshipping.com.bd/public/storage/images/product_thumbnail_img/thumb_69a43635caa18_1772369461.jpg
Men's Fashion,Full sleeves double pocket kemo pri,11683,750,https://www.dropshipping.com.bd/public/storage/images/product_thumbnail_img/thumb_69a04c4275fff_1772112962.jpg
Men's Fashion,Full sleeves double pocket kemo pri,11682,750,https://www.dropshipping.com.bd/public/storage/images/product_thumbnail_img/thumb_69a04c0696db0_1772112902.jpg
Men's Fashion,Full sleeves double pocket kemo pri,11680,750,https://www.dropshipping.com.bd/public/storage/images/product_thumbnail_img/thumb_6997833b2440f.jpg
Men's Fashion,Full sleeves double pocket kemo pri,11678,750,https://www.dropshipping.com.bd/public/storage/images/product_thumbnail_img/thumb_69b12cc0c33d1_1773219008.jpg
Men's Fashion,Full sleeves double pocket kemo pri,11677,750,https://www.dropshipping.com.bd/public/storage/images/product_thumbnail_img/thumb_69978338e3d62.jpg
Men's Fashion,Full sleeves double pocket panel Sh,11676,799,https://www.dropshipping.com.bd/public/storage/images/product_thumbnail_img/thumb_6997833803002.jpg
Men's Fashion,Full sleeves double pocket panel Sh,11675,799,https://www.dropshipping.com.bd/public/storage/images/product_thumbnail_img/thumb_69abd08375a59_1772867715.jpg
Men's Fashion,Full sleeves double pocket panel Sh,11674,799,https://www.dropshipping.com.bd/public/storage/images/product_thumbnail_img/thumb_69b657596506e_1773557593.jpg
Men's Fashion,Full sleeves double pocket panel Sh,11673,799,https://www.dropshipping.com.bd/public/storage/images/product_thumbnail_img/thumb_69d371dad4e68_1775464922.jpg
Men's Fashion,Full sleeves double pocket panel Sh,11672,799,https://www.dropshipping.com.bd/public/storage/images/product_thumbnail_img/thumb_6997833451f14.jpg
Men's Fashion,Full sleeves double pocket panel Sh,11671,799,https://www.dropshipping.com.bd/public/storage/images/product_thumbnail_img/thumb_69b6575a4dd7b_1773557594.jpg
Men's Fashion,Full sleeves double pocket panel Sh,11670,799,https://www.dropshipping.com.bd/public/storage/images/product_thumbnail_img/thumb_69ca7dee825a0_1774878190.jpg
Men's Fashion,Full sleeves double pocket panel Sh,11669,799,https://www.dropshipping.com.bd/public/storage/images/product_thumbnail_img/thumb_6997833157f6c.jpg
Men's Fashion,Full sleeves double pocket panel Sh,11668,799,https://www.dropshipping.com.bd/public/storage/images/product_thumbnail_img/thumb_69b6575b1faac_1773557595.jpg
Men's Fashion,Full sleeves double pocket panel Sh,11667,799,https://www.dropshipping.com.bd/public/storage/images/product_thumbnail_img/thumb_699783300e5ad.jpg
Men's Fashion,Full sleeves double pocket panel Sh,11665,799,https://www.dropshipping.com.bd/public/storage/images/product_thumbnail_img/thumb_6997832f2f2f4.jpg
Men's Fashion,Full sleeves double pocket Shirt,11664,750,https://www.dropshipping.com.bd/public/storage/images/product_thumbnail_img/thumb_69d2209721935_1775378583.jpg
Men's Fashion,Full sleeves double pocket Shirt,11663,750,https://www.dropshipping.com.bd/public/storage/images/product_thumbnail_img/thumb_69b5383881fc0_1773484088.jpg
Men's Fashion,Full sleeves double pocket Shirt,11662,750,https://www.dropshipping.com.bd/public/storage/images/product_thumbnail_img/thumb_69a9201b39a49_1772691483.jpg
Men's Fashion,Full sleeves double pocket Shirt,11661,750,https://www.dropshipping.com.bd/public/storage/images/product_thumbnail_img/thumb_69c8ae11a0fe2_1774759441.jpg
Men's Fashion,Full sleeves double pocket Shirt,11660,750,https://www.dropshipping.com.bd/public/storage/images/product_thumbnail_img/thumb_69b29cfd11272_1773313277.jpg
Men's Fashion,Full sleeves double pocket Shirt,11659,750,https://www.dropshipping.com.bd/public/storage/images/product_thumbnail_img/thumb_69b5383b70185_1773484091.jpg
Men's Fashion,Full sleeves double pocket Shirt,11658,750,https://www.dropshipping.com.bd/public/storage/images/product_thumbnail_img/thumb_69d2209648ee6_1775378582.jpg
Men's Fashion,Full sleeve Denim Shirt,11643,750,https://www.dropshipping.com.bd/public/storage/images/product_thumbnail_img/thumb_699783218bbc9.jpg
Men's Fashion,Full sleeve Denim Shirt,11642,750,https://www.dropshipping.com.bd/public/storage/images/product_thumbnail_img/thumb_699783210de3e.jpg
Men's Fashion,Full sleeve Denim Shirt,11641,750,https://www.dropshipping.com.bd/public/storage/images/product_thumbnail_img/thumb_699783206d6f4.jpg
Men's Fashion,Full sleeve Denim Shirt,11640,750,https://www.dropshipping.com.bd/public/storage/images/product_thumbnail_img/thumb_69c8b7ae71527_1774761902.jpg
Men's Fashion,Full sleeve Denim Shirt,11639,750,https://www.dropshipping.com.bd/public/storage/images/product_thumbnail_img/thumb_6997831f4d2a8.jpg
Men's Fashion,Full sleeve Denim Shirt,11638,750,https://www.dropshipping.com.bd/public/storage/images/product_thumbnail_img/thumb_6997831ec88c3.jpg
Men's Fashion,Full sleeves double pocket Shirt,11637,699,https://www.dropshipping.com.bd/public/storage/images/product_thumbnail_img/thumb_69b65da296704_1773559202.jpg
Men's Fashion,Full sleeves double pocket Shirt,11636,699,https://www.dropshipping.com.bd/public/storage/images/product_thumbnail_img/thumb_69cd2ac99b077_1775053513.jpg
Men's Fashion,Full sleeves double pocket Shirt,11635,699,https://www.dropshipping.com.bd/public/storage/images/product_thumbnail_img/thumb_69d32fc2512f5_1775448002.jpg
Men's Fashion,Full sleeves double pocket Shirt,11634,699,https://www.dropshipping.com.bd/public/storage/images/product_thumbnail_img/thumb_69cd2ac850e08_1775053512.jpg
Men's Fashion,Full sleeves double pocket Shirt(Cr,11633,699,https://www.dropshipping.com.bd/public/storage/images/product_thumbnail_img/thumb_69c9f79c3d1ae_1774843804.jpg
Men's Fashion,Full sleeves double pocket Shirt,11631,699,https://www.dropshipping.com.bd/public/storage/images/product_thumbnail_img/thumb_69c8b7ed3b3dc_1774761965.jpg
Men's Fashion,Full sleeves double pocket Shirt,11630,699,https://www.dropshipping.com.bd/public/storage/images/product_thumbnail_img/thumb_69d32fc343ae3_1775448003.jpg
Men's Fashion,Pure Cotton full Sleeve Shirt for M,11499,780,https://www.dropshipping.com.bd/public/storage/images/product_thumbnail_img/thumb_69a7f7265630b_1772615462.jpg
Men's Fashion,Pure Cotton full Sleeve Shirt for M,11498,780,https://www.dropshipping.com.bd/public/storage/images/product_thumbnail_img/thumb_69a7f27640b73_1772614262.jpg
Men's Fashion,Pure Cotton full Sleeve Shirt for M,11497,780,https://www.dropshipping.com.bd/public/storage/images/product_thumbnail_img/thumb_69a7f4ce8dcf1_1772614862.jpg
Men's Fashion,Pure Cotton full Sleeve Shirt for M,11496,780,https://www.dropshipping.com.bd/public/storage/images/product_thumbnail_img/thumb_69b7bb52c1b8c_1773648722.jpg
Men's Fashion,Pure Cotton full Sleeve Shirt for M,11495,780,https://www.dropshipping.com.bd/public/storage/images/product_thumbnail_img/thumb_69a7f49320920_1772614803.jpg
Men's Fashion,Pure Cotton full Sleeve Shirt for M,11494,780,https://www.dropshipping.com.bd/public/storage/images/product_thumbnail_img/thumb_69a7f149d50da_1772613961.jpg
Men's Fashion,Pure Cotton full Sleeve Shirt for M,11493,780,https://www.dropshipping.com.bd/public/storage/images/product_thumbnail_img/thumb_69ae8eec990d0_1773047532.jpg
Men's Fashion,Pure Cotton full Sleeve Shirt for M,11492,780,https://www.dropshipping.com.bd/public/storage/images/product_thumbnail_img/thumb_69a7e4de837cd_1772610782.jpg
Men's Fashion,Pure Cotton full Sleeve Shirt for M,11491,780,https://www.dropshipping.com.bd/public/storage/images/product_thumbnail_img/thumb_69a7ee79b89c7_1772613241.jpg
Men's Fashion,Pure Cotton full Sleeve Shirt for M,11490,780,https://www.dropshipping.com.bd/public/storage/images/product_thumbnail_img/thumb_69a7ec23222df_1772612643.jpg
Men's Fashion,Pure Cotton full Sleeve Shirt for M,11489,780,https://www.dropshipping.com.bd/public/storage/images/product_thumbnail_img/thumb_69a7e59265370_1772610962.jpg
Men's Fashion,Pure Cotton full Sleeve Shirt for M,11488,780,https://www.dropshipping.com.bd/public/storage/images/product_thumbnail_img/thumb_69a7eb6e259d1_1772612462.jpg
Men's Fashion,Pure Cotton full Sleeve Shirt for M,11487,780,https://www.dropshipping.com.bd/public/storage/images/product_thumbnail_img/thumb_69a7e42b33cac_1772610603.jpg
Men's Fashion,Pure Cotton full Sleeve Shirt 3 Pcs,11486,1620,https://www.dropshipping.com.bd/public/storage/images/product_thumbnail_img/thumb_699782cfd7235.jpg
Men's Fashion,Pop-Corn Full sleeve Shirt,11485,750,https://www.dropshipping.com.bd/public/storage/images/product_thumbnail_img/thumb_69b540de62ee8_1773486302.jpg
Men's Fashion,Pop-Corn Full sleeve Shirt,11484,750,https://www.dropshipping.com.bd/public/storage/images/product_thumbnail_img/thumb_69a7e8dab2e88_1772611802.jpg
Men's Fashion,Tubular Luminous Date watch,11483,1690,https://www.dropshipping.com.bd/public/storage/images/product_thumbnail_img/thumb_69a6a6d2ce351_1772529362.jpg
Men's Fashion,Pure Cotton full Sleeve Shirt for M,11469,550,https://www.dropshipping.com.bd/public/storage/images/product_thumbnail_img/thumb_69a7c53a7fa85_1772602682.jpg
Men's Fashion,Pure Cotton full Sleeve Shirt for M,11468,550,https://www.dropshipping.com.bd/public/storage/images/product_thumbnail_img/thumb_69a6c855ede1e_1772537941.jpg
Men's Fashion,Pure Cotton full Sleeve Shirt for M,11467,550,https://www.dropshipping.com.bd/public/storage/images/product_thumbnail_img/thumb_69a7d3c2e16fd_1772606402.jpg
Men's Fashion,Pure Cotton full Sleeve Shirt for M,11466,550,https://www.dropshipping.com.bd/public/storage/images/product_thumbnail_img/thumb_69c8d1efa5013_1774768623.jpg
Men's Fashion,Pure Cotton full Sleeve Shirt for M,11465,550,https://www.dropshipping.com.bd/public/storage/images/product_thumbnail_img/thumb_69ad7fb7f3811_1772978103.jpg
Men's Fashion,Pure Cotton full Sleeve Shirt for M,11464,550,https://www.dropshipping.com.bd/public/storage/images/product_thumbnail_img/thumb_69a6c6b279e42_1772537522.jpg
Men's Fashion,Pure Cotton full Sleeve Shirt for M,11463,550,https://www.dropshipping.com.bd/public/storage/images/product_thumbnail_img/thumb_69a6c0d675021_1772536022.jpg
Men's Fashion,Pure Cotton full Sleeve Shirt for M,11462,550,https://www.dropshipping.com.bd/public/storage/images/product_thumbnail_img/thumb_69a6dc4220c51_1772543042.jpg
Men's Fashion,Pure Cotton full Sleeve Shirt for M,11461,550,https://www.dropshipping.com.bd/public/storage/images/product_thumbnail_img/thumb_69a7d5dd97fa9_1772606941.jpg
Men's Fashion,Pure Cotton full Sleeve Shirt for M,11459,550,https://www.dropshipping.com.bd/public/storage/images/product_thumbnail_img/thumb_69a6dc7f21161_1772543103.jpg
Men's Fashion,Pure Cotton full Sleeve Shirt for M,11458,550,https://www.dropshipping.com.bd/public/storage/images/product_thumbnail_img/thumb_69a6c09a7e33d_1772535962.jpg
Men's Fashion,Pure Cotton full Sleeve Shirt for M,11456,550,https://www.dropshipping.com.bd/public/storage/images/product_thumbnail_img/thumb_69d3312b39b7c_1775448363.jpg
Men's Fashion,Pure Cotton full Sleeve Shirt for M,11455,550,https://www.dropshipping.com.bd/public/storage/images/product_thumbnail_img/thumb_69a6e07b56b24_1772544123.jpg
Men's Fashion,Pure Cotton full Sleeve Shirt for M,11454,550,https://www.dropshipping.com.bd/public/storage/images/product_thumbnail_img/thumb_69d3312a438c9_1775448362.jpg
Men's Fashion,Pure Cotton full Sleeve Shirt for M,11453,550,https://www.dropshipping.com.bd/public/storage/images/product_thumbnail_img/thumb_69a7d03e7b03c_1772605502.jpg
Men's Fashion,Pure Cotton full Sleeve Shirt for M,11451,550,https://www.dropshipping.com.bd/public/storage/images/product_thumbnail_img/thumb_69a7c4863ef2c_1772602502.jpg
Men's Fashion,Pure Cotton full Sleeve Shirt for M,11450,550,https://www.dropshipping.com.bd/public/storage/images/product_thumbnail_img/thumb_69a7cc425d81a_1772604482.jpg
Men's Fashion,Pure Cotton full Sleeve Shirt for M,11449,550,https://www.dropshipping.com.bd/public/storage/images/product_thumbnail_img/thumb_69a6cb9e52f03_1772538782.jpg
Men's Fashion,Pure Cotton full Sleeve Shirt for M,11448,550,https://www.dropshipping.com.bd/public/storage/images/product_thumbnail_img/thumb_69a6dcf6698b3_1772543222.jpg
Men's Fashion,Pure Cotton full Sleeve Shirt for M,11447,550,https://www.dropshipping.com.bd/public/storage/images/product_thumbnail_img/thumb_69a6dc0632461_1772542982.jpg
Men's Fashion,Pure Cotton full Sleeve Shirt for M,11446,550,https://www.dropshipping.com.bd/public/storage/images/product_thumbnail_img/thumb_69b7bb51f27b8_1773648721.jpg
Men's Fashion,Pure Cotton full Sleeve Shirt for M,11445,550,https://www.dropshipping.com.bd/public/storage/images/product_thumbnail_img/thumb_69a6cb25a429d_1772538661.jpg
Men's Fashion,Pure Cotton full Sleeve Shirt for M,11442,550,https://www.dropshipping.com.bd/public/storage/images/product_thumbnail_img/thumb_69abd1a73eb3e_1772868007.jpg
Men's Fashion,Pure Cotton full Sleeve Shirt for M,11441,550,https://www.dropshipping.com.bd/public/storage/images/product_thumbnail_img/thumb_69a6c8940cc99_1772538004.jpg
Men's Fashion,Pure Cotton full Sleeve Shirt for M,11440,550,https://www.dropshipping.com.bd/public/storage/images/product_thumbnail_img/thumb_69c9fa3316ba6_1774844467.jpg
Men's Fashion,Pure Cotton full Sleeve Shirt for M,11439,550,https://www.dropshipping.com.bd/public/storage/images/product_thumbnail_img/thumb_69a6aff6bfb8a_1772531702.jpg
Men's Fashion,Pure Cotton full Sleeve Shirt for M,11438,550,https://www.dropshipping.com.bd/public/storage/images/product_thumbnail_img/thumb_69d35889e4bca_1775458441.jpg
Men's Fashion,Pure Cotton full Sleeve Shirt for M,11436,550,https://www.dropshipping.com.bd/public/storage/images/product_thumbnail_img/thumb_69c8b86b17a0f_1774762091.jpg
Men's Fashion,Men's Full Sleeve T-shirt & Trouser,11370,650,https://www.dropshipping.com.bd/public/storage/images/product_thumbnail_img/thumb_699782831a697.jpg
Men's Fashion,Premium Formal Shirt 3 Pcs Combo,11285,1990,https://www.dropshipping.com.bd/public/storage/images/product_thumbnail_img/thumb_6997824fe779c.jpg
Men's Fashion,Premium Formal Shirt 3 Pcs Combo,11275,1990,https://www.dropshipping.com.bd/public/storage/images/product_thumbnail_img/thumb_69978246c8320.jpg
Men's Fashion,Premium Formal Shirt 3 Pcs Combo,11274,1990,https://www.dropshipping.com.bd/public/storage/images/product_thumbnail_img/thumb_69978245d2b82.jpg
Men's Fashion,"Premium Formal Shirt	3 Pcs Combo",11273,1990,https://www.dropshipping.com.bd/public/storage/images/product_thumbnail_img/thumb_69978244ca6ff.jpg
Men's Fashion,Premium Half Shirt,11257,850,https://www.dropshipping.com.bd/public/storage/images/product_thumbnail_img/thumb_69cd2ace95a5e_1775053518.jpg
Men's Fashion,Premium Half Shirt,11256,850,https://www.dropshipping.com.bd/public/storage/images/product_thumbnail_img/thumb_69ca79ee56531_1774877166.jpg
Men's Fashion,Premium Half Shirt,11255,850,https://www.dropshipping.com.bd/public/storage/images/product_thumbnail_img/thumb_69c936ba3a46c_1774794426.jpg
Men's Fashion,Premium Half Shirt,11254,850,https://www.dropshipping.com.bd/public/storage/images/product_thumbnail_img/thumb_69cbd90f6f9a4_1774967055.jpg
Men's Fashion,Premium Half Shirt,11253,850,https://www.dropshipping.com.bd/public/storage/images/product_thumbnail_img/thumb_69d117cb3ee8d_1775310795.jpg
Men's Fashion,Premium Half Shirt,11251,850,https://www.dropshipping.com.bd/public/storage/images/product_thumbnail_img/thumb_69d33291d541e_1775448721.jpg
Men's Fashion,Premium Half Shirt,11250,850,https://www.dropshipping.com.bd/public/storage/images/product_thumbnail_img/thumb_69ca79eb12a21_1774877163.jpg
Men's Fashion,Premium Half Shirt,11249,850,https://www.dropshipping.com.bd/public/storage/images/product_thumbnail_img/thumb_69ca7de8e0f02_1774878184.jpg
Men's Fashion,Premium Half Shirt,11248,850,https://www.dropshipping.com.bd/public/storage/images/product_thumbnail_img/thumb_69d117c41d970_1775310788.jpg
Men's Fashion,Premium Half Shirt,11247,850,https://www.dropshipping.com.bd/public/storage/images/product_thumbnail_img/thumb_69d117cc9c8e0_1775310796.jpg
Men's Fashion,Premium Half Shirt,11246,850,https://www.dropshipping.com.bd/public/storage/images/product_thumbnail_img/thumb_69d3bd16c1e32_1775484182.jpg
Men's Fashion,Premium Half Shirt,11245,850,https://www.dropshipping.com.bd/public/storage/images/product_thumbnail_img/thumb_69d117ce10c8c_1775310798.jpg
Men's Fashion,Premium Half Shirt,11243,850,https://www.dropshipping.com.bd/public/storage/images/product_thumbnail_img/thumb_69ca7ed6340c8_1774878422.jpg
Men's Fashion,Premium Half Shirt,11242,850,https://www.dropshipping.com.bd/public/storage/images/product_thumbnail_img/thumb_69d225fbc94a9_1775379963.jpg
Men's Fashion,Premium Casual Shirt,11240,750,https://www.dropshipping.com.bd/public/storage/images/product_thumbnail_img/thumb_69cbd915d21b4_1774967061.jpg
Men's Fashion,Premium Casual Shirt,11238,750,https://www.dropshipping.com.bd/public/storage/images/product_thumbnail_img/thumb_699d44024aba2_1771914242.jpg
Men's Fashion,Premium Casual Shirt,11237,750,https://www.dropshipping.com.bd/public/storage/images/product_thumbnail_img/thumb_699d438a3637e_1771914122.jpg
Men's Fashion,Premium Casual Shirt,11236,750,https://www.dropshipping.com.bd/public/storage/images/product_thumbnail_img/thumb_69cbd917d3643_1774967063.jpg
Men's Fashion,Premium Casual Shirt,11235,750,https://www.dropshipping.com.bd/public/storage/images/product_thumbnail_img/thumb_699d3b569611b_1771912022.jpg
Men's Fashion,Premium Casual Shirt,11234,750,https://www.dropshipping.com.bd/public/storage/images/product_thumbnail_img/thumb_699d4cebee4f4_1771916523.jpg
Men's Fashion,Premium Casual Shirt,11233,750,https://www.dropshipping.com.bd/public/storage/images/product_thumbnail_img/thumb_69cd2ad4ea83f_1775053524.jpg
Men's Fashion,Premium Casual Shirt,11232,1050,https://www.dropshipping.com.bd/public/storage/images/product_thumbnail_img/thumb_699da8521b928_1771939922.jpg
Men's Fashion,Premium Casual Shirt,11231,1050,https://www.dropshipping.com.bd/public/storage/images/product_thumbnail_img/thumb_69c8b4665c6ec_1774761062.jpg
Men's Fashion,Premium Casual Shirt,11230,1050,https://www.dropshipping.com.bd/public/storage/images/product_thumbnail_img/thumb_699da14baefa3_1771938123.jpg
Men's Fashion,Premium Casual Shirt,11229,1050,https://www.dropshipping.com.bd/public/storage/images/product_thumbnail_img/thumb_69c8b467aec56_1774761063.jpg
Men's Fashion,Premium Casual Shirt,11228,1050,https://www.dropshipping.com.bd/public/storage/images/product_thumbnail_img/thumb_69d1e5862b66e_1775363462.jpg
Men's Fashion,Premium Casual Shirt,11226,1050,https://www.dropshipping.com.bd/public/storage/images/product_thumbnail_img/thumb_69b814a06e12f_1773671584.jpg
Men's Fashion,Premium Formal Shirt,11225,950,https://www.dropshipping.com.bd/public/storage/images/product_thumbnail_img/thumb_699d3e9f101ca_1771912863.jpg
Men's Fashion,Premium Formal Shirt,11224,950,https://www.dropshipping.com.bd/public/storage/images/product_thumbnail_img/thumb_699d422253f51_1771913762.jpg
Men's Fashion,Premium Formal Shirt,11223,1150,https://www.dropshipping.com.bd/public/storage/images/product_thumbnail_img/thumb_699d4a55d7737_1771915861.jpg
Men's Fashion,Premium Formal Shirt,11222,1150,https://www.dropshipping.com.bd/public/storage/images/product_thumbnail_img/thumb_69a3ce2643110_1772342822.jpg
Men's Fashion,Premium Formal Shirt,11220,1150,https://www.dropshipping.com.bd/public/storage/images/product_thumbnail_img/thumb_699d4a1b4bf3a_1771915803.jpg
Men's Fashion,Premium Formal Shirt,11219,1150,https://www.dropshipping.com.bd/public/storage/images/product_thumbnail_img/thumb_699d478a15033_1771915146.jpg
Men's Fashion,Premium Formal Shirt,11218,1150,https://www.dropshipping.com.bd/public/storage/images/product_thumbnail_img/thumb_69a84a22af910_1772636706.jpg
Men's Fashion,Premium Formal Shirt,11217,750,https://www.dropshipping.com.bd/public/storage/images/product_thumbnail_img/thumb_69d3bd568ac3f_1775484246.jpg
Men's Fashion,Premium Formal Shirt (Ash),11216,750,https://www.dropshipping.com.bd/public/storage/images/product_thumbnail_img/thumb_69c384708746f_1774421104.jpg
Men's Fashion,Premium Formal Shirt (Black),11214,750,https://www.dropshipping.com.bd/public/storage/images/product_thumbnail_img/thumb_69ad4d8ecc8a4_1772965262.jpg
Men's Fashion,Premium Formal Shirt,11213,750,https://www.dropshipping.com.bd/public/storage/images/product_thumbnail_img/thumb_69d3bd57d93b0_1775484247.jpg
Men's Fashion,Premium Formal Shirt,11212,750,https://www.dropshipping.com.bd/public/storage/images/product_thumbnail_img/thumb_69d3bd59bcfbd_1775484249.jpg
Men's Fashion,Premium Formal Shirt,11211,750,https://www.dropshipping.com.bd/public/storage/images/product_thumbnail_img/thumb_69d3bd5b6d321_1775484251.jpg
Men's Fashion,Premium Casual Shirt,11210,750,https://www.dropshipping.com.bd/public/storage/images/product_thumbnail_img/thumb_699d344df1599_1771910221.jpg
Men's Fashion,Premium Formal Shirt,11209,1050,https://www.dropshipping.com.bd/public/storage/images/product_thumbnail_img/thumb_699d31f71bc2e_1771909623.jpg
Men's Fashion,Premium Formal Shirt,11208,1050,https://www.dropshipping.com.bd/public/storage/images/product_thumbnail_img/thumb_699d4c3612f70_1771916342.jpg
Men's Fashion,Premium Casual Shirt,11207,1050,https://www.dropshipping.com.bd/public/storage/images/product_thumbnail_img/thumb_69d356e685389_1775458022.jpg
Men's Fashion,Premium Casual Shirt,11205,1050,https://www.dropshipping.com.bd/public/storage/images/product_thumbnail_img/thumb_69a3c93a4eb58_1772341562.jpg
Men's Fashion,Premium Formal Stripe Shirt,11204,1050,https://www.dropshipping.com.bd/public/storage/images/product_thumbnail_img/thumb_699d470f146a1_1771915023.jpg
Men's Fashion,Premium Formal Stirpe Shirt,11203,1050,https://www.dropshipping.com.bd/public/storage/images/product_thumbnail_img/thumb_699d4fba02f9c_1771917242.jpg
Men's Fashion,Premium Formal Stripe Shirt,11202,1050,https://www.dropshipping.com.bd/public/storage/images/product_thumbnail_img/thumb_69c3e2ec09c57_1774445292.jpg
Men's Fashion,Premium Formal Stripe Shirt,11201,1050,https://www.dropshipping.com.bd/public/storage/images/product_thumbnail_img/thumb_699d3c82d91d3_1771912322.jpg
Men's Fashion,Premium Formal Shirt,11200,1050,https://www.dropshipping.com.bd/public/storage/images/product_thumbnail_img/thumb_699d37d24e3ec_1771911122.jpg
Men's Fashion,Premium Formal Stripe Shirt,11199,1050,https://www.dropshipping.com.bd/public/storage/images/product_thumbnail_img/thumb_699d353e40921_1771910462.jpg
Men's Fashion,Premium Formal Stripe Shirt,11198,1050,https://www.dropshipping.com.bd/public/storage/images/product_thumbnail_img/thumb_699d4bbe2452d_1771916222.jpg
Men's Fashion,Premium Casual Shirt,11197,950,https://www.dropshipping.com.bd/public/storage/images/product_thumbnail_img/thumb_69a3c97607981_1772341622.jpg
Men's Fashion,Premium Casual Shirt,11196,950,https://www.dropshipping.com.bd/public/storage/images/product_thumbnail_img/thumb_69a3ce9f27911_1772342943.jpg
Men's Fashion,Premium Casual shirt,11195,950,https://www.dropshipping.com.bd/public/storage/images/product_thumbnail_img/thumb_69a3cea264560_1772342946.jpg
Men's Fashion,Premium Casual Shirt,11194,950,https://www.dropshipping.com.bd/public/storage/images/product_thumbnail_img/thumb_69a3c9b1be28a_1772341681.jpg
Men's Fashion,Premium Casual Shirt,11193,950,https://www.dropshipping.com.bd/public/storage/images/product_thumbnail_img/thumb_69a449638a52f_1772374371.jpg
Men's Fashion,Premium Casual Shirt,11192,1050,https://www.dropshipping.com.bd/public/storage/images/product_thumbnail_img/thumb_69a44962283b3_1772374370.jpg
Men's Fashion,Premium Casual Shirt,11191,950,https://www.dropshipping.com.bd/public/storage/images/product_thumbnail_img/thumb_69a3c9eddd5c8_1772341741.jpg
Men's Fashion,DENVOSI Premium Metal Watch – Bold,11183,1450,https://www.dropshipping.com.bd/public/storage/images/product_thumbnail_img/thumb_699b39d09f4b5_1771780560.jpg
Men's Fashion,DENVOSI Premium Metal Watch – Bold,11182,1450,https://www.dropshipping.com.bd/public/storage/images/product_thumbnail_img/thumb_69b24e2e5a2c8_1773293102.jpg
Men's Fashion,DENVOSI Premium Metal Watch – Bold,11180,1450,https://www.dropshipping.com.bd/public/storage/images/product_thumbnail_img/thumb_69a365a1aaa94_1772316065.jpg
Men's Fashion,DENVOSI Premium Metal Watch – Bold,11179,1450,https://www.dropshipping.com.bd/public/storage/images/product_thumbnail_img/thumb_69b2d080106d7_1773326464.jpg
Men's Fashion,American Eagle faded-black wash Jea,11178,950,https://www.dropshipping.com.bd/public/storage/images/product_thumbnail_img/thumb_69b584151b04c_1773503509.jpg
Men's Fashion,American Eagle deep-black wash Jean,11177,950,https://www.dropshipping.com.bd/public/storage/images/product_thumbnail_img/thumb_69c8b15b8b8be_1774760283.jpg
Men's Fashion,American Eagle ash-black wash Jeans,11176,950,https://www.dropshipping.com.bd/public/storage/images/product_thumbnail_img/thumb_69cd2ac29778b_1775053506.jpg
Men's Fashion,American Eagle Blue Jeans For Man,11175,950,https://www.dropshipping.com.bd/public/storage/images/product_thumbnail_img/thumb_69d2245767bef_1775379543.jpg
Men's Fashion,GUCCI 3-Pack Boxer Shorts Men's Tru,11172,350,https://www.dropshipping.com.bd/public/storage/images/product_thumbnail_img/thumb_699781df5ba06.jpg
Men's Fashion,EMPORION ARMANI 3-Pack Boxer Shorts,11171,350,https://www.dropshipping.com.bd/public/storage/images/product_thumbnail_img/thumb_69cbc6f6616ed_1774962422.jpg
Men's Fashion,TOMMY HILFIGER 3-Pack Boxer Shorts,11170,350,https://www.dropshipping.com.bd/public/storage/images/product_thumbnail_img/thumb_69cbc6fadde0c_1774962426.jpg
Men's Fashion,Kappa 3-Pack Boxer Shorts Men's Tru,11169,350,https://www.dropshipping.com.bd/public/storage/images/product_thumbnail_img/thumb_69cbc6f7b93c5_1774962423.jpg
Men's Fashion,Calvin Klein 3-Pack Boxer Shorts Me,11163,350,https://www.dropshipping.com.bd/public/storage/images/product_thumbnail_img/thumb_69cbc6f91b6bc_1774962425.jpg
Men's Fashion,Men’s Twill 6 Pocket Pants — Slim F,11145,940,https://www.dropshipping.com.bd/public/storage/images/product_thumbnail_img/thumb_69b28634e8241_1773307444.jpg
Men's Fashion,Exclusive Men’s Twill Jogger Pant –,11141,940,https://www.dropshipping.com.bd/public/storage/images/product_thumbnail_img/thumb_699781c260979.jpg
Men's Fashion,Exclusive Men’s Twill Jogger Pant –,11140,940,https://www.dropshipping.com.bd/public/storage/images/product_thumbnail_img/thumb_69ae8ee52b679_1773047525.jpg
Men's Fashion,Premium Dubai Stig Pant (Formal / C,11139,940,https://www.dropshipping.com.bd/public/storage/images/product_thumbnail_img/thumb_699781c10b78d.jpg
Men's Fashion,Exclusive 3-Piece Stylish Shirt Com,11128,1490,https://www.dropshipping.com.bd/public/storage/images/product_thumbnail_img/thumb_69cdfbd22c6e7_1775107026.jpg
Men's Fashion,Unique Design Cotton T-Shirt 3-Piec,11019,790,https://www.dropshipping.com.bd/public/storage/images/product_thumbnail_img/thumb_6997814fd435e.jpg
Men's Fashion,Unique Design Cotton T-Shirt,11018,290,https://www.dropshipping.com.bd/public/storage/images/product_thumbnail_img/thumb_69b7d339cb6d5_1773654841.jpg
Men's Fashion,Unique Design Cotton T-Shirt,11017,290,https://www.dropshipping.com.bd/public/storage/images/product_thumbnail_img/thumb_69b7d98dc5c13_1773656461.jpg
Men's Fashion,Unique Design Cotton T-Shirt,11016,290,https://www.dropshipping.com.bd/public/storage/images/product_thumbnail_img/thumb_69b7d9c9a436c_1773656521.jpg
Men's Fashion,Unique Design Cotton T-Shirt,11015,290,https://www.dropshipping.com.bd/public/storage/images/product_thumbnail_img/thumb_69b7d591ca595_1773655441.jpg
Men's Fashion,Unique Design Cotton T-Shirt,11014,290,https://www.dropshipping.com.bd/public/storage/images/product_thumbnail_img/thumb_69b7c385eabc5_1773650821.jpg
Men's Fashion,Unique Design Cotton T-Shirt 3-Piec,10954,790,https://www.dropshipping.com.bd/public/storage/images/product_thumbnail_img/thumb_6997811356441.jpg
Men's Fashion,Unique Design Cotton T-Shirt 3-Piec,10953,790,https://www.dropshipping.com.bd/public/storage/images/product_thumbnail_img/thumb_69978111b9dfb.jpg
Men's Fashion,Unique Design Cotton T-Shirt 3-Piec,10952,790,https://www.dropshipping.com.bd/public/storage/images/product_thumbnail_img/thumb_6997811023371.jpg
Men's Fashion,Unique Design Cotton T-Shirt 3-Piec,10951,790,https://www.dropshipping.com.bd/public/storage/images/product_thumbnail_img/thumb_6997810ea79ac.jpg
Men's Fashion,Unique Design Cotton T-Shirt 3-Piec,10950,790,https://www.dropshipping.com.bd/public/storage/images/product_thumbnail_img/thumb_6997810d45995.jpg
Men's Fashion,Unique Design Cotton T-Shirt 3-Piec,10949,790,https://www.dropshipping.com.bd/public/storage/images/product_thumbnail_img/thumb_6997810bd8d2b.jpg
Men's Fashion,Unique Design Cotton T-Shirt 3-Piec,10948,790,https://www.dropshipping.com.bd/public/storage/images/product_thumbnail_img/thumb_6997810a60ff4.jpg
Men's Fashion,Unique Design Cotton T-Shirt 3-Piec,10947,790,https://www.dropshipping.com.bd/public/storage/images/product_thumbnail_img/thumb_69978108df6df.jpg
Men's Fashion,Unique Design Cotton T-Shirt 3-Piec,10945,790,https://www.dropshipping.com.bd/public/storage/images/product_thumbnail_img/thumb_6997810721558.jpg
Men's Fashion,Unique Design Cotton T-Shirt 3-Piec,10944,790,https://www.dropshipping.com.bd/public/storage/images/product_thumbnail_img/thumb_6997810597bd6.jpg
Men's Fashion,Unique Design Cotton T-Shirt 3-Piec,10943,790,https://www.dropshipping.com.bd/public/storage/images/product_thumbnail_img/thumb_699781042e9d0.jpg
Men's Fashion,Unique Design Cotton T-Shirt 3-Piec,10942,790,https://www.dropshipping.com.bd/public/storage/images/product_thumbnail_img/thumb_69978102a9438.jpg
Men's Fashion,Unique Design Cotton T-Shirt 3-Piec,10941,790,https://www.dropshipping.com.bd/public/storage/images/product_thumbnail_img/thumb_69978101423a5.jpg
Men's Fashion,Unique Design Cotton T-Shirt 3-Piec,10940,790,https://www.dropshipping.com.bd/public/storage/images/product_thumbnail_img/thumb_699780ffbcd16.jpg
Men's Fashion,Stylish/Comfortable sports T-Shirt,10918,990,https://www.dropshipping.com.bd/public/storage/images/product_thumbnail_img/thumb_69cc15f3e2bee_1774982643.jpg
Men's Fashion,Unique Design Cotton T-Shirt,10913,290,https://www.dropshipping.com.bd/public/storage/images/product_thumbnail_img/thumb_68c313b067a63.jpg
Men's Fashion,Premium Dubai Stig Pant (Formal / C,10862,790,https://www.dropshipping.com.bd/public/storage/images/product_thumbnail_img/thumb_69cbc42c03684_1774961708.jpg
Men's Fashion,Premium Dubai Stig Pant (Formal / C,10861,790,https://www.dropshipping.com.bd/public/storage/images/product_thumbnail_img/thumb_69cbc42ad1a6b_1774961706.jpg
Men's Fashion,Premium Dubai Stig Pant (Formal / C,10860,790,https://www.dropshipping.com.bd/public/storage/images/product_thumbnail_img/thumb_69c8e4ebc01d0_1774773483.jpg
Men's Fashion,Premium Dubai Stig Pant (Formal / C,10859,790,https://www.dropshipping.com.bd/public/storage/images/product_thumbnail_img/thumb_69ce35ee9e781_1775121902.jpg
Men's Fashion,Premium Dubai Stig Pant (Formal / C,10858,790,https://www.dropshipping.com.bd/public/storage/images/product_thumbnail_img/thumb_69c8b33b281b8_1774760763.jpg
Men's Fashion,Premium Dubai Stig Pant (Formal / C,10857,790,https://www.dropshipping.com.bd/public/storage/images/product_thumbnail_img/thumb_69cbc428499e7_1774961704.jpg
Men's Fashion,Premium Dubai Stig Pant (Formal / C,10856,790,https://www.dropshipping.com.bd/public/storage/images/product_thumbnail_img/thumb_69cbc426ef3ed_1774961702.jpg
Men's Fashion,Premium China Micro Stig Shirt (For,10854,750,https://www.dropshipping.com.bd/public/storage/images/product_thumbnail_img/thumb_69ae4fd8b7510_1773031384.jpg
Men's Fashion,Premium China Micro Stig Shirt (For,10853,750,https://www.dropshipping.com.bd/public/storage/images/product_thumbnail_img/thumb_69d1e58a7d499_1775363466.jpg
Men's Fashion,Premium China Micro Stig Shirt (For,10852,750,https://www.dropshipping.com.bd/public/storage/images/product_thumbnail_img/thumb_69a042a701c8b_1772110503.jpg
Men's Fashion,Premium China Micro Stig Shirt (For,10851,750,https://www.dropshipping.com.bd/public/storage/images/product_thumbnail_img/thumb_69ae4fd7bdfbd_1773031383.jpg
Men's Fashion,Premium China Micro Stig Shirt (For,10850,750,https://www.dropshipping.com.bd/public/storage/images/product_thumbnail_img/thumb_69ad799ea6921_1772976542.jpg
Men's Fashion,Premium China Micro Stig Shirt (For,10849,750,https://www.dropshipping.com.bd/public/storage/images/product_thumbnail_img/thumb_69c8b3eea0dad_1774760942.jpg
Men's Fashion,Premium China Micro Stig Shirt (For,10848,750,https://www.dropshipping.com.bd/public/storage/images/product_thumbnail_img/thumb_69a04012e15c3_1772109842.jpg
Men's Fashion,Premium China Micro Stig Shirt (For,10847,750,https://www.dropshipping.com.bd/public/storage/images/product_thumbnail_img/thumb_69ad3b0b6696b_1772960523.jpg
Men's Fashion,Premium China Micro Stig Shirt (For,10846,750,https://www.dropshipping.com.bd/public/storage/images/product_thumbnail_img/thumb_69c8b558be3fa_1774761304.jpg
Men's Fashion,Premium China Micro Stig Shirt (For,10845,750,https://www.dropshipping.com.bd/public/storage/images/product_thumbnail_img/thumb_69a045b299cdc_1772111282.jpg
Men's Fashion,Stylish Sports T-Shirt & Trouser (2,10740,750,https://www.dropshipping.com.bd/public/storage/images/product_thumbnail_img/thumb_699780688dab2.jpg
Men's Fashion,Stylish Sports T-Shirt & Trouser (2,10732,750,https://www.dropshipping.com.bd/public/storage/images/product_thumbnail_img/thumb_699780676c251.jpg
Men's Fashion,Premium Quality  Drop Shoulder T-sh,10714,490,https://www.dropshipping.com.bd/public/storage/images/product_thumbnail_img/thumb_699c08ae42289_1771833518.jpg
Men's Fashion,Premium Quality  Drop Shoulder T-sh,10712,490,https://www.dropshipping.com.bd/public/storage/images/product_thumbnail_img/thumb_6997805629b65.jpg
Men's Fashion,Premium Quality  Drop Shoulder T-sh,10711,490,https://www.dropshipping.com.bd/public/storage/images/product_thumbnail_img/thumb_6997805590908.jpg
Men's Fashion,Custom Logo Arabic Dial Square Quar,10626,550,https://www.dropshipping.com.bd/public/storage/images/product_thumbnail_img/thumb_69cabeda2619b_1774894810.jpg
Men's Fashion,Men's Stylish DROP SHOULDER T-Shirt,10519,490,https://www.dropshipping.com.bd/public/storage/images/product_thumbnail_img/thumb_69977fbdeca78.jpg
Men's Fashion,Men's Stylish DROP SHOULDER T-Shirt,10518,550,https://www.dropshipping.com.bd/public/storage/images/product_thumbnail_img/thumb_69977fbd60b34.jpg
Men's Fashion,Men's Stylish DROP SHOULDER T-Shirt,10517,550,https://www.dropshipping.com.bd/public/storage/images/product_thumbnail_img/thumb_69977fbcc2ed9.jpg
Men's Fashion,Men's Stylish DROP SHOULDER T-Shirt,10516,550,https://www.dropshipping.com.bd/public/storage/images/product_thumbnail_img/thumb_69977fbc36fb2.jpg
Men's Fashion,Men's Stylish DROP SHOULDER T-Shirt,10515,550,https://www.dropshipping.com.bd/public/storage/images/product_thumbnail_img/thumb_69977fbb90b7b.jpg
Men's Fashion,Men's Stylish DROP SHOULDER T-Shirt,10514,550,https://www.dropshipping.com.bd/public/storage/images/product_thumbnail_img/thumb_69977fbb08d64.jpg
Men's Fashion,Men's Stylish DROP SHOULDER T-Shirt,10513,550,https://www.dropshipping.com.bd/public/storage/images/product_thumbnail_img/thumb_69977fba81d87.jpg
Men's Fashion,Men's Stylish DROP SHOULDER T-Shirt,10511,550,https://www.dropshipping.com.bd/public/storage/images/product_thumbnail_img/thumb_69977fb9ade29.jpg
Men's Fashion,Men's Stylish DROP SHOULDER T-Shirt,10510,550,https://www.dropshipping.com.bd/public/storage/images/product_thumbnail_img/thumb_69977fb91817a.jpg
Men's Fashion,Men's Stylish DROP SHOULDER T-Shirt,10509,550,https://www.dropshipping.com.bd/public/storage/images/product_thumbnail_img/thumb_69977fb89b6ed.jpg
Men's Fashion,Stylish/Comfortable sports T-Shirt,10157,990,https://www.dropshipping.com.bd/public/storage/images/product_thumbnail_img/thumb_69977ecd0066f.jpg
Men's Fashion,Stylish Comfortable sports T-Shirt,10156,280,https://www.dropshipping.com.bd/public/storage/images/product_thumbnail_img/thumb_69977ecc85209.jpg
Men's Fashion,Stylish Comfortable sports T-Shirt,10155,280,https://www.dropshipping.com.bd/public/storage/images/product_thumbnail_img/thumb_69977ecc0fa70.jpg
Men's Fashion,Stylish Comfortable sports T-Shirt,10154,280,https://www.dropshipping.com.bd/public/storage/images/product_thumbnail_img/thumb_69ad473cdc90b_1772963644.jpg
Men's Fashion,Men's Stylish Drop Shoulder (Blue),10102,490,https://www.dropshipping.com.bd/public/storage/images/product_thumbnail_img/thumb_69977e9dd8e11.jpg
Men's Fashion,Men's Stylish Drop Shoulder (Blue),10101,490,https://www.dropshipping.com.bd/public/storage/images/product_thumbnail_img/thumb_69977e9d3bc98.jpg
Men's Fashion,Men's Stylish Drop Shoulder (Blue),10099,490,https://www.dropshipping.com.bd/public/storage/images/product_thumbnail_img/thumb_69977e9b8e4d4.jpg
Men's Fashion,Men's Stylish Drop Shoulder (Blue),10093,490,https://www.dropshipping.com.bd/public/storage/images/product_thumbnail_img/thumb_69977e9678dd8.jpg
Men's Fashion,Men's Stylish Drop Shoulder (Blue),10092,490,https://www.dropshipping.com.bd/public/storage/images/product_thumbnail_img/thumb_69977e95caf05.jpg
Men's Fashion,Men's Stylish Drop Shoulder (Blue),10091,490,https://www.dropshipping.com.bd/public/storage/images/product_thumbnail_img/thumb_699d2cce20386_1771908302.jpg
Men's Fashion,Men's Stylish Drop Shoulder (Blue),10089,550,https://www.dropshipping.com.bd/public/storage/images/product_thumbnail_img/thumb_69977e93e800a.jpg
Men's Fashion,Men's Stylish Drop Shoulder (Blue),10088,490,https://www.dropshipping.com.bd/public/storage/images/product_thumbnail_img/thumb_69977e93326c8.jpg
Men's Fashion,Men's Stylish Drop Shoulder (Blue),10086,490,https://www.dropshipping.com.bd/public/storage/images/product_thumbnail_img/thumb_69977e91b7077.jpg
Men's Fashion,Men's Stylish Drop Shoulder (Blue),10084,490,https://www.dropshipping.com.bd/public/storage/images/product_thumbnail_img/thumb_69977e9093c0d.jpg
Men's Fashion,Men's Stylish Drop Shoulder (Black),10083,490,https://www.dropshipping.com.bd/public/storage/images/product_thumbnail_img/thumb_69977e8fc073c.jpg
Men's Fashion,Men's Stylish Drop Shoulder (Black),10080,490,https://www.dropshipping.com.bd/public/storage/images/product_thumbnail_img/thumb_69977e8d53af1.jpg
Men's Fashion,Men's Stylish Drop Shoulder (Black),10078,490,https://www.dropshipping.com.bd/public/storage/images/product_thumbnail_img/thumb_69977e8807abd.jpg
Men's Fashion,Men's Stylish Drop Shoulder (Black),10077,490,https://www.dropshipping.com.bd/public/storage/images/product_thumbnail_img/thumb_69977e8776807.jpg
Men's Fashion,Men's Stylish Drop Shoulder (Black),10075,490,https://www.dropshipping.com.bd/public/storage/images/product_thumbnail_img/thumb_69977e85d3c12.jpg
Men's Fashion,Men's Stylish Drop Shoulder (Black),10074,490,https://www.dropshipping.com.bd/public/storage/images/product_thumbnail_img/thumb_69977e85122e5.jpg
Men's Fashion,Men's Stylish Drop Shoulder (Black),10073,490,https://www.dropshipping.com.bd/public/storage/images/product_thumbnail_img/thumb_69977e840a8c8.jpg
Men's Fashion,Men's Stylish Drop Shoulder (Black),10072,550,https://www.dropshipping.com.bd/public/storage/images/product_thumbnail_img/thumb_69977e83529ff.jpg
Men's Fashion,Men's Stylish Drop Shoulder (white),10068,490,https://www.dropshipping.com.bd/public/storage/images/product_thumbnail_img/thumb_69977e7fa0aae.jpg
Men's Fashion,Men's Stylish Drop Shoulder (white),10067,490,https://www.dropshipping.com.bd/public/storage/images/product_thumbnail_img/thumb_69977e7ee831d.jpg
Men's Fashion,Men's Stylish Drop Shoulder (white),10066,490,https://www.dropshipping.com.bd/public/storage/images/product_thumbnail_img/thumb_69977e7e53a8a.jpg
Men's Fashion,Men's Stylish Drop Shoulder (white),10065,490,https://www.dropshipping.com.bd/public/storage/images/product_thumbnail_img/thumb_69977e7dc2fbb.jpg
Men's Fashion,Men's Stylish Drop Shoulder (white),10064,490,https://www.dropshipping.com.bd/public/storage/images/product_thumbnail_img/thumb_69977e7d432e3.jpg
Men's Fashion,Men's Stylish Drop Shoulder (white),10063,490,https://www.dropshipping.com.bd/public/storage/images/product_thumbnail_img/thumb_69977e7cbb100.jpg
Men's Fashion,Men's Stylish Drop Shoulder (white),10062,490,https://www.dropshipping.com.bd/public/storage/images/product_thumbnail_img/thumb_69977e7bebcfa.jpg
Men's Fashion,Men's Stylish Drop Shoulder (white),10061,490,https://www.dropshipping.com.bd/public/storage/images/product_thumbnail_img/thumb_69977e7b5c18c.jpg
Men's Fashion,Men's Stylish Drop Shoulder (white),10059,490,https://www.dropshipping.com.bd/public/storage/images/product_thumbnail_img/thumb_69977e7a28da0.jpg
Men's Fashion,Men's Stylish Drop Shoulder (white),10058,490,https://www.dropshipping.com.bd/public/storage/images/product_thumbnail_img/thumb_69977e79574e8.jpg
Men's Fashion,Men's Stylish Drop Shoulder (Sky),10055,490,https://www.dropshipping.com.bd/public/storage/images/product_thumbnail_img/thumb_69977e7750fa4.jpg
Men's Fashion,Men's Stylish Drop Shoulder (Sky),10053,490,https://www.dropshipping.com.bd/public/storage/images/product_thumbnail_img/thumb_69977e75e0b21.jpg
Men's Fashion,Men's Stylish Drop Shoulder (Sky),10051,490,https://www.dropshipping.com.bd/public/storage/images/product_thumbnail_img/thumb_69977e73f2f75.jpg
Men's Fashion,Men's Stylish Drop Shoulder (Sky),10049,490,https://www.dropshipping.com.bd/public/storage/images/product_thumbnail_img/thumb_69977e728379d.jpg
Men's Fashion,Men's Stylish Drop Shoulder (Sky),10047,490,https://www.dropshipping.com.bd/public/storage/images/product_thumbnail_img/thumb_69977e712907d.jpg
Men's Fashion,Men's Stylish Drop Shoulder (Sky),10043,490,https://www.dropshipping.com.bd/public/storage/images/product_thumbnail_img/thumb_69977e6eda43f.jpg
Men's Fashion,Men's Stylish Drop Shoulder (Sky),10042,490,https://www.dropshipping.com.bd/public/storage/images/product_thumbnail_img/thumb_69977e6e3d8f4.jpg
Men's Fashion,Men's Stylish Drop Shoulder (Sky),10040,490,https://www.dropshipping.com.bd/public/storage/images/product_thumbnail_img/thumb_69977e6cabe55.jpg
Men's Fashion,Men's Stylish Drop Shoulder (Black),10022,490,https://www.dropshipping.com.bd/public/storage/images/product_thumbnail_img/thumb_69977e60c5a79.jpg
Men's Fashion,Cotton Polo Shirt For Men's,9785,550,https://www.dropshipping.com.bd/public/storage/images/product_thumbnail_img/thumb_69977da733cb1.jpg
Men's Fashion,2 piece Combo Half Sleeve Mesh T-sh,9780,400,https://www.dropshipping.com.bd/public/storage/images/product_thumbnail_img/thumb_69977da2f1f43.jpg
Men's Fashion,2 pieceCombo Half Sleeve Mesh T-shi,9779,400,https://www.dropshipping.com.bd/public/storage/images/product_thumbnail_img/thumb_69977da20d951.jpg
Men's Fashion,Stylish/Comfortable sports T-Shirt,9760,790,https://www.dropshipping.com.bd/public/storage/images/product_thumbnail_img/thumb_69977d9250aa3.jpg
Men's Fashion,Stylish/Comfortable sports T-Shirt,9750,790,https://www.dropshipping.com.bd/public/storage/images/product_thumbnail_img/thumb_69977d8a5f57b.jpg
Men's Fashion,Stylish/Comfortable sports T-Shirt,9749,790,https://www.dropshipping.com.bd/public/storage/images/product_thumbnail_img/thumb_69977d899f60c.jpg
Men's Fashion,Traditional Full sleeves katua ( Pe,9733,650,https://www.dropshipping.com.bd/public/storage/images/product_thumbnail_img/thumb_69977d79045e5.jpg
Men's Fashion,Traditional Full sleeves katua,9731,650,https://www.dropshipping.com.bd/public/storage/images/product_thumbnail_img/thumb_69977d77c1619.jpg
Men's Fashion,Traditional Full sleeves katua ( Sk,9730,650,https://www.dropshipping.com.bd/public/storage/images/product_thumbnail_img/thumb_69977d771aac5.jpg
Men's Fashion,Traditional Full sleeves katua ( De,9729,650,https://www.dropshipping.com.bd/public/storage/images/product_thumbnail_img/thumb_69977d7667f55.jpg
Men's Fashion,Traditional Full sleeves katua,9728,650,https://www.dropshipping.com.bd/public/storage/images/product_thumbnail_img/thumb_69977d75b20cb.jpg
Men's Fashion,Traditional Full sleeves katua ( Pa,9727,650,https://www.dropshipping.com.bd/public/storage/images/product_thumbnail_img/thumb_69977d750ee55.jpg
Men's Fashion,Men's Stylish Drop Shoulder-,9724,490,https://www.dropshipping.com.bd/public/storage/images/product_thumbnail_img/thumb_699c088b61388_1771833483.jpg
Men's Fashion,Premium Printed Ban Collar Shirt fo,9720,790,https://www.dropshipping.com.bd/public/storage/images/product_thumbnail_img/thumb_69977d71ccd29.jpg
Men's Fashion,Premium Printed Ban Collar Shirt fo,9719,790,https://www.dropshipping.com.bd/public/storage/images/product_thumbnail_img/thumb_69977d71173e9.jpg
Men's Fashion,Premium Printed Ban Collar Shirt fo,9718,790,https://www.dropshipping.com.bd/public/storage/images/product_thumbnail_img/thumb_69977d703aad0.jpg
Men's Fashion,Premium Printed Ban Collar Shirt fo,9716,790,https://www.dropshipping.com.bd/public/storage/images/product_thumbnail_img/thumb_69977d6ee7fd0.jpg
Men's Fashion,Premium Printed Ban Collar Shirt fo,9715,790,https://www.dropshipping.com.bd/public/storage/images/product_thumbnail_img/thumb_69977d6e36f21.jpg
Men's Fashion,Premium Printed Ban Collar Shirt fo,9714,790,https://www.dropshipping.com.bd/public/storage/images/product_thumbnail_img/thumb_69977d6d01303.jpg
Men's Fashion,Premium Printed Ban Collar Shirt fo,9712,790,https://www.dropshipping.com.bd/public/storage/images/product_thumbnail_img/thumb_69977d6b30147.jpg
Men's Fashion,Premium Printed Ban Collar Shirt fo,9710,790,https://www.dropshipping.com.bd/public/storage/images/product_thumbnail_img/thumb_69977d68caa61.jpg
Men's Fashion,Premium Printed Ban Collar Shirt fo,9708,790,https://www.dropshipping.com.bd/public/storage/images/product_thumbnail_img/thumb_69977d672eefc.jpg
Men's Fashion,Premium Printed Ban Collar Shirt fo,9706,790,https://www.dropshipping.com.bd/public/storage/images/product_thumbnail_img/thumb_69977d6561645.jpg
Men's Fashion,Premium Printed Ban Collar Shirt fo,9705,790,https://www.dropshipping.com.bd/public/storage/images/product_thumbnail_img/thumb_69977d6476e3e.jpg
Men's Fashion,Premium Printed Ban Collar Shirt fo,9704,790,https://www.dropshipping.com.bd/public/storage/images/product_thumbnail_img/thumb_69977d63af177.jpg
Men's Fashion,Premium Printed Ban Collar Shirt fo,9703,790,https://www.dropshipping.com.bd/public/storage/images/product_thumbnail_img/thumb_69977d62ca988.jpg
Men's Fashion,Premium Printed Ban Collar Shirt fo,9700,790,https://www.dropshipping.com.bd/public/storage/images/product_thumbnail_img/thumb_69977d5f36e46.jpg
Men's Fashion,Premium Printed Ban Collar Shirt fo,9699,790,https://www.dropshipping.com.bd/public/storage/images/product_thumbnail_img/thumb_69977d5e0cbbc.jpg
Men's Fashion,Premium Printed Ban Collar Shirt fo,9698,790,https://www.dropshipping.com.bd/public/storage/images/product_thumbnail_img/thumb_69977d5ce3d63.jpg
Men's Fashion,Premium Printed Ban Collar Shirt fo,9697,790,https://www.dropshipping.com.bd/public/storage/images/product_thumbnail_img/thumb_69977d5bd61c2.jpg
Men's Fashion,Combo Cotton Polo Shirt For Men's,9612,999,https://www.dropshipping.com.bd/public/storage/images/product_thumbnail_img/thumb_69977d0e35e1c.jpg
Men's Fashion,Cotton Polo Shirt For Men's,9608,550,https://www.dropshipping.com.bd/public/storage/images/product_thumbnail_img/thumb_69977d0b8328e.jpg
Men's Fashion,Cotton Polo Shirt For Men's,9607,550,https://www.dropshipping.com.bd/public/storage/images/product_thumbnail_img/thumb_69b6d83da2b46_1773590589.jpg
Men's Fashion,Cotton Polo Shirt For Men's,9606,550,https://www.dropshipping.com.bd/public/storage/images/product_thumbnail_img/thumb_69b6d8371fbb2_1773590583.jpg
Men's Fashion,Pure Cotton Half Sleeve Print Shirt,9603,790,https://www.dropshipping.com.bd/public/storage/images/product_thumbnail_img/thumb_69d3424616348_1775452742.jpg
Men's Fashion,Men's Athentic  Stylish Cargo Jogge,9580,990,https://www.dropshipping.com.bd/public/storage/images/product_thumbnail_img/thumb_69977cfa5aa7e.jpg
Men's Fashion,Men's Stylish Half Sleev Casual Sol,9559,650,https://www.dropshipping.com.bd/public/storage/images/product_thumbnail_img/thumb_69d34c1e4b901_1775455262.jpg
Men's Fashion,Men's Stylish Half Sleev Casual Sol,9557,650,https://www.dropshipping.com.bd/public/storage/images/product_thumbnail_img/thumb_69d34b2d99895_1775455021.jpg
Men's Fashion,Men's Stylish Half Sleev Casual Sol,9544,650,https://www.dropshipping.com.bd/public/storage/images/product_thumbnail_img/thumb_69d34af20ea32_1775454962.jpg
Men's Fashion,kaizar cotton  Half sleeves katua F,9534,650,https://www.dropshipping.com.bd/public/storage/images/product_thumbnail_img/thumb_69cbd925cc706_1774967077.jpg
Men's Fashion,kaizar cotton  Half sleeves katua F,9533,650,https://www.dropshipping.com.bd/public/storage/images/product_thumbnail_img/thumb_69977cd53ae7b.jpg
Men's Fashion,kaizar cotton  Half sleeves katua F,9532,650,https://www.dropshipping.com.bd/public/storage/images/product_thumbnail_img/thumb_69c4d9ea71290_1774508522.jpg
Men's Fashion,kaizar cotton  Half sleeves katua F,9531,650,https://www.dropshipping.com.bd/public/storage/images/product_thumbnail_img/thumb_69b129ae67ab4_1773218222.jpg
Men's Fashion,kaizar cotton  Half sleeves katua F,9530,650,https://www.dropshipping.com.bd/public/storage/images/product_thumbnail_img/thumb_69977cd36cef4.jpg
Men's Fashion,kaizar cotton  Half sleeves katua F,9529,650,https://www.dropshipping.com.bd/public/storage/images/product_thumbnail_img/thumb_69977cd2d864c.jpg
Men's Fashion,kaizar cotton  Half sleeves katua F,9528,650,https://www.dropshipping.com.bd/public/storage/images/product_thumbnail_img/thumb_69977cd24980b.jpg
Men's Fashion,kaizar cotton  Half sleeves katua F,9527,650,https://www.dropshipping.com.bd/public/storage/images/product_thumbnail_img/thumb_69977cd18ecfc.jpg
Men's Fashion,kaizar cotton  Half sleeves katua F,9526,650,https://www.dropshipping.com.bd/public/storage/images/product_thumbnail_img/thumb_69977cd0d246f.jpg
Men's Fashion,Fashionable half-sleeve shirt for m,9474,600,https://www.dropshipping.com.bd/public/storage/images/product_thumbnail_img/thumb_69a2b5223a0ae_1772270882.jpg
Men's Fashion,Fashionable half-sleeve shirt for m,9473,600,https://www.dropshipping.com.bd/public/storage/images/product_thumbnail_img/thumb_69a2b4aac407d_1772270762.jpg
Men's Fashion,Fashionable half-sleeve shirt for m,9472,600,https://www.dropshipping.com.bd/public/storage/images/product_thumbnail_img/thumb_69a2b4319dfba_1772270641.jpg
Men's Fashion,Fashionable half-sleeve shirt for m,9471,600,https://www.dropshipping.com.bd/public/storage/images/product_thumbnail_img/thumb_69a2b3ba48f97_1772270522.jpg
Men's Fashion,Fashionable half-sleeve shirt for m,9470,600,https://www.dropshipping.com.bd/public/storage/images/product_thumbnail_img/thumb_69a2b68a00169_1772271242.jpg
Men's Fashion,Fashionable half-sleeve shirt for m,9469,600,https://www.dropshipping.com.bd/public/storage/images/product_thumbnail_img/thumb_69a2b6129f044_1772271122.jpg
Men's Fashion,Fashionable half-sleeve shirt for m,9468,600,https://www.dropshipping.com.bd/public/storage/images/product_thumbnail_img/thumb_69a2b59ab2d99_1772271002.jpg
Men's Fashion,Fashionable half-sleeve shirt for m,9467,600,https://www.dropshipping.com.bd/public/storage/images/product_thumbnail_img/thumb_69a2b702938b1_1772271362.jpg
Men's Fashion,Combo Men's Stylish Drop Shoulder-,9431,820,https://www.dropshipping.com.bd/public/storage/images/product_thumbnail_img/thumb_69977c8d0a771.jpg
Men's Fashion,Combo Men's Stylish Drop Shoulder-,9430,820,https://www.dropshipping.com.bd/public/storage/images/product_thumbnail_img/thumb_69977c8c5a21e.jpg
Men's Fashion,Combo Cotton T-shirt For Men's,9385,570,https://www.dropshipping.com.bd/public/storage/images/product_thumbnail_img/thumb_69977c6a0c448.jpg
Men's Fashion,Exclusive Design Cotton T -  shirt,9345,295,https://www.dropshipping.com.bd/public/storage/images/product_thumbnail_img/thumb_699c089e62b3f_1771833502.jpg
Men's Fashion,Exclusive Design Cotton T -  shirt,9343,295,https://www.dropshipping.com.bd/public/storage/images/product_thumbnail_img/thumb_69977c468a3be.jpg
Men's Fashion,Exclusive Design Cotton T -  shirt,9342,295,https://www.dropshipping.com.bd/public/storage/images/product_thumbnail_img/thumb_699c08ab7f6c5_1771833515.jpg
Men's Fashion,Exclusive Design Cotton T -  shirt,9341,295,https://www.dropshipping.com.bd/public/storage/images/product_thumbnail_img/thumb_69977c445d2cb.jpg
Men's Fashion,Cotton Polo Shirt For Men's,9313,550,https://www.dropshipping.com.bd/public/storage/images/product_thumbnail_img/thumb_69977c334118b.jpg
Men's Fashion,Men's Premium Solid T-Shirt- Ash,9239,350,https://www.dropshipping.com.bd/public/storage/images/product_thumbnail_img/thumb_69977bfbf2edd.jpg
Men's Fashion,kaizar cotton Half Sleev Shirt For,8933,650,https://www.dropshipping.com.bd/public/storage/images/product_thumbnail_img/thumb_69d34372f1d37_1775453042.jpg
Men's Fashion,2 pis Combo Half Sleeve Mesh T-shir,9117,400,https://www.dropshipping.com.bd/public/storage/images/product_thumbnail_img/thumb_69977b9c1f0d4.jpg
Men's Fashion,2 pis Combo Half Sleeve Mesh T-shir,9116,400,https://www.dropshipping.com.bd/public/storage/images/product_thumbnail_img/thumb_69977b9b84c71.jpg
Men's Fashion,2 pis Combo Half Sleeve Mesh T-shir,9115,400,https://www.dropshipping.com.bd/public/storage/images/product_thumbnail_img/thumb_69977b9ad6273.jpg
Men's Fashion,Half Sleeve Mesh T-shirt For Men,9110,180,https://www.dropshipping.com.bd/public/storage/images/product_thumbnail_img/thumb_69977b98ce870.jpg
Men's Fashion,Half Sleeve Mesh T-shirt For Men,9109,180,https://www.dropshipping.com.bd/public/storage/images/product_thumbnail_img/thumb_69977b982c411.jpg
Men's Fashion,Half Sleeve Mesh T-shirt For Men,9108,180,https://www.dropshipping.com.bd/public/storage/images/product_thumbnail_img/thumb_69977b97690c5.jpg
Men's Fashion,2 pis Combo Half Sleeve Mesh T-shir,9107,400,https://www.dropshipping.com.bd/public/storage/images/product_thumbnail_img/thumb_69977b96d0935.jpg
Men's Fashion,Cotton Polo Shirt For Men's,9106,550,https://www.dropshipping.com.bd/public/storage/images/product_thumbnail_img/thumb_69b6d83c9b852_1773590588.jpg
Men's Fashion,Cotton Polo Shirt For Men's,9100,550,https://www.dropshipping.com.bd/public/storage/images/product_thumbnail_img/thumb_69b2a37deac32_1773314941.jpg
Men's Fashion,Cotton Polo Shirt For Men's,9098,550,https://www.dropshipping.com.bd/public/storage/images/product_thumbnail_img/thumb_69b14faa0c142_1773227946.jpg
Men's Fashion,Cotton Polo Shirt For Men's,9097,550,https://www.dropshipping.com.bd/public/storage/images/product_thumbnail_img/thumb_69b6d83bcc70d_1773590587.jpg
Men's Fashion,Palestine Head Cap♥,9086,250,https://www.dropshipping.com.bd/public/storage/images/product_thumbnail_img/thumb_69977b88f1bec.jpg
Men's Fashion,Palestine Head Cap♥,9085,250,https://www.dropshipping.com.bd/public/storage/images/product_thumbnail_img/thumb_69977b87f2adb.jpg
Men's Fashion,Palestine Head Cap♥,9083,250,https://www.dropshipping.com.bd/public/storage/images/product_thumbnail_img/thumb_69977b867c15c.jpg
Men's Fashion,Palestine Head Cap♥,9082,250,https://www.dropshipping.com.bd/public/storage/images/product_thumbnail_img/thumb_69977b85b0b46.jpg
Men's Fashion,Palestine Head Cap♥,9081,250,https://www.dropshipping.com.bd/public/storage/images/product_thumbnail_img/thumb_69977b84e5983.jpg
Men's Fashion,Palestine Head Cap♥,9080,250,https://www.dropshipping.com.bd/public/storage/images/product_thumbnail_img/thumb_69977b841a263.jpg
Men's Fashion,Save GAZA Cotton T-shirt,8804,490,https://www.dropshipping.com.bd/public/storage/images/product_thumbnail_img/thumb_69977ab05dea4.jpg
Men's Fashion,Save GAZA Cotton T-shirt,8792,490,https://www.dropshipping.com.bd/public/storage/images/product_thumbnail_img/thumb_69977aaa92417.jpg
Men's Fashion,Save-Gaza Cotton T-shirt,8775,490,https://www.dropshipping.com.bd/public/storage/images/product_thumbnail_img/thumb_699c089b034de_1771833499.jpg
Men's Fashion,Men's Premium Solid T-Shirt- green,8709,275,https://www.dropshipping.com.bd/public/storage/images/product_thumbnail_img/thumb_699c08998f00a_1771833497.jpg
Men's Fashion,Jersey Fabrics Free Palestine T-shi,8651,190,https://www.dropshipping.com.bd/public/storage/images/product_thumbnail_img/thumb_69977a5549ccf.jpg
Men's Fashion,Jersey Fabrics Save Gaza T-shirt,8639,190,https://www.dropshipping.com.bd/public/storage/images/product_thumbnail_img/thumb_69977a4f41fe9.jpg
Men's Fashion,Free Palestine Cotton T-shirt,8599,295,https://www.dropshipping.com.bd/public/storage/images/product_thumbnail_img/thumb_69977a359798c.jpg
Men's Fashion,Free Palestine Cotton T-shirt,8597,295,https://www.dropshipping.com.bd/public/storage/images/product_thumbnail_img/thumb_69977a340bd71.jpg
Men's Fashion,Free Palestine Cotton T-shirt,8589,295,https://www.dropshipping.com.bd/public/storage/images/product_thumbnail_img/thumb_69977a2ec3619.jpg
Men's Fashion,Stylish  Mash Fabric Half Sleeve T-,8527,490,https://www.dropshipping.com.bd/public/storage/images/product_thumbnail_img/thumb_699779ec0895e.jpg
Men's Fashion,Stylish  Mash Fabric Half Sleeve T-,8524,490,https://www.dropshipping.com.bd/public/storage/images/product_thumbnail_img/thumb_699779e921778.jpg
Men's Fashion,Men's Solid Colour Color Shirt (Lit,8432,350,https://www.dropshipping.com.bd/public/storage/images/product_thumbnail_img/thumb_69a281cdded98_1772257741.jpg
Men's Fashion,Solid dropshoulder  T-shirt,8264,450,https://www.dropshipping.com.bd/public/storage/images/product_thumbnail_img/thumb_69d2241adc4e5_1775379482.jpg
Men's Fashion,Solid dropshoulder  T-shirt,8263,450,https://www.dropshipping.com.bd/public/storage/images/product_thumbnail_img/thumb_69a026c538a39_1772103365.jpg
Men's Fashion,Solid dropshoulder  T-shirt,8261,450,https://www.dropshipping.com.bd/public/storage/images/product_thumbnail_img/thumb_69c8b3f322a5f_1774760947.jpg
Men's Fashion,Stylish Premium Quality Panjabi,8256,1190,https://www.dropshipping.com.bd/public/storage/images/product_thumbnail_img/thumb_69b7cff22e100_1773654002.jpg
Men's Fashion,Men's Stylish Drop Shoulder- Black,8239,490,https://www.dropshipping.com.bd/public/storage/images/product_thumbnail_img/thumb_6997790e48c5d.jpg
Men's Fashion,Men's Stylish Drop Shoulder- Black,8238,490,https://www.dropshipping.com.bd/public/storage/images/product_thumbnail_img/thumb_6997790dbb760.jpg
Men's Fashion,Men's Stylish Drop Shoulder- Black,8237,490,https://www.dropshipping.com.bd/public/storage/images/product_thumbnail_img/thumb_699c0894d4c21_1771833492.jpg
Men's Fashion,Men's Stylish Drop Shoulder- Black,8235,490,https://www.dropshipping.com.bd/public/storage/images/product_thumbnail_img/thumb_6997790c38dfb.jpg
Men's Fashion,Men's Stylish Drop Shoulder- Black,8234,490,https://www.dropshipping.com.bd/public/storage/images/product_thumbnail_img/thumb_6997790b6d60a.jpg
Men's Fashion,Men's Stylish Drop Shoulder- Sky Bl,8222,490,https://www.dropshipping.com.bd/public/storage/images/product_thumbnail_img/thumb_699c089381823_1771833491.jpg
Men's Fashion,Men's Stylish Drop Shoulder- Sky Bl,8221,490,https://www.dropshipping.com.bd/public/storage/images/product_thumbnail_img/thumb_69977903f3e39.jpg
Men's Fashion,Men's Stylish Drop Shoulder- Sky Bl,8220,490,https://www.dropshipping.com.bd/public/storage/images/product_thumbnail_img/thumb_69d34c95962a7_1775455381.jpg
Men's Fashion,Men's Stylish Drop Shoulder- Sky Bl,8219,490,https://www.dropshipping.com.bd/public/storage/images/product_thumbnail_img/thumb_69977902c867a.jpg
Men's Fashion,Men's Stylish Drop Shoulder- Sky Bl,8216,490,https://www.dropshipping.com.bd/public/storage/images/product_thumbnail_img/thumb_699c0892e1ebe_1771833490.jpg
Men's Fashion,Men's Stylish Drop Shoulder- Sky Bl,8215,490,https://www.dropshipping.com.bd/public/storage/images/product_thumbnail_img/thumb_6997790104733.jpg
Men's Fashion,Men's Stylish Drop Shoulder-  Sky B,8212,490,https://www.dropshipping.com.bd/public/storage/images/product_thumbnail_img/thumb_699778ffcad9f.jpg
Men's Fashion,PSG-Home-Jersey-2021-22-Messi-30,8127,250,https://www.dropshipping.com.bd/public/storage/images/product_thumbnail_img/thumb_699c11aececb7_1771835822.jpg
Men's Fashion,Cotton Exclusive Formal Shirt,7984,750,https://www.dropshipping.com.bd/public/storage/images/product_thumbnail_img/thumb_6997783c5f80c.jpg
Men's Fashion,Cotton Exclusive Formal Shirt,7983,750,https://www.dropshipping.com.bd/public/storage/images/product_thumbnail_img/thumb_6997783be6bf6.jpg
Men's Fashion,Cotton Exclusive Formal Shirt,7976,750,https://www.dropshipping.com.bd/public/storage/images/product_thumbnail_img/thumb_6997783421329.jpg
Men's Fashion,Cotton Exclusive Formal Shirt,7974,750,https://www.dropshipping.com.bd/public/storage/images/product_thumbnail_img/thumb_6997783221613.jpg
Men's Fashion,Jersey Febrics T-shirt,7958,190,https://www.dropshipping.com.bd/public/storage/images/product_thumbnail_img/thumb_699c11d14c702_1771835857.jpg
Men's Fashion,𝐂𝐨𝐭𝐭𝐨𝐧 Men's T-Shirt,7957,290,https://www.dropshipping.com.bd/public/storage/images/product_thumbnail_img/thumb_699778294c2ee.jpg
Men's Fashion,𝐂𝐨𝐭𝐭𝐨𝐧 Men's T-Shirt,7955,290,https://www.dropshipping.com.bd/public/storage/images/product_thumbnail_img/thumb_699c08aabbb6a_1771833514.jpg
Men's Fashion,𝐂𝐨𝐭𝐭𝐨𝐧 Men's T-Shirt,7953,290,https://www.dropshipping.com.bd/public/storage/images/product_thumbnail_img/thumb_69977827b665c.jpg
Men's Fashion,𝐂𝐨𝐭𝐭𝐨𝐧 Men's T-Shirt,7927,290,https://www.dropshipping.com.bd/public/storage/images/product_thumbnail_img/thumb_6997781cdbc10.jpg
Men's Fashion,𝐂𝐨𝐭𝐭𝐨𝐧 Men's T-Shirt,7922,290,https://www.dropshipping.com.bd/public/storage/images/product_thumbnail_img/thumb_6997781b0c025.jpg
Men's Fashion,𝐂𝐨𝐭𝐭𝐨𝐧 Men's T-Shirt,7918,290,https://www.dropshipping.com.bd/public/storage/images/product_thumbnail_img/thumb_699778198ec79.jpg
Men's Fashion,𝐂𝐨𝐭𝐭𝐨𝐧 Men's T-Shirt,7914,290,https://www.dropshipping.com.bd/public/storage/images/product_thumbnail_img/thumb_699778182167f.jpg
Men's Fashion,𝐂𝐨𝐭𝐭𝐨𝐧 Men's T-Shirt,7898,290,https://www.dropshipping.com.bd/public/storage/images/product_thumbnail_img/thumb_699778121c36b.jpg
Men's Fashion,𝐂𝐨𝐭𝐭𝐨𝐧 Men's T-Shirt,7881,290,https://www.dropshipping.com.bd/public/storage/images/product_thumbnail_img/thumb_69977804eb638.jpg
Men's Fashion,𝐂𝐨𝐭𝐭𝐨𝐧 Men's T-Shirt,7880,290,https://www.dropshipping.com.bd/public/storage/images/product_thumbnail_img/thumb_69977804795d1.jpg
Men's Fashion,𝐂𝐨𝐭𝐭𝐨𝐧 Men's T-Shirt,7877,290,https://www.dropshipping.com.bd/public/storage/images/product_thumbnail_img/thumb_6997780358e9f.jpg
Men's Fashion,𝐂𝐨𝐭𝐭𝐨𝐧 Men's T-Shirt,7871,290,https://www.dropshipping.com.bd/public/storage/images/product_thumbnail_img/thumb_699778013fe0c.jpg
Men's Fashion,𝐂𝐨𝐭𝐭𝐨𝐧 Men's T-Shirt,7858,290,https://www.dropshipping.com.bd/public/storage/images/product_thumbnail_img/thumb_699777fca389f.jpg
Men's Fashion,𝐂𝐨𝐭𝐭𝐨𝐧 Men's T-Shirt,7850,295,https://www.dropshipping.com.bd/public/storage/images/product_thumbnail_img/thumb_699777f677d9c.jpg
Men's Fashion,𝐂𝐨𝐭𝐭𝐨𝐧 Men's T-Shirt,7842,290,https://www.dropshipping.com.bd/public/storage/images/product_thumbnail_img/thumb_699777f3bf76c.jpg
Men's Fashion,𝐂𝐨𝐭𝐭𝐨𝐧 Men's T-Shirt,7838,290,https://www.dropshipping.com.bd/public/storage/images/product_thumbnail_img/thumb_699c08aa34c5c_1771833514.jpg
Men's Fashion,𝐂𝐨𝐭𝐭𝐨𝐧 Men's T-Shirt,7835,290,https://www.dropshipping.com.bd/public/storage/images/product_thumbnail_img/thumb_699777f0d522a.jpg
Men's Fashion,𝐂𝐨𝐭𝐭𝐨𝐧 Men's T-Shirt,7834,290,https://www.dropshipping.com.bd/public/storage/images/product_thumbnail_img/thumb_699777f042d41.jpg
Men's Fashion,𝐂𝐨𝐭𝐭𝐨𝐧 Men's T-Shirt,7833,290,https://www.dropshipping.com.bd/public/storage/images/product_thumbnail_img/thumb_699777efbb863.jpg
Men's Fashion,𝐂𝐨𝐭𝐭𝐨𝐧 Men's T-Shirt,7832,290,https://www.dropshipping.com.bd/public/storage/images/product_thumbnail_img/thumb_699777ef46d50.jpg
Men's Fashion,𝐂𝐨𝐭𝐭𝐨𝐧 Men's T-Shirt,7831,290,https://www.dropshipping.com.bd/public/storage/images/product_thumbnail_img/thumb_699777eeba37e.jpg
Men's Fashion,𝐂𝐨𝐭𝐭𝐨𝐧 Men's T-Shirt,7830,290,https://www.dropshipping.com.bd/public/storage/images/product_thumbnail_img/thumb_699777ee395ab.jpg
Men's Fashion,𝐂𝐨𝐭𝐭𝐨𝐧 Men's T-Shirt,7829,290,https://www.dropshipping.com.bd/public/storage/images/product_thumbnail_img/thumb_699777eda111a.jpg
Men's Fashion,𝐂𝐨𝐭𝐭𝐨𝐧 Men's T-Shirt,7828,290,https://www.dropshipping.com.bd/public/storage/images/product_thumbnail_img/thumb_699777ed27af0.jpg
Men's Fashion,𝐂𝐨𝐭𝐭𝐨𝐧 Men's T-Shirt,7827,290,https://www.dropshipping.com.bd/public/storage/images/product_thumbnail_img/thumb_699777ec91b70.jpg
Men's Fashion,𝐂𝐨𝐭𝐭𝐨𝐧 Men's T-Shirt,7826,290,https://www.dropshipping.com.bd/public/storage/images/product_thumbnail_img/thumb_699777ec18240.jpg
Men's Fashion,𝐂𝐨𝐭𝐭𝐨𝐧 Men's T-Shirt,7825,290,https://www.dropshipping.com.bd/public/storage/images/product_thumbnail_img/thumb_699777eb93d36.jpg
Men's Fashion,𝐂𝐨𝐭𝐭𝐨𝐧 Men's T-Shirt,7823,290,https://www.dropshipping.com.bd/public/storage/images/product_thumbnail_img/thumb_699777ea730f6.jpg
Men's Fashion,𝐂𝐨𝐭𝐭𝐨𝐧 Men's T-Shirt,7822,290,https://www.dropshipping.com.bd/public/storage/images/product_thumbnail_img/thumb_699777e9a9c3e.jpg
Men's Fashion,𝐂𝐨𝐭𝐭𝐨𝐧 Men's T-Shirt,7821,290,https://www.dropshipping.com.bd/public/storage/images/product_thumbnail_img/thumb_699777e917dec.jpg
Men's Fashion,𝐂𝐨𝐭𝐭𝐨𝐧 Men's T-Shirt,7819,290,https://www.dropshipping.com.bd/public/storage/images/product_thumbnail_img/thumb_699777e801caa.jpg
Men's Fashion,𝐂𝐨𝐭𝐭𝐨𝐧 Men's T-Shirt,7818,290,https://www.dropshipping.com.bd/public/storage/images/product_thumbnail_img/thumb_699777e769172.jpg
Men's Fashion,𝐂𝐨𝐭𝐭𝐨𝐧 Men's T-Shirt,7817,290,https://www.dropshipping.com.bd/public/storage/images/product_thumbnail_img/thumb_699c08a96859d_1771833513.jpg
Men's Fashion,𝐂𝐨𝐭𝐭𝐨𝐧 Men's T-Shirt,7816,290,https://www.dropshipping.com.bd/public/storage/images/product_thumbnail_img/thumb_699777e641773.jpg
Men's Fashion,𝐂𝐨𝐭𝐭𝐨𝐧 Men's T-Shirt,7815,290,https://www.dropshipping.com.bd/public/storage/images/product_thumbnail_img/thumb_699777e5b3e13.jpg
Men's Fashion,𝐂𝐨𝐭𝐭𝐨𝐧 Men's T-Shirt,7814,290,https://www.dropshipping.com.bd/public/storage/images/product_thumbnail_img/thumb_699777e537308.jpg
Men's Fashion,𝐂𝐨𝐭𝐭𝐨𝐧 Men's T-Shirt,7813,290,https://www.dropshipping.com.bd/public/storage/images/product_thumbnail_img/thumb_699777e4b3c0e.jpg
Men's Fashion,𝐂𝐨𝐭𝐭𝐨𝐧 Men's T-Shirt,7812,290,https://www.dropshipping.com.bd/public/storage/images/product_thumbnail_img/thumb_699777e43a0e9.jpg
Men's Fashion,𝐂𝐨𝐭𝐭𝐨𝐧 Men's T-Shirt,7811,290,https://www.dropshipping.com.bd/public/storage/images/product_thumbnail_img/thumb_699777e3abedf.jpg
Men's Fashion,𝐂𝐨𝐭𝐭𝐨𝐧 Men's T-Shirt,7810,290,https://www.dropshipping.com.bd/public/storage/images/product_thumbnail_img/thumb_699777e3389b1.jpg
Men's Fashion,𝐂𝐨𝐭𝐭𝐨𝐧 Men's T-Shirt,7809,290,https://www.dropshipping.com.bd/public/storage/images/product_thumbnail_img/thumb_699777e2b9f56.jpg
Men's Fashion,𝐂𝐨𝐭𝐭𝐨𝐧 Men's T-Shirt,7808,290,https://www.dropshipping.com.bd/public/storage/images/product_thumbnail_img/thumb_699777e246d76.jpg
Men's Fashion,𝐂𝐨𝐭𝐭𝐨𝐧 Men's T-Shirt,7807,290,https://www.dropshipping.com.bd/public/storage/images/product_thumbnail_img/thumb_699777e1b3754.jpg
Men's Fashion,𝐂𝐨𝐭𝐭𝐨𝐧 Men's T-Shirt,7806,290,https://www.dropshipping.com.bd/public/storage/images/product_thumbnail_img/thumb_699777e13468a.jpg
Men's Fashion,𝐂𝐨𝐭𝐭𝐨𝐧 Men's T-Shirt,7805,290,https://www.dropshipping.com.bd/public/storage/images/product_thumbnail_img/thumb_699777e0a9456.jpg
Men's Fashion,𝐂𝐨𝐭𝐭𝐨𝐧 Men's T-Shirt,7804,290,https://www.dropshipping.com.bd/public/storage/images/product_thumbnail_img/thumb_699777e01fc82.jpg
Men's Fashion,𝐂𝐨𝐭𝐭𝐨𝐧 Men's T-Shirt,7803,290,https://www.dropshipping.com.bd/public/storage/images/product_thumbnail_img/thumb_699777df93673.jpg
Men's Fashion,𝐂𝐨𝐭𝐭𝐨𝐧 Men's T-Shirt,7802,290,https://www.dropshipping.com.bd/public/storage/images/product_thumbnail_img/thumb_699777df0284e.jpg
Men's Fashion,𝐂𝐨𝐭𝐭𝐨𝐧 Men's T-Shirt,7771,290,https://www.dropshipping.com.bd/public/storage/images/product_thumbnail_img/thumb_699777d565960.jpg
Men's Fashion,𝐂𝐨𝐭𝐭𝐨𝐧 Men's T-Shirt,7739,290,https://www.dropshipping.com.bd/public/storage/images/product_thumbnail_img/thumb_699777c82a067.jpg
Men's Fashion,𝐂𝐨𝐭𝐭𝐨𝐧 Men's T-Shirt,7731,290,https://www.dropshipping.com.bd/public/storage/images/product_thumbnail_img/thumb_699c11b2682e7_1771835826.jpg
Men's Fashion,𝐂𝐨𝐭𝐭𝐨𝐧 Men's T-Shirt,7725,295,https://www.dropshipping.com.bd/public/storage/images/product_thumbnail_img/thumb_699777c32a085.jpg
Men's Fashion,Men's long sleeve stripe / print sh,7710,700,https://www.dropshipping.com.bd/public/storage/images/product_thumbnail_img/thumb_69ce7f519fefc_1775140689.jpg
Men's Fashion,Men's long sleeve stripe / print sh,7709,700,https://www.dropshipping.com.bd/public/storage/images/product_thumbnail_img/thumb_69ce7f509831b_1775140688.jpg
Men's Fashion,Men's  long sleeve check shirt,7706,950,https://www.dropshipping.com.bd/public/storage/images/product_thumbnail_img/thumb_69abe6f623d4a_1772873462.jpg
Men's Fashion,Afsan print Cotton Comfortable Panj,7623,990,https://www.dropshipping.com.bd/public/storage/images/product_thumbnail_img/thumb_69cbcbe30cf79_1774963683.jpg
Men's Fashion,Men's  long sleeve check shirt,7600,690,https://www.dropshipping.com.bd/public/storage/images/product_thumbnail_img/thumb_69ac227edb844_1772888702.jpg
Men's Fashion,Men's  long sleeve check shirt,7599,690,https://www.dropshipping.com.bd/public/storage/images/product_thumbnail_img/thumb_699fe86a23795_1772087402.jpg
Men's Fashion,Men's  long sleeve stripe / print s,7585,700,https://www.dropshipping.com.bd/public/storage/images/product_thumbnail_img/thumb_699fe91f15170_1772087583.jpg
Men's Fashion,Indian FOGG  For Men IMPERIAL  100g,7574,430,https://www.dropshipping.com.bd/public/storage/images/product_thumbnail_img/thumb_69977765a4cef.jpg
Men's Fashion,Jersey Fabrics T-shirt for Men,7570,190,https://www.dropshipping.com.bd/public/storage/images/product_thumbnail_img/thumb_69b674d628f0d_1773565142.jpg
Men's Fashion,𝐂𝐨𝐭𝐭𝐨𝐧 Men's T-Shirt,7541,290,https://www.dropshipping.com.bd/public/storage/images/product_thumbnail_img/thumb_6997774c25799.jpg
Men's Fashion,𝐂𝐨𝐭𝐭𝐨𝐧 Men's T-Shirt,7533,290,https://www.dropshipping.com.bd/public/storage/images/product_thumbnail_img/thumb_69977746d1bef.jpg
Men's Fashion,Kaiser Cotton Stylish Full Sleeve S,7512,690,https://www.dropshipping.com.bd/public/storage/images/product_thumbnail_img/thumb_69c504953f597_1774519445.jpg
Men's Fashion,Kaiser Cotton Stylish Full Sleeve S,7511,690,https://www.dropshipping.com.bd/public/storage/images/product_thumbnail_img/thumb_69cb799d9d623_1774942621.jpg
Men's Fashion,Kaiser Cotton Stylish Full Sleeve S,7510,690,https://www.dropshipping.com.bd/public/storage/images/product_thumbnail_img/thumb_69a94c2aae4f0_1772702762.jpg
Men's Fashion,Kaiser Cotton Stylish Full Sleeve S,7508,690,https://www.dropshipping.com.bd/public/storage/images/product_thumbnail_img/thumb_69cb799f0379c_1774942623.jpg
Men's Fashion,𝐂𝐨𝐭𝐭𝐨𝐧 Men's T-Shirt,7502,290,https://www.dropshipping.com.bd/public/storage/images/product_thumbnail_img/thumb_69977734c0ba7.jpg
Men's Fashion,Islamic calligraphy Full Sleeve T-S,7422,350,https://www.dropshipping.com.bd/public/storage/images/product_thumbnail_img/thumb_699c11cd5a45e_1771835853.jpg
Men's Fashion,Islamic calligraphy Full Sleeve T-S,7421,350,https://www.dropshipping.com.bd/public/storage/images/product_thumbnail_img/thumb_6997770fd8cd9.jpg
Men's Fashion,Islamic calligraphy Full Sleeve T-S,7420,350,https://www.dropshipping.com.bd/public/storage/images/product_thumbnail_img/thumb_699c11c6777a5_1771835846.jpg
Men's Fashion,Islamic calligraphy Full Sleeve T-S,7419,350,https://www.dropshipping.com.bd/public/storage/images/product_thumbnail_img/thumb_699c11c768588_1771835847.jpg
Men's Fashion,𝐂𝐨𝐭𝐭𝐨𝐧 𝐂𝐨𝐥𝐥𝐚𝐫 𝐒𝐡𝐢𝐫�,3813,600,https://www.dropshipping.com.bd/public/storage/images/product_thumbnail_img/thumb_69976e2054068.jpg
Men's Fashion,𝐂𝐨𝐭𝐭𝐨𝐧 𝐂𝐨𝐥𝐥𝐚𝐫 𝐒𝐡𝐢𝐫�,3811,600,https://www.dropshipping.com.bd/public/storage/images/product_thumbnail_img/thumb_69976e1f3dd19.jpg
Men's Fashion,𝐂𝐨𝐭𝐭𝐨𝐧 𝐂𝐨𝐥𝐥𝐚𝐫 𝐒𝐡𝐢𝐫�,3809,600,https://www.dropshipping.com.bd/public/storage/images/product_thumbnail_img/thumb_69976e1e2a6cd.jpg
Men's Fashion,𝐂𝐨𝐭𝐭𝐨𝐧 𝐂𝐨𝐥𝐥𝐚𝐫 𝐒𝐡𝐢𝐫�,3808,600,https://www.dropshipping.com.bd/public/storage/images/product_thumbnail_img/thumb_69976e1d78e3c.jpg
Men's Fashion,𝐂𝐨𝐭𝐭𝐨𝐧 𝐂𝐨𝐥𝐥𝐚𝐫 𝐒𝐡𝐢𝐫�,3806,600,https://www.dropshipping.com.bd/public/storage/images/product_thumbnail_img/thumb_69976e1c68981.jpg
Men's Fashion,Men's Stylish Half Sleev Casual Sol,3496,650,https://www.dropshipping.com.bd/public/storage/images/product_thumbnail_img/thumb_69d34ab6a40c8_1775454902.jpg
Men's Fashion,Men's Stylish Half Sleev  Casual  S,3495,650,https://www.dropshipping.com.bd/public/storage/images/product_thumbnail_img/thumb_69d349c6191fd_1775454662.jpg
Men's Fashion,3 Pcs Combo Men's Ban Collar Cotton,3494,1300,https://www.dropshipping.com.bd/public/storage/images/product_thumbnail_img/thumb_69976d1c35f02.jpg
Men's Fashion,3 Pcs Combo Men's Ban Collar Cotton,3492,1300,https://www.dropshipping.com.bd/public/storage/images/product_thumbnail_img/thumb_69976d1aa0729.jpg
Men's Fashion,3 Pcs Combo Men's Ban Collar Cotton,3491,1300,https://www.dropshipping.com.bd/public/storage/images/product_thumbnail_img/thumb_69976d1962bcb.jpg
Men's Fashion,3 Pcs Combo Men's Ban Collar Cotton,3490,1300,https://www.dropshipping.com.bd/public/storage/images/product_thumbnail_img/thumb_69976d182bc0f.jpg
Men's Fashion,3 pcs Combo Men's Ban Collar Cotton,3489,1300,https://www.dropshipping.com.bd/public/storage/images/product_thumbnail_img/thumb_69976d172282b.jpg
Men's Fashion,kaizar cotton Half sleeves Shirt Fo,3487,650,https://www.dropshipping.com.bd/public/storage/images/product_thumbnail_img/thumb_69d3442654a74_1775453222.jpg
Men's Fashion,kaizar cotton Half sleeves Shirt Fo,3486,650,https://www.dropshipping.com.bd/public/storage/images/product_thumbnail_img/thumb_69d3442720c21_1775453223.jpg
Men's Fashion,kaizar cotton Half sleeves Shirt Fo,3485,650,https://www.dropshipping.com.bd/public/storage/images/product_thumbnail_img/thumb_69d3446284501_1775453282.jpg
Men's Fashion,kaizar cotton Half sleeves Shirt Fo,3478,650,https://www.dropshipping.com.bd/public/storage/images/product_thumbnail_img/thumb_69d3449e0edf6_1775453342.jpg
Men's Fashion,kaizar cotton Half Sleev Shirt For,3476,650,https://www.dropshipping.com.bd/public/storage/images/product_thumbnail_img/thumb_69d343ae2b32d_1775453102.jpg
Men's Fashion,Men's Stylish Drop Shoulder-Green,7392,450,https://www.dropshipping.com.bd/public/storage/images/product_thumbnail_img/thumb_69d2241a5cbd1_1775379482.jpg
Men's Fashion,Men's Stylish Drop Shoulder-Blue,7388,450,https://www.dropshipping.com.bd/public/storage/images/product_thumbnail_img/thumb_69b3d34097bc9_1773392704.jpg
Men's Fashion,𝐂𝐨𝐭𝐭𝐨𝐧 Men's T-Shirt,7343,295,https://www.dropshipping.com.bd/public/storage/images/product_thumbnail_img/thumb_699776dc3b7d5.jpg
Men's Fashion,𝐂𝐨𝐭𝐭𝐨𝐧 Men's T-Shirt,7335,295,https://www.dropshipping.com.bd/public/storage/images/product_thumbnail_img/thumb_699776d957b07.jpg
Men's Fashion,Men's Stylish Drop Shoulder-Black,7324,450,https://www.dropshipping.com.bd/public/storage/images/product_thumbnail_img/thumb_69b7c56761d38_1773651303.jpg
Men's Fashion,Printed Stylish Panjabi for kids (2,4562,590,https://www.dropshipping.com.bd/public/storage/images/product_thumbnail_img/thumb_69a9abca72fc4_1772727242.jpg
Men's Fashion,Father & Son Matching Panjabi Set,4553,1090,https://www.dropshipping.com.bd/public/storage/images/product_thumbnail_img/thumb_69ad14222a2a4_1772950562.jpg
Men's Fashion,Colors Printed Stylish Semi Logn Pa,4552,750,https://www.dropshipping.com.bd/public/storage/images/product_thumbnail_img/thumb_69d1f35a066d5_1775367002.jpg
Men's Fashion,Men's Solid Colour Ban color Shirt,4202,550,https://www.dropshipping.com.bd/public/storage/images/product_thumbnail_img/thumb_69cd0886eb86e_1775044742.jpg
Men's Fashion,FOGG  For Men IMPERIAL BLUE 120ML,4176,390,https://www.dropshipping.com.bd/public/storage/images/product_thumbnail_img/thumb_69976f43ce5b4.jpg
Men's Fashion,Leather Wallet for Men Brown,4153,490,https://www.dropshipping.com.bd/public/storage/images/product_thumbnail_img/thumb_69976f30451f7.jpg
Men's Fashion,Leather Wallet for Men Black,4152,490,https://www.dropshipping.com.bd/public/storage/images/product_thumbnail_img/thumb_69976f2f2afad.jpg
Men's Fashion,ALI LEATHER WALLET MONEY PURSE CARD,3969,990,https://www.dropshipping.com.bd/public/storage/images/product_thumbnail_img/thumb_69976e9895cb7.jpg
Men's Fashion,Men's Full Sleeve Tracksuit For Win,3865,790,https://www.dropshipping.com.bd/public/storage/images/product_thumbnail_img/thumb_69976e54c54c4.jpg
Men's Fashion,Stylish Premium Quality Panjabi,3801,750,https://www.dropshipping.com.bd/public/storage/images/product_thumbnail_img/thumb_69abd1e19d0dc_1772868065.jpg
Men's Fashion,Stylish Premium Quality Panjabi,3792,750,https://www.dropshipping.com.bd/public/storage/images/product_thumbnail_img/thumb_69b42e7d90e05_1773416061.jpg
Men's Fashion,Stylish Premium Quality Panjabi,3791,750,https://www.dropshipping.com.bd/public/storage/images/product_thumbnail_img/thumb_69b6d8510c306_1773590609.jpg
Men's Fashion,Stylish Premium Quality Panjabi,3787,750,https://www.dropshipping.com.bd/public/storage/images/product_thumbnail_img/thumb_69ae91b25aa4b_1773048242.jpg
Men's Fashion,Stylish Premium Quality Panjabi,3784,990,https://www.dropshipping.com.bd/public/storage/images/product_thumbnail_img/thumb_69a84a5befe63_1772636763.jpg
Men's Fashion,3 pcs Full Sleeve Solid T-Shirt Com,7009,850,https://www.dropshipping.com.bd/public/storage/images/product_thumbnail_img/thumb_699775f1b62dc.jpg
Men's Fashion,Islamic calligraphy Full Sleeve T-S,7010,350,https://www.dropshipping.com.bd/public/storage/images/product_thumbnail_img/thumb_699c11c1f4102_1771835841.jpg
Men's Fashion,Islamic calligraphy Full Sleeve T-S,7011,350,https://www.dropshipping.com.bd/public/storage/images/product_thumbnail_img/thumb_699c11cfb6957_1771835855.jpg
Men's Fashion,Islamic calligraphy Full Sleeve T-S,7012,350,https://www.dropshipping.com.bd/public/storage/images/product_thumbnail_img/thumb_699c08923eda2_1771833490.jpg
Men's Fashion,Islamic calligraphy Full Sleeve T-S,7013,350,https://www.dropshipping.com.bd/public/storage/images/product_thumbnail_img/thumb_699c11c84ed2d_1771835848.jpg
Men's Fashion,Islamic calligraphy Full Sleeve T-S,7014,350,https://www.dropshipping.com.bd/public/storage/images/product_thumbnail_img/thumb_699775f4bd7b9.jpg
Men's Fashion,Islamic calligraphy Full Sleeve T-S,7015,350,https://www.dropshipping.com.bd/public/storage/images/product_thumbnail_img/thumb_699c11bebe228_1771835838.jpg
Men's Fashion,Islamic calligraphy Full Sleeve T-S,7016,350,https://www.dropshipping.com.bd/public/storage/images/product_thumbnail_img/thumb_699c11bdf1c84_1771835837.jpg
Men's Fashion,Islamic calligraphy Full Sleeve T-S,7017,350,https://www.dropshipping.com.bd/public/storage/images/product_thumbnail_img/thumb_699c11bd2ec80_1771835837.jpg
Men's Fashion,Men's Ban Collar Cotton Shirt-,7083,550,https://www.dropshipping.com.bd/public/storage/images/product_thumbnail_img/thumb_69abd07dcf779_1772867709.jpg
Men's Fashion,Wallet for Men Black,7163,250,https://www.dropshipping.com.bd/public/storage/images/product_thumbnail_img/thumb_69d332582a9a1_1775448664.jpg
Men's Fashion,Half Sleeve Mesh T-shirt For Men,7248,750,https://www.dropshipping.com.bd/public/storage/images/product_thumbnail_img/thumb_6997769d9f9ce.jpg
Men's Fashion,4pis Mesh Jersy Fabric T Shirt,7250,750,https://www.dropshipping.com.bd/public/storage/images/product_thumbnail_img/thumb_69ad8c26d4c90_1772981286.jpg
Men's Fashion,4pis Mesh Jersy Fabric T Shirt,7251,750,https://www.dropshipping.com.bd/public/storage/images/product_thumbnail_img/thumb_69ad8c2770870_1772981287.jpg
Men's Fashion,test,2960,650,https://www.dropshipping.com.bd/public/storage/images/product_thumbnail_img/thumbnail_1737632719_6312.jpg
Men's Fashion,test,1802,650,https://www.dropshipping.com.bd/public/storage/images/product_thumbnail_img/thumbnail_1737632719_4915.jpg
Men's Fashion,Casual Men's Sweatpant Trouser Blac,6971,290,https://www.dropshipping.com.bd/public/storage/images/product_thumbnail_img/thumb_699775e0a662a.jpg
Men's Fashion,Double Pocket  shirt for men( Golde,6970,650,https://www.dropshipping.com.bd/public/storage/images/product_thumbnail_img/thumb_69a2c9fe9cd56_1772276222.jpg
Men's Fashion,Stylish Comfortable sports T-Shirt(,6969,280,https://www.dropshipping.com.bd/public/storage/images/product_thumbnail_img/thumb_699775dfa6357.jpg
Men's Fashion,Men's Full Sleeve Solid T-Shirt- 3,6916,550,https://www.dropshipping.com.bd/public/storage/images/product_thumbnail_img/thumb_699775c94bf64.jpg
Men's Fashion,Men's Stylish Winter Trouser- Mohas,6876,260,https://www.dropshipping.com.bd/public/storage/images/product_thumbnail_img/thumb_69abd1a8a8890_1772868008.jpg
Men's Fashion,Men's Casual Sports Trouser- 3strip,6875,480,https://www.dropshipping.com.bd/public/storage/images/product_thumbnail_img/thumb_69d117d0dfe2c_1775310800.jpg
Men's Fashion,Men's Stylish Winter Trouser- Gnean,6850,260,https://www.dropshipping.com.bd/public/storage/images/product_thumbnail_img/thumb_699775a62c2ac.jpg
Men's Fashion,Islamic calligraphy Full Sleeve T-S,6471,350,https://www.dropshipping.com.bd/public/storage/images/product_thumbnail_img/thumb_699774de5ef68.jpg
Men's Fashion,Islamic calligraphy Full Sleeve T-S,6470,350,https://www.dropshipping.com.bd/public/storage/images/product_thumbnail_img/thumb_699774ddd7b90.jpg
Men's Fashion,Islamic calligraphy Full Sleeve T-S,6469,350,https://www.dropshipping.com.bd/public/storage/images/product_thumbnail_img/thumb_699774dd59ce1.jpg
Men's Fashion,Islamic calligraphy Full Sleeve T-S,6468,350,https://www.dropshipping.com.bd/public/storage/images/product_thumbnail_img/thumb_699774dcc6e3f.jpg
Men's Fashion,Islamic calligraphy Full Sleeve T-S,6466,350,https://www.dropshipping.com.bd/public/storage/images/product_thumbnail_img/thumb_699774dbec04f.jpg
Men's Fashion,Islamic calligraphy Full Sleeve T-S,6462,350,https://www.dropshipping.com.bd/public/storage/images/product_thumbnail_img/thumb_699c08a8aa320_1771833512.jpg
Men's Fashion,Islamic calligraphy Full Sleeve T-S,6461,350,https://www.dropshipping.com.bd/public/storage/images/product_thumbnail_img/thumb_699774d9dcb6e.jpg
Men's Fashion,Islamic calligraphy Full Sleeve T-S,6459,350,https://www.dropshipping.com.bd/public/storage/images/product_thumbnail_img/thumb_699774d913950.jpg
Men's Fashion,Islamic calligraphy Full Sleeve T-S,6458,350,https://www.dropshipping.com.bd/public/storage/images/product_thumbnail_img/thumb_699c11b3bf28e_1771835827.jpg
Men's Fashion,Islamic calligraphy Full Sleeve T-S,6456,350,https://www.dropshipping.com.bd/public/storage/images/product_thumbnail_img/thumb_699774d79ff00.jpg
Men's Fashion,Islamic calligraphy Full Sleeve T-S,6455,350,https://www.dropshipping.com.bd/public/storage/images/product_thumbnail_img/thumb_699774d720925.jpg
Men's Fashion,Islamic calligraphy Full Sleeve T-S,6454,350,https://www.dropshipping.com.bd/public/storage/images/product_thumbnail_img/thumb_699774d6176a2.jpg
Men's Fashion,Islamic calligraphy Full Sleeve T-S,6453,350,https://www.dropshipping.com.bd/public/storage/images/product_thumbnail_img/thumb_699774d57f511.jpg
Men's Fashion,Islamic calligraphy Full Sleeve T-S,6452,350,https://www.dropshipping.com.bd/public/storage/images/product_thumbnail_img/thumb_699774d4e5ba9.jpg
Men's Fashion,Islamic calligraphy Full Sleeve T-S,6449,350,https://www.dropshipping.com.bd/public/storage/images/product_thumbnail_img/thumb_699774d37e012.jpg
Men's Fashion,Men's Full Sleeve (Tree) T-Shirt,6448,350,https://www.dropshipping.com.bd/public/storage/images/product_thumbnail_img/thumb_699774d224448.jpg
Men's Fashion,Men's Full Sleeve (Heron Bird) T-Sh,6440,350,https://www.dropshipping.com.bd/public/storage/images/product_thumbnail_img/thumb_699c11b50b3f0_1771835829.jpg
Men's Fashion,Fashionable Casual Shirt for Men,6401,750,https://www.dropshipping.com.bd/public/storage/images/product_thumbnail_img/thumb_699efa4a97839_1772026442.jpg
Men's Fashion,Fashionable Casual Shirt For Men (A,6400,750,https://www.dropshipping.com.bd/public/storage/images/product_thumbnail_img/thumb_699ef86ba45d2_1772025963.jpg
Men's Fashion,Fashionable Casual Shirt for Men (G,6399,750,https://www.dropshipping.com.bd/public/storage/images/product_thumbnail_img/thumb_699ef4ab4356b_1772025003.jpg
Men's Fashion,Fashionable Casual Shirt for Men (B,6398,750,https://www.dropshipping.com.bd/public/storage/images/product_thumbnail_img/thumb_699ef3bb3d609_1772024763.jpg
Men's Fashion,Fashionable Casual Shirt For Men (M,6397,750,https://www.dropshipping.com.bd/public/storage/images/product_thumbnail_img/thumb_699ef64e95186_1772025422.jpg
Men's Fashion,Men's Full Sleeve (Bodle Jai ni ami,6387,350,https://www.dropshipping.com.bd/public/storage/images/product_thumbnail_img/thumb_699774ab5befa.jpg
Men's Fashion,Men's Full Sleeve (Ami Amar Moto) T,6386,350,https://www.dropshipping.com.bd/public/storage/images/product_thumbnail_img/thumb_699774aa59c34.jpg
Men's Fashion,Men's Full Sleeve (Designer) T-Shir,6382,350,https://www.dropshipping.com.bd/public/storage/images/product_thumbnail_img/thumb_69cb4f7739726_1774931831.jpg
Men's Fashion,Men's Full Sleeve (Paris) T-Shirt,6378,350,https://www.dropshipping.com.bd/public/storage/images/product_thumbnail_img/thumb_699774a47c944.jpg
Men's Fashion,Men's Full Sleeve (Positive Thinkin,6370,350,https://www.dropshipping.com.bd/public/storage/images/product_thumbnail_img/thumb_6997749d2970d.jpg
Men's Fashion,Men's Full Sleeve (Next Gen Leader),6354,350,https://www.dropshipping.com.bd/public/storage/images/product_thumbnail_img/thumb_699774967f612.jpg
Men's Fashion,Men's Full Sleeve (Future One) T-Sh,6353,350,https://www.dropshipping.com.bd/public/storage/images/product_thumbnail_img/thumb_69977495546c6.jpg
Men's Fashion,Men's Full Sleeve (Hope) T-Shirt,6352,350,https://www.dropshipping.com.bd/public/storage/images/product_thumbnail_img/thumb_699774942d963.jpg
Men's Fashion,Men's Full Sleeve (Design) T-Shirt,6351,350,https://www.dropshipping.com.bd/public/storage/images/product_thumbnail_img/thumb_69977493b5abe.jpg
Men's Fashion,Men's Full Sleeve (Error) T-Shirt,6349,350,https://www.dropshipping.com.bd/public/storage/images/product_thumbnail_img/thumb_6997749278cdd.jpg
Men's Fashion,Men's Full Sleeve (Do It) T-Shirt,6345,350,https://www.dropshipping.com.bd/public/storage/images/product_thumbnail_img/thumb_699774901cb76.jpg
Men's Fashion,Men's Full Sleeve Solid T-Shirt- Bl,6327,450,https://www.dropshipping.com.bd/public/storage/images/product_thumbnail_img/thumb_69d224199cb89_1775379481.jpg
Men's Fashion,Men's Full Sleeve Solid T-Shirt- As,6326,450,https://www.dropshipping.com.bd/public/storage/images/product_thumbnail_img/thumb_69977481b4b17.jpg
Men's Fashion,Men's Full Sleeve Solid T-Shirt- Na,6325,450,https://www.dropshipping.com.bd/public/storage/images/product_thumbnail_img/thumb_699774813cce4.jpg
Men's Fashion,Men's Full Sleeve Solid T-Shirt- Wh,6324,450,https://www.dropshipping.com.bd/public/storage/images/product_thumbnail_img/thumb_699774805a135.jpg
Men's Fashion,Jersey Fabrics Khalid Bin Walid T-s,6274,190,https://www.dropshipping.com.bd/public/storage/images/product_thumbnail_img/thumb_699c0891ba4e5_1771833489.jpg
Men's Fashion,Jersey Fabrics Power T-shirt,6269,190,https://www.dropshipping.com.bd/public/storage/images/product_thumbnail_img/thumb_699774627e468.jpg
Men's Fashion,High Thickness Double Pocket Shirt,6246,1020,https://www.dropshipping.com.bd/public/storage/images/product_thumbnail_img/thumb_6997744dabc6c.jpg
Men's Fashion,High Thickness Double Pocket Shirt,6245,1020,https://www.dropshipping.com.bd/public/storage/images/product_thumbnail_img/thumb_6997744d39500.jpg
Men's Fashion,High Thickness Double Pocket Shirt,6244,1020,https://www.dropshipping.com.bd/public/storage/images/product_thumbnail_img/thumb_6997744cb6371.jpg
Men's Fashion,High Thickness Double Pocket Shirt,6243,1020,https://www.dropshipping.com.bd/public/storage/images/product_thumbnail_img/thumb_6997744c37b47.jpg
Men's Fashion,Cotton full Sleeve Check Shirt for,6232,700,https://www.dropshipping.com.bd/public/storage/images/product_thumbnail_img/thumb_69977442697e5.jpg
Men's Fashion,Cotton full Sleeve Check Shirt for,6226,700,https://www.dropshipping.com.bd/public/storage/images/product_thumbnail_img/thumb_6997743d706a8.jpg
Men's Fashion,High Thickness Double Pocket Shirt.,6198,650,https://www.dropshipping.com.bd/public/storage/images/product_thumbnail_img/thumb_69b7ba9f96f0b_1773648543.jpg
Men's Fashion,High Thickness Double Pocket Shirt.,6197,650,https://www.dropshipping.com.bd/public/storage/images/product_thumbnail_img/thumb_69abd07a7c257_1772867706.jpg
Men's Fashion,High Thickness Double Pocket Shirt.,6196,650,https://www.dropshipping.com.bd/public/storage/images/product_thumbnail_img/thumb_69c828f559451_1774725365.jpg
Men's Fashion,High Thickness Double Pocket Shirt.,6195,650,https://www.dropshipping.com.bd/public/storage/images/product_thumbnail_img/thumb_69a7c3967e66b_1772602262.jpg
Men's Fashion,High Thickness Double Pocket Shirt.,6194,650,https://www.dropshipping.com.bd/public/storage/images/product_thumbnail_img/thumb_69a83fa1a7906_1772634017.jpg
Men's Fashion,High Thickness Double Pocket Shirt.,6193,650,https://www.dropshipping.com.bd/public/storage/images/product_thumbnail_img/thumb_69d371d9d67f2_1775464921.jpg
Men's Fashion,High Thickness Double Pocket Shirt,6192,650,https://www.dropshipping.com.bd/public/storage/images/product_thumbnail_img/thumb_69a4496606f99_1772374374.jpg
Men's Fashion,Men's Contrast Design T-Shirt- Navy,6125,490,https://www.dropshipping.com.bd/public/storage/images/product_thumbnail_img/thumb_69ce0eca1230c_1775111882.jpg
Men's Fashion,Men's Contrast Design T-Shirt- Maro,6124,490,https://www.dropshipping.com.bd/public/storage/images/product_thumbnail_img/thumb_69ce0d9e8a5bf_1775111582.jpg
Men's Fashion,𝐏𝐫𝐞𝐦𝐢𝐮𝐦 𝐒𝐧𝐚𝐩 𝐁𝐮𝐭𝐭𝐨�,6092,1450,https://www.dropshipping.com.bd/public/storage/images/product_thumbnail_img/thumb_699773f0b268a.jpg
Men's Fashion,Men's Stylish Drop Shoulder- Milano,6021,490,https://www.dropshipping.com.bd/public/storage/images/product_thumbnail_img/thumb_699ab78301bfe_1771747203.jpg
Men's Fashion,Men's Stylish Drop Shoulder- Milano,6020,490,https://www.dropshipping.com.bd/public/storage/images/product_thumbnail_img/thumb_699ebacc28341_1772010188.jpg
Men's Fashion,Men's Stylish Drop Shoulder- Milano,6019,550,https://www.dropshipping.com.bd/public/storage/images/product_thumbnail_img/thumb_69cb4f700c89f_1774931824.jpg
Men's Fashion,Men's Stylish Drop Shoulder- Milano,6018,490,https://www.dropshipping.com.bd/public/storage/images/product_thumbnail_img/thumb_69d232a355a3a_1775383203.jpg
Men's Fashion,Men's Full Sleeve Solid T-Shirt- Gr,5958,550,https://www.dropshipping.com.bd/public/storage/images/product_thumbnail_img/thumb_699773a31ddba.jpg
Men's Fashion,Men's Full Sleeve Solid T-Shirt- Ma,5957,550,https://www.dropshipping.com.bd/public/storage/images/product_thumbnail_img/thumb_699773a269355.jpg
Men's Fashion,Men's Full Sleeve Solid T-Shirt- Pe,5956,550,https://www.dropshipping.com.bd/public/storage/images/product_thumbnail_img/thumb_699773a1b074c.jpg
Men's Fashion,Men's Premium Solid T-Shirt- Black,5937,275,https://www.dropshipping.com.bd/public/storage/images/product_thumbnail_img/thumb_69d26cce8aa82_1775398094.jpg
Men's Fashion,Men's Premium Solid T-Shirt- White,5936,275,https://www.dropshipping.com.bd/public/storage/images/product_thumbnail_img/thumb_69d26ccd9c068_1775398093.jpg
Men's Fashion,Men's Premium Solid T-Shirt- Navy,5935,275,https://www.dropshipping.com.bd/public/storage/images/product_thumbnail_img/thumb_69d26cccd6a9a_1775398092.jpg
Men's Fashion,Men's Premium Solid T-Shirt- Maroon,5934,275,https://www.dropshipping.com.bd/public/storage/images/product_thumbnail_img/thumb_69a7cd70c64b4_1772604784.jpg
Men's Fashion,Jersey Fabrics Scenario T-shirt,5747,190,https://www.dropshipping.com.bd/public/storage/images/product_thumbnail_img/thumb_699c11c2ea24b_1771835842.jpg
Men's Fashion,Jersey Fabrics Let's Talk Type T-sh,5743,190,https://www.dropshipping.com.bd/public/storage/images/product_thumbnail_img/thumb_6997733144618.jpg
Men's Fashion,Jersey Fabrics HIJRAH from darkness,5740,190,https://www.dropshipping.com.bd/public/storage/images/product_thumbnail_img/thumb_699c08911a262_1771833489.jpg
Men's Fashion,Burberry London Cotton full Sleeve,5718,750,https://www.dropshipping.com.bd/public/storage/images/product_thumbnail_img/thumb_69d368027defa_1775462402.jpg
Men's Fashion,Jersey Fabrics Allahu Akbar T-shirt,5592,190,https://www.dropshipping.com.bd/public/storage/images/product_thumbnail_img/thumb_699772da46ee4.jpg
Men's Fashion,Jersey Fabrics Jannah is my dreem T,5589,190,https://www.dropshipping.com.bd/public/storage/images/product_thumbnail_img/thumb_699c089074afe_1771833488.jpg
Men's Fashion,Jersey Fabrics Don't be Rude T-shir,5526,190,https://www.dropshipping.com.bd/public/storage/images/product_thumbnail_img/thumb_699c08a8180c7_1771833512.jpg
Men's Fashion,Jersey Fabrics Islam is my Deen T-s,5525,190,https://www.dropshipping.com.bd/public/storage/images/product_thumbnail_img/thumb_699772ba4e7cd.jpg
Men's Fashion,Classic & Comfortable Printed T-shi,5519,190,https://www.dropshipping.com.bd/public/storage/images/product_thumbnail_img/thumb_699772b5cb212.jpg
Men's Fashion,I'm Single - Classic Typography T-s,5516,190,https://www.dropshipping.com.bd/public/storage/images/product_thumbnail_img/thumb_699772b4d414a.jpg
Men's Fashion,BMW Branded Classic T-shirt,5510,190,https://www.dropshipping.com.bd/public/storage/images/product_thumbnail_img/thumb_699c08a78f0b3_1771833511.jpg
Men's Fashion,Islamic Typography T-shirt,5509,190,https://www.dropshipping.com.bd/public/storage/images/product_thumbnail_img/thumb_699c08a6be1f4_1771833510.jpg
Men's Fashion,Classic & Comfortable Printed T-shi,5507,190,https://www.dropshipping.com.bd/public/storage/images/product_thumbnail_img/thumb_699c08b6a48fd_1771833526.jpg
Men's Fashion,Jersey Fabrics Sleep T-shirt,5505,190,https://www.dropshipping.com.bd/public/storage/images/product_thumbnail_img/thumb_699c08a5e3184_1771833509.jpg
Men's Fashion,Jersey Fabrics Doesn't make burden,5498,190,https://www.dropshipping.com.bd/public/storage/images/product_thumbnail_img/thumb_699c08a46ae35_1771833508.jpg
Men's Fashion,High Quality Original Leather Forma,5495,790,https://www.dropshipping.com.bd/public/storage/images/product_thumbnail_img/thumb_69a6f1d71bb6e_1772548567.jpg
Men's Fashion,Leather belt for men,5475,860,https://www.dropshipping.com.bd/public/storage/images/product_thumbnail_img/thumb_699c9b7e6c1ea_1771871102.jpg
Men's Fashion,Leather belt for men,5473,830,https://www.dropshipping.com.bd/public/storage/images/product_thumbnail_img/thumb_6997729e9cef6.jpg
Men's Fashion,Soft & Comfortable T-shirt For Men,5274,190,https://www.dropshipping.com.bd/public/storage/images/product_thumbnail_img/thumb_6997722e8c2de.jpg
Men's Fashion,Bangladesh National Flag T-Shirt Fo,5273,190,https://www.dropshipping.com.bd/public/storage/images/product_thumbnail_img/thumb_699c08b4b378b_1771833524.jpg
Men's Fashion,Bangladesh Map T-Shirt For Mens,5269,190,https://www.dropshipping.com.bd/public/storage/images/product_thumbnail_img/thumb_69977229b1e6d.jpg
Men's Fashion,Islamic Message T-Shirt For Mens,5261,190,https://www.dropshipping.com.bd/public/storage/images/product_thumbnail_img/thumb_699c11bf6a7d0_1771835839.jpg
Men's Fashion,GEN Z T-Shirt For Mens,5252,190,https://www.dropshipping.com.bd/public/storage/images/product_thumbnail_img/thumb_6997721f89cfd.jpg
Men's Fashion,36 July T-Shirt For Mens,5251,190,https://www.dropshipping.com.bd/public/storage/images/product_thumbnail_img/thumb_699c11c8d9e21_1771835848.jpg
Men's Fashion,GEN Z T-Shirt For Mens,5235,190,https://www.dropshipping.com.bd/public/storage/images/product_thumbnail_img/thumb_699c08b42a584_1771833524.jpg
Men's Fashion,স্বাধীনতার টি-শার্ট,5174,190,https://www.dropshipping.com.bd/public/storage/images/product_thumbnail_img/thumb_699c11bb10fac_1771835835.jpg
Men's Fashion,Men's Jersey Febrics T-Shirt with I,5153,190,https://www.dropshipping.com.bd/public/storage/images/product_thumbnail_img/thumb_699c08a3bba7a_1771833507.jpg
Men's Fashion,Men's Jersey Febrics T-Shirt with I,5152,190,https://www.dropshipping.com.bd/public/storage/images/product_thumbnail_img/thumb_699771dbb5f47.jpg
Men's Fashion,Men's Jersey Febrics T-Shirt with I,5151,190,https://www.dropshipping.com.bd/public/storage/images/product_thumbnail_img/thumb_699c08a2ba92a_1771833506.jpg
Men's Fashion,Men's Jersey Febrics T-Shirt with I,5150,190,https://www.dropshipping.com.bd/public/storage/images/product_thumbnail_img/thumb_699c08b3a2f0f_1771833523.jpg
Men's Fashion,Men's Jersey Febrics T-Shirt with I,5149,190,https://www.dropshipping.com.bd/public/storage/images/product_thumbnail_img/thumb_699c08b32261f_1771833523.jpg
Men's Fashion,Men's Jersey Febrics T-Shirt with I,5147,190,https://www.dropshipping.com.bd/public/storage/images/product_thumbnail_img/thumb_699c08a210330_1771833506.jpg
Men's Fashion,Men's Jersey Febrics T-Shirt with I,5146,190,https://www.dropshipping.com.bd/public/storage/images/product_thumbnail_img/thumb_699c08a16eaa4_1771833505.jpg
Men's Fashion,Comfortable Jersey Fabrics T-shirt,5143,750,https://www.dropshipping.com.bd/public/storage/images/product_thumbnail_img/thumb_69ad406ec9050_1772961902.jpg
Men's Fashion,Comfortable Jersey Fabrics T-shirt,5142,750,https://www.dropshipping.com.bd/public/storage/images/product_thumbnail_img/thumb_699771d2b28d6.jpg
Men's Fashion,Stylish Sports Trouser,5128,480,https://www.dropshipping.com.bd/public/storage/images/product_thumbnail_img/thumb_699771cc4ee56.jpg
Men's Fashion,Jersey Febrics T-shirt with Islamic,5095,190,https://www.dropshipping.com.bd/public/storage/images/product_thumbnail_img/thumb_699c08b296048_1771833522.jpg
Men's Fashion,Jersey Febrics T-shirt with Islamic,5094,190,https://www.dropshipping.com.bd/public/storage/images/product_thumbnail_img/thumb_699c088fa721a_1771833487.jpg
Men's Fashion,Jersey Febrics T-shirt with Islamic,5092,190,https://www.dropshipping.com.bd/public/storage/images/product_thumbnail_img/thumb_699c11bbbfde4_1771835835.jpg
Men's Fashion,Jersey Febrics T-shirt with Islamic,5089,190,https://www.dropshipping.com.bd/public/storage/images/product_thumbnail_img/thumb_699c088f1bf6c_1771833487.jpg
Men's Fashion,Men's Full Sleeve T-Shirt,5081,350,https://www.dropshipping.com.bd/public/storage/images/product_thumbnail_img/thumb_699c09f258712_1771833842.jpg
Men's Fashion,Waist Bags for Men Leisure Color Wa,5080,320,https://www.dropshipping.com.bd/public/storage/images/product_thumbnail_img/thumb_699771acd2b19.jpg
Men's Fashion,Jersey Febrics T-shirt with Islamic,5033,190,https://www.dropshipping.com.bd/public/storage/images/product_thumbnail_img/thumb_6997718f7aba3.jpg
Men's Fashion,Jersey Fabrics T-Shirt (টিয়া) পাতলা,5019,150,https://www.dropshipping.com.bd/public/storage/images/product_thumbnail_img/thumb_69b27e4a7d796_1773305418.jpg
Men's Fashion,Jersey Fabrics T-Shirt (Yellow) পাত,5018,150,https://www.dropshipping.com.bd/public/storage/images/product_thumbnail_img/thumb_69b27eb6598a3_1773305526.jpg
Men's Fashion,Jersey Fabrics T-Shirt (Sky blue) প,5017,150,https://www.dropshipping.com.bd/public/storage/images/product_thumbnail_img/thumb_69cb4f74b9d08_1774931828.jpg
Men's Fashion,Jersey Fabrics T-Shirt (Ash) পাতলা,5016,150,https://www.dropshipping.com.bd/public/storage/images/product_thumbnail_img/thumb_69a025d64a9c9_1772103126.jpg
Men's Fashion,Jersey Fabrics T-Shirt (Pink) পাতলা,5015,150,https://www.dropshipping.com.bd/public/storage/images/product_thumbnail_img/thumb_69b27e48e1f5e_1773305416.jpg
Men's Fashion,Stylish Half Sleeve Jersey Fabrics,4969,190,https://www.dropshipping.com.bd/public/storage/images/product_thumbnail_img/thumb_699c11b98cdc3_1771835833.jpg
Men's Fashion,Stylish Half Sleeve Jersey Fabrics,4966,190,https://www.dropshipping.com.bd/public/storage/images/product_thumbnail_img/thumb_699c08b1dcfeb_1771833521.jpg
Men's Fashion,Stylish Half Sleeve Jersey Fabrics,4965,190,https://www.dropshipping.com.bd/public/storage/images/product_thumbnail_img/thumb_699c11ba353f3_1771835834.jpg
Men's Fashion,Bangladesh Map Jersey Fabrics T-Shi,4964,190,https://www.dropshipping.com.bd/public/storage/images/product_thumbnail_img/thumb_699771656d952.jpg
Men's Fashion,Stylish Half Sleeve Jersey Fabrics,4963,190,https://www.dropshipping.com.bd/public/storage/images/product_thumbnail_img/thumb_699c08b0e5ff1_1771833520.jpg
Men's Fashion,Stylish Half Sleeve Jersey Fabrics,4961,190,https://www.dropshipping.com.bd/public/storage/images/product_thumbnail_img/thumb_699c08b041e90_1771833520.jpg
Men's Fashion,Stylish Half Sleeve Jersey Fabrics,4959,190,https://www.dropshipping.com.bd/public/storage/images/product_thumbnail_img/thumb_699c11b7329c1_1771835831.jpg
Men's Fashion,Stylish Half Sleeve Jersey Fabrics,4956,190,https://www.dropshipping.com.bd/public/storage/images/product_thumbnail_img/thumb_699c11b833593_1771835832.jpg
Men's Fashion,Stylish Half Sleeve Jersey Fabrics,4954,190,https://www.dropshipping.com.bd/public/storage/images/product_thumbnail_img/thumb_699c08a0b10d9_1771833504.jpg
Men's Fashion,Jersey Fabrics T-Shirt (White) পাতল,4907,150,https://www.dropshipping.com.bd/public/storage/images/product_thumbnail_img/thumb_69b27eb796f7a_1773305527.jpg
Men's Fashion,T-Shirt (Ek Diner Kosai) for EID Sp,4905,190,https://www.dropshipping.com.bd/public/storage/images/product_thumbnail_img/thumb_699c11bc54b5e_1771835836.jpg
Men's Fashion,T-Shirt (কুরবানী হোক রবের সন্তুষ্টি,4892,190,https://www.dropshipping.com.bd/public/storage/images/product_thumbnail_img/thumb_699c11d09559d_1771835856.jpg
Men's Fashion,T-Shirt (Eider Diner Kosai) for EID,4817,190,https://www.dropshipping.com.bd/public/storage/images/product_thumbnail_img/thumb_699c11cf1c4e7_1771835855.jpg
Men's Fashion,T-Shirt (Goru Kinte Jai) for EID Sp,4816,190,https://www.dropshipping.com.bd/public/storage/images/product_thumbnail_img/thumb_699c11b8f0c24_1771835832.jpg
Men's Fashion,T-Shirt (Ek Diner Kosai) for EID Sp,4815,190,https://www.dropshipping.com.bd/public/storage/images/product_thumbnail_img/thumb_699c088d22ab5_1771833485.jpg
Men's Fashion,T-Shirt (Ek Diner Kosai) for EID Sp,4814,190,https://www.dropshipping.com.bd/public/storage/images/product_thumbnail_img/thumb_699c11ce6c634_1771835854.jpg
Men's Fashion,Stylish/Comfortable sports T-Shirt,4763,990,https://www.dropshipping.com.bd/public/storage/images/product_thumbnail_img/thumb_69cb6cf5dd1f9_1774939381.jpg
Men's Fashion,Stylish Comfortable sports T-Shirt(,4678,280,https://www.dropshipping.com.bd/public/storage/images/product_thumbnail_img/thumb_69d1f9ebe63ec_1775368683.jpg
Men's Fashion,Stylish Comfortable sports T-Shirt(,4677,280,https://www.dropshipping.com.bd/public/storage/images/product_thumbnail_img/thumb_69d1f9ea2128f_1775368682.jpg
Men's Fashion,Stylish/Comfortable sports T-Shirt,4661,990,https://www.dropshipping.com.bd/public/storage/images/product_thumbnail_img/thumb_69cb6d31a3393_1774939441.jpg
Men's Fashion,Stylish Comfortable sports T-Shirt(,4660,280,https://www.dropshipping.com.bd/public/storage/images/product_thumbnail_img/thumb_69d1f9eb0b329_1775368683.jpg
Men's Fashion,Stylish Comfortable sports T-Shirt,4658,280,https://www.dropshipping.com.bd/public/storage/images/product_thumbnail_img/thumb_69d1f9edc0464_1775368685.jpg
Men's Fashion,Stylish Comfortable sports T-Shirt,4657,280,https://www.dropshipping.com.bd/public/storage/images/product_thumbnail_img/thumb_69d1f9ecc8c4d_1775368684.jpg
Men's Fashion,Stylish Comfortable sports T-Shirt(,4655,280,https://www.dropshipping.com.bd/public/storage/images/product_thumbnail_img/thumb_69ca7b935141a_1774877587.jpg
Men's Fashion,Father & Son Matching Panjabi Set,4625,1090,https://www.dropshipping.com.bd/public/storage/images/product_thumbnail_img/thumb_69977075b7946.jpg
Men's Fashion,Colors Printed Stylish Semi Logn Pa,4624,690,https://www.dropshipping.com.bd/public/storage/images/product_thumbnail_img/thumb_69b1145b7315c_1773212763.jpg
Men's Fashion,Printed Stylish Panjabi for kids (2,4623,590,https://www.dropshipping.com.bd/public/storage/images/product_thumbnail_img/thumb_69a996a258359_1772721826.jpg
Men's Fashion,White Cotton Aligori Pajama,4421,550,https://www.dropshipping.com.bd/public/storage/images/product_thumbnail_img/thumb_69b42e816ffbf_1773416065.jpg
Men's Fashion,Semi long panjabi,4312,1090,https://www.dropshipping.com.bd/public/storage/images/product_thumbnail_img/thumb_69c8ad5de1ff5_1774759261.jpg
Men's Fashion,Men's Only Trouser-Camo cargo,3844,290,https://www.dropshipping.com.bd/public/storage/images/product_thumbnail_img/thumb_69976e3de8b1e.jpg
Men's Fashion,Men's Casual Sports Trowser-Hugo Bo,3841,440,https://www.dropshipping.com.bd/public/storage/images/product_thumbnail_img/thumb_69976e3abfc17.jpg
Men's Fashion,Double Pocket  shirt for men( Pink),3825,650,https://www.dropshipping.com.bd/public/storage/images/product_thumbnail_img/thumb_69a2d48ec446a_1772278926.jpg
Men's Fashion,Men's -Original Gabadine Pant- Gree,3739,750,https://www.dropshipping.com.bd/public/storage/images/product_thumbnail_img/thumb_69976de6b442a.jpg
Men's Fashion,Men’s Stylish Premium Quality Artif,3629,550,https://www.dropshipping.com.bd/public/storage/images/product_thumbnail_img/thumb_69976d9517381.jpg
Men's Fashion,Men's Solid Colour  Ban color Shirt,3301,550,https://www.dropshipping.com.bd/public/storage/images/product_thumbnail_img/thumb_69a27ca621c7c_1772256422.jpg
Men's Fashion,Men's Solid Colour Color Shirt(blac,3219,500,https://www.dropshipping.com.bd/public/storage/images/product_thumbnail_img/thumb_69976c5ded498.jpg
Men's Fashion,Men's Solid Colour Color Shirt( pas,3218,550,https://www.dropshipping.com.bd/public/storage/images/product_thumbnail_img/thumb_69976c5ce29f7.jpg
Men's Fashion,Men's Solid Colour Ban color Shirt(,3212,550,https://www.dropshipping.com.bd/public/storage/images/product_thumbnail_img/thumb_69abd08dcc285_1772867725.jpg
Men's Fashion,Fashionable casual shirt for men(Ol,3207,650,https://www.dropshipping.com.bd/public/storage/images/product_thumbnail_img/thumb_69976c53de984.jpg
Men's Fashion,Fashionable casual shirt for men(as,3206,650,https://www.dropshipping.com.bd/public/storage/images/product_thumbnail_img/thumb_69976c5341889.jpg
Men's Fashion,Fashionable casual shirt for men (g,3204,390,https://www.dropshipping.com.bd/public/storage/images/product_thumbnail_img/thumb_69976c5256223.jpg
Men's Fashion,Men's Solid Colour Ban color Shirt,3203,550,https://www.dropshipping.com.bd/public/storage/images/product_thumbnail_img/thumb_69a1a6f269058_1772201714.jpg
Men's Fashion,Men's Solid Colour Ban color Shirt,3200,550,https://www.dropshipping.com.bd/public/storage/images/product_thumbnail_img/thumb_69d1e589451a8_1775363465.jpg
Men's Fashion,Stylish Sports T-Shirt & Trouser (2,3128,750,https://www.dropshipping.com.bd/public/storage/images/product_thumbnail_img/thumb_69976c175690e.jpg
Men's Fashion,Double Pocket  shirt for men (maroo,3122,650,https://www.dropshipping.com.bd/public/storage/images/product_thumbnail_img/thumb_69b65b4c2f229_1773558604.jpg
Men's Fashion,Fashionable casual shirt for men(bl,3121,650,https://www.dropshipping.com.bd/public/storage/images/product_thumbnail_img/thumb_69d355ba34829_1775457722.jpg
Men's Fashion,Double Pocket  shirt for men(sky),3120,650,https://www.dropshipping.com.bd/public/storage/images/product_thumbnail_img/thumb_69b65b4ce671f_1773558604.jpg
Men's Fashion,Double Pocket  shirt for men( katal,3119,650,https://www.dropshipping.com.bd/public/storage/images/product_thumbnail_img/thumb_69a43b9a5c354_1772370842.jpg
Men's Fashion,Fashionable casual shirt for men(pu,3118,690,https://www.dropshipping.com.bd/public/storage/images/product_thumbnail_img/thumb_69a43c8ae8e41_1772371082.jpg
Men's Fashion,Men's Solid Colour Cotton Shirt (pu,3115,590,https://www.dropshipping.com.bd/public/storage/images/product_thumbnail_img/thumb_69afef2c7e840_1773137708.jpg
Men's Fashion,Men's Solid Colour Color Shirt (Dee,3114,550,https://www.dropshipping.com.bd/public/storage/images/product_thumbnail_img/thumb_69cd0c4614374_1775045702.jpg
Men's Fashion,Men's Solid Colour Ban color Shirt,3112,550,https://www.dropshipping.com.bd/public/storage/images/product_thumbnail_img/thumb_69ce7f56b9aea_1775140694.jpg
Men's Fashion,Men's Solid Colour Ban color Shirt,3111,550,https://www.dropshipping.com.bd/public/storage/images/product_thumbnail_img/thumb_699fe6172920a_1772086807.jpg
Men's Fashion,Men's Solid Colour Ban color Shirt,3110,550,https://www.dropshipping.com.bd/public/storage/images/product_thumbnail_img/thumb_69c9fa35beef2_1774844469.jpg
Men's Fashion,Men's Solid Colour Ban color Shirt,3109,550,https://www.dropshipping.com.bd/public/storage/images/product_thumbnail_img/thumb_69cdee3763e04_1775103543.jpg
Men's Fashion,Men's Solid Colour Ban color Shirt,3108,550,https://www.dropshipping.com.bd/public/storage/images/product_thumbnail_img/thumb_69cd0887f053e_1775044743.jpg
Men's Fashion,Men's Solid Colour Ban color Shirt,3107,550,https://www.dropshipping.com.bd/public/storage/images/product_thumbnail_img/thumb_699fe64f7fedf_1772086863.jpg
Men's Fashion,Men's Solid Colour Ban color Shirt,3106,550,https://www.dropshipping.com.bd/public/storage/images/product_thumbnail_img/thumb_69ad7f43cecbb_1772977987.jpg
Men's Fashion,Men's Solid Colour Ban color Shirt,3105,550,https://www.dropshipping.com.bd/public/storage/images/product_thumbnail_img/thumb_69cb4e7e1adee_1774931582.jpg
Men's Fashion,Men's Cotton Katua(Paste),3064,490,https://www.dropshipping.com.bd/public/storage/images/product_thumbnail_img/thumb_69c4e001bd4a8_1774510081.jpg
Men's Fashion,Men's Gabardine Pant (Ash Color),3041,690,https://www.dropshipping.com.bd/public/storage/images/product_thumbnail_img/thumb_69976bda0477c.jpg
Men's Fashion,Casual Men's Sweatpant Trouser Blac,3039,390,https://www.dropshipping.com.bd/public/storage/images/product_thumbnail_img/thumb_69ae8eaa518a6_1773047466.jpg
Men's Fashion,Men's Gabardine Pant (Navy Color),3036,690,https://www.dropshipping.com.bd/public/storage/images/product_thumbnail_img/thumb_69976bd525c4d.jpg
Men's Fashion,Men's Gabardine Pant (Black Color),3035,690,https://www.dropshipping.com.bd/public/storage/images/product_thumbnail_img/thumb_69b6d878632c7_1773590648.jpg
Woman's Fashion,Imported Maternity Bra for Newborn,13052,490,https://www.dropshipping.com.bd/public/storage/images/product_thumbnail_img/thumb_69d3bd1c22acc_1775484188.jpg
Woman's Fashion,Imported Maternity Bra for Newborn,13050,490,https://www.dropshipping.com.bd/public/storage/images/product_thumbnail_img/thumb_69d3bd1d07528_1775484189.jpg
Woman's Fashion,Premium Floral Less Bra Top Collect,13048,690,https://www.dropshipping.com.bd/public/storage/images/product_thumbnail_img/thumb_69d339d69e6f6_1775450582.jpg
Woman's Fashion,Premium Floral Less Bra Top Collect,13047,690,https://www.dropshipping.com.bd/public/storage/images/product_thumbnail_img/thumb_69d3399ab439b_1775450522.jpg
Woman's Fashion,Imported Maternity Bra for Newborn,13022,490,https://www.dropshipping.com.bd/public/storage/images/product_thumbnail_img/thumb_69d33a5313311_1775450707.jpg
Woman's Fashion,Imported Maternity Bra for Newborn,13021,490,https://www.dropshipping.com.bd/public/storage/images/product_thumbnail_img/thumb_69d33a50d6920_1775450704.jpg
Woman's Fashion,Imported Maternity Bra for Newborn,13020,490,https://www.dropshipping.com.bd/public/storage/images/product_thumbnail_img/thumb_69d33a4e2ae6f_1775450702.jpg
Woman's Fashion,Imported Maternity Bra for Newborn,13019,490,https://www.dropshipping.com.bd/public/storage/images/product_thumbnail_img/thumb_69d3bd1df2650_1775484189.jpg
Woman's Fashion,Imported Maternity Bra for Newborn,13018,490,https://www.dropshipping.com.bd/public/storage/images/product_thumbnail_img/thumb_69d33a136c644_1775450643.jpg
Woman's Fashion,Front Zipper Sports Bra,13017,1450,https://www.dropshipping.com.bd/public/storage/images/product_thumbnail_img/thumb_69d33ca6adc32_1775451302.jpg
Woman's Fashion,Front Zipper Sports Bra,13016,1450,https://www.dropshipping.com.bd/public/storage/images/product_thumbnail_img/thumb_69d33c6cbd0c7_1775451244.jpg
Woman's Fashion,Front Zipper Sports Bra,13011,1450,https://www.dropshipping.com.bd/public/storage/images/product_thumbnail_img/thumb_69d33c6b04203_1775451243.jpg
Woman's Fashion,Front Zipper Sports Bra,13010,1450,https://www.dropshipping.com.bd/public/storage/images/product_thumbnail_img/thumb_69d33c69bae9d_1775451241.jpg
Woman's Fashion,Leakproof cotton panty  for women c,13009,450,https://www.dropshipping.com.bd/public/storage/images/product_thumbnail_img/thumb_69c936bc7ce47_1774794428.jpg
Woman's Fashion,Leakproof cotton panty  for women c,13008,450,https://www.dropshipping.com.bd/public/storage/images/product_thumbnail_img/thumb_69b953247a965_1773753124.jpg
Woman's Fashion,Front Button Maternity Premium Bra,13001,750,https://www.dropshipping.com.bd/public/storage/images/product_thumbnail_img/thumb_69d33bb82db9b_1775451064.jpg
Woman's Fashion,Front Button Maternity Premium Bra,13000,750,https://www.dropshipping.com.bd/public/storage/images/product_thumbnail_img/thumb_69d33bb610615_1775451062.jpg
Woman's Fashion,Front Button Maternity Premium Bra,12999,750,https://www.dropshipping.com.bd/public/storage/images/product_thumbnail_img/thumb_69d33bb74f567_1775451063.jpg
Woman's Fashion,Front Button Maternity Premium Bra,12998,750,https://www.dropshipping.com.bd/public/storage/images/product_thumbnail_img/thumb_69d33b7aba82d_1775451002.jpg
Woman's Fashion,Premium Floral Less Bra Top Collect,12997,690,https://www.dropshipping.com.bd/public/storage/images/product_thumbnail_img/thumb_69d337bd51b71_1775450045.jpg
Woman's Fashion,Premium Floral Less Bra Top Collect,12996,690,https://www.dropshipping.com.bd/public/storage/images/product_thumbnail_img/thumb_69d337b9a6b7e_1775450041.jpg
Woman's Fashion,Premium Floral Less Bra Top Collect,12995,690,https://www.dropshipping.com.bd/public/storage/images/product_thumbnail_img/thumb_69d337bc2dfab_1775450044.jpg
Woman's Fashion,Premium Floral Less Bra Top Collect,12994,690,https://www.dropshipping.com.bd/public/storage/images/product_thumbnail_img/thumb_69d337bb29abb_1775450043.jpg
Woman's Fashion,Premium Floral Less Bra Top Collect,12993,690,https://www.dropshipping.com.bd/public/storage/images/product_thumbnail_img/thumb_69d3377e33da1_1775449982.jpg
Woman's Fashion,Imported Premium soft stretch comfo,12990,690,https://www.dropshipping.com.bd/public/storage/images/product_thumbnail_img/thumb_69d3bd5cceb23_1775484252.jpg
Woman's Fashion,Imported Premium soft stretch comfo,12989,690,https://www.dropshipping.com.bd/public/storage/images/product_thumbnail_img/thumb_69d33741bd3b6_1775449921.jpg
Woman's Fashion,Imported Premium soft stretch comfo,12988,690,https://www.dropshipping.com.bd/public/storage/images/product_thumbnail_img/thumb_69d337062eac5_1775449862.jpg
Woman's Fashion,Imported Premium soft stretch comfo,12987,690,https://www.dropshipping.com.bd/public/storage/images/product_thumbnail_img/thumb_69d336c9ba542_1775449801.jpg
Woman's Fashion,Magic Performance Sports Bra for Wo,12986,650,https://www.dropshipping.com.bd/public/storage/images/product_thumbnail_img/thumb_69d33653a659c_1775449683.jpg
Woman's Fashion,Magic Performance Sports Bra for Wo,12985,650,https://www.dropshipping.com.bd/public/storage/images/product_thumbnail_img/thumb_69d3bbea4915f_1775483882.jpg
Woman's Fashion,Magic Performance Sports Bra for Wo,12983,650,https://www.dropshipping.com.bd/public/storage/images/product_thumbnail_img/thumb_69d3361782a57_1775449623.jpg
Woman's Fashion,Magic Performance Sports Bra for Wo,12982,650,https://www.dropshipping.com.bd/public/storage/images/product_thumbnail_img/thumb_69d33615e8a1c_1775449621.jpg
Woman's Fashion,Elegant Palazzo long Khimar Set,12672,1150,https://www.dropshipping.com.bd/public/storage/images/product_thumbnail_img/thumb_6997859e8be60.jpg
Woman's Fashion,Elegant Palazzo long Khimar Set,12671,1150,https://www.dropshipping.com.bd/public/storage/images/product_thumbnail_img/thumb_69ce7f5614153_1775140694.jpg
Woman's Fashion,Elegant Palazzo long Khimar Set,12670,1150,https://www.dropshipping.com.bd/public/storage/images/product_thumbnail_img/thumb_6997859d3c321.jpg
Woman's Fashion,Elegant Palazzo long Khimar Set,12669,1150,https://www.dropshipping.com.bd/public/storage/images/product_thumbnail_img/thumb_6997859c9ac18.jpg
Woman's Fashion,Elegant Palazzo long Khimar Set,12668,1150,https://www.dropshipping.com.bd/public/storage/images/product_thumbnail_img/thumb_6997859beeea4.jpg
Woman's Fashion,Elegant Palazzo long Khimar Set,12667,1150,https://www.dropshipping.com.bd/public/storage/images/product_thumbnail_img/thumb_69996e7a4ae1b_1771662970.jpg
Woman's Fashion,Elegant Palazzo long Khimar Set,12665,1150,https://www.dropshipping.com.bd/public/storage/images/product_thumbnail_img/thumb_6997859a7ba67.jpg
Woman's Fashion,Elegant Palazzo long Khimar Set,12664,1150,https://www.dropshipping.com.bd/public/storage/images/product_thumbnail_img/thumb_69978599c021d.jpg
Woman's Fashion,Elegant Palazzo long Khimar Set,12662,1150,https://www.dropshipping.com.bd/public/storage/images/product_thumbnail_img/thumb_6997859881ed1.jpg
Woman's Fashion,Elegant Palazzo long Khimar Set,12661,1150,https://www.dropshipping.com.bd/public/storage/images/product_thumbnail_img/thumb_69978597eec89.jpg
Woman's Fashion,Elegant Palazzo long Khimar Set,12660,1150,https://www.dropshipping.com.bd/public/storage/images/product_thumbnail_img/thumb_699785976c410.jpg
Woman's Fashion,Elegant Palazzo long Khimar Set,12659,1150,https://www.dropshipping.com.bd/public/storage/images/product_thumbnail_img/thumb_69978596ccae8.jpg
Woman's Fashion,Elegant Palazzo long Khimar Set,12658,1150,https://www.dropshipping.com.bd/public/storage/images/product_thumbnail_img/thumb_699785964acc1.jpg
Woman's Fashion,Elegant Palazzo long Khimar Set,12657,1150,https://www.dropshipping.com.bd/public/storage/images/product_thumbnail_img/thumb_69978595abe72.jpg
Woman's Fashion,Elegant Palazzo long Khimar Set,12656,1150,https://www.dropshipping.com.bd/public/storage/images/product_thumbnail_img/thumb_6997859526f65.jpg
Woman's Fashion,Premium Joypuri Karchupi 3-piece,12568,1450,https://www.dropshipping.com.bd/public/storage/images/product_thumbnail_img/thumb_69b12e9a536eb_1773219482.jpg
Woman's Fashion,Premium Joypuri Karchupi 3-piece,12567,1450,https://www.dropshipping.com.bd/public/storage/images/product_thumbnail_img/thumb_699970cbcaec6_1771663563.jpg
Woman's Fashion,Premium Joypuri Karchupi 3-piece,12566,1450,https://www.dropshipping.com.bd/public/storage/images/product_thumbnail_img/thumb_69a995c08bd9e_1772721600.jpg
Woman's Fashion,Premium Joypuri Karchupi 3-piece,12565,1450,https://www.dropshipping.com.bd/public/storage/images/product_thumbnail_img/thumb_6997854a108a4.jpg
Woman's Fashion,Premium Joypuri Karchupi 3-piece,12564,1450,https://www.dropshipping.com.bd/public/storage/images/product_thumbnail_img/thumb_699785499405e.jpg
Woman's Fashion,Premium Joypuri Karchupi 3-piece,12563,1450,https://www.dropshipping.com.bd/public/storage/images/product_thumbnail_img/thumb_6997854916cdc.jpg
Woman's Fashion,Premium Joypuri Karchupi 3-piece,12562,1450,https://www.dropshipping.com.bd/public/storage/images/product_thumbnail_img/thumb_699785488b852.jpg
Woman's Fashion,Premium Joypuri Karchupi 3-piece,12561,1450,https://www.dropshipping.com.bd/public/storage/images/product_thumbnail_img/thumb_69978547cee8e.jpg
Woman's Fashion,Premium Joypuri Karchupi 3-piece,12560,1450,https://www.dropshipping.com.bd/public/storage/images/product_thumbnail_img/thumb_69b6d880dcf13_1773590656.jpg
Woman's Fashion,Premium Joypuri Karchupi 3-piece,12559,1450,https://www.dropshipping.com.bd/public/storage/images/product_thumbnail_img/thumb_69978546b9821.jpg
Woman's Fashion,Premium Joypuri Karchupi 3-piece,12558,1450,https://www.dropshipping.com.bd/public/storage/images/product_thumbnail_img/thumb_6997854648d28.jpg
Woman's Fashion,Premium Joypuri Karchupi 3-piece,12557,1450,https://www.dropshipping.com.bd/public/storage/images/product_thumbnail_img/thumb_69978545c88a4.jpg
Woman's Fashion,Premium Joypuri Karchupi 3-piece,12556,1450,https://www.dropshipping.com.bd/public/storage/images/product_thumbnail_img/thumb_699785455550c.jpg
Woman's Fashion,Premium Joypuri Karchupi 3-piece,12555,1450,https://www.dropshipping.com.bd/public/storage/images/product_thumbnail_img/thumb_69978544d1dab.jpg
Woman's Fashion,Premium Joypuri Karchupi 3-piece,12554,1450,https://www.dropshipping.com.bd/public/storage/images/product_thumbnail_img/thumb_699785445d51c.jpg
Woman's Fashion,Premium Joypuri Karchupi 3-piece,12553,1450,https://www.dropshipping.com.bd/public/storage/images/product_thumbnail_img/thumb_699970cb57a59_1771663563.jpg
Woman's Fashion,Premium Joypuri Karchupi 3-piece,12552,1450,https://www.dropshipping.com.bd/public/storage/images/product_thumbnail_img/thumb_6997854377bc8.jpg
Woman's Fashion,Premium Joypuri Karchupi 3-piece,12551,1450,https://www.dropshipping.com.bd/public/storage/images/product_thumbnail_img/thumb_69b12e9af02bc_1773219482.jpg
Woman's Fashion,Premium Joypuri Karchupi 3-piece,12550,1450,https://www.dropshipping.com.bd/public/storage/images/product_thumbnail_img/thumb_699970cacc907_1771663562.jpg
Woman's Fashion,Premium Joypuri Karchupi 3-piece,12549,1450,https://www.dropshipping.com.bd/public/storage/images/product_thumbnail_img/thumb_699785420ee9c.jpg
Woman's Fashion,Premium Joypuri Karchupi 3-piece,12548,1450,https://www.dropshipping.com.bd/public/storage/images/product_thumbnail_img/thumb_69b7bb8df19c5_1773648781.jpg
Woman's Fashion,Premium Cotton 3 Piece,12123,1690,https://www.dropshipping.com.bd/public/storage/images/product_thumbnail_img/thumb_6997841dcc59d.jpg
Woman's Fashion,Premium Cotton 3 Piece,12120,1690,https://www.dropshipping.com.bd/public/storage/images/product_thumbnail_img/thumb_6997841c89460.jpg
Woman's Fashion,Premium Cotton 3 Piece,12119,1690,https://www.dropshipping.com.bd/public/storage/images/product_thumbnail_img/thumb_69b12e9b8397b_1773219483.jpg
Woman's Fashion,Long Khimar Floor Touch Jilbab,12097,1290,https://www.dropshipping.com.bd/public/storage/images/product_thumbnail_img/thumb_6997840f8b46e.jpg
Woman's Fashion,Stylish Premium Kids Hoodie,12087,590,https://www.dropshipping.com.bd/public/storage/images/product_thumbnail_img/thumb_6997840b655f8.jpg
Woman's Fashion,Long Khimar Floor Touch Jilbab,12086,1290,https://www.dropshipping.com.bd/public/storage/images/product_thumbnail_img/thumb_69a6b866e94d1_1772533862.jpg
Woman's Fashion,Long Khimar Floor Touch Jilbab,12019,1290,https://www.dropshipping.com.bd/public/storage/images/product_thumbnail_img/thumb_699783e9873a6.jpg
Woman's Fashion,Long Khimar Floor Touch Jilbab,12015,1290,https://www.dropshipping.com.bd/public/storage/images/product_thumbnail_img/thumb_699783e80ab41.jpg
Woman's Fashion,Long Khimar Floor Touch Jilbab,12014,1290,https://www.dropshipping.com.bd/public/storage/images/product_thumbnail_img/thumb_699783e78aa87.jpg
Woman's Fashion,Ready Hijab,11942,750,https://www.dropshipping.com.bd/public/storage/images/product_thumbnail_img/thumb_69b42e6a93b60_1773416042.jpg
Woman's Fashion,Ready Hijab,11939,750,https://www.dropshipping.com.bd/public/storage/images/product_thumbnail_img/thumb_69b27dc30731c_1773305283.jpg
Woman's Fashion,Ready Hijab,11938,750,https://www.dropshipping.com.bd/public/storage/images/product_thumbnail_img/thumb_699783be8ccf3.jpg
Woman's Fashion,Ready Hijab,11933,750,https://www.dropshipping.com.bd/public/storage/images/product_thumbnail_img/thumb_699783bc895aa.jpg
Woman's Fashion,Premium Cotton 3 Piece,11929,1690,https://www.dropshipping.com.bd/public/storage/images/product_thumbnail_img/thumb_699783ba689d1.jpg
Woman's Fashion,Premium Cotton 3 Piece,11928,1690,https://www.dropshipping.com.bd/public/storage/images/product_thumbnail_img/thumb_699d3888748cf_1771911304.jpg
Woman's Fashion,Premium Cotton 3 Piece,11926,1690,https://www.dropshipping.com.bd/public/storage/images/product_thumbnail_img/thumb_69ad89b1c030d_1772980657.jpg
Woman's Fashion,Premium Cotton 3 Piece,11925,1690,https://www.dropshipping.com.bd/public/storage/images/product_thumbnail_img/thumb_69a93f4acdf25_1772699466.jpg
Woman's Fashion,Premium Cotton 3 Piece,11924,1690,https://www.dropshipping.com.bd/public/storage/images/product_thumbnail_img/thumb_699783b81e9eb.jpg
Woman's Fashion,Premium Cotton 3 Piece,11923,1690,https://www.dropshipping.com.bd/public/storage/images/product_thumbnail_img/thumb_699783b79c295.jpg
Woman's Fashion,Premium Cotton 3 Piece,11922,1690,https://www.dropshipping.com.bd/public/storage/images/product_thumbnail_img/thumb_69b56ad221ae5_1773497042.jpg
Woman's Fashion,Premium Cotton 3 Piece,11921,1690,https://www.dropshipping.com.bd/public/storage/images/product_thumbnail_img/thumb_699783b6a1907.jpg
Woman's Fashion,Premium Cotton 3 Piece,11920,1690,https://www.dropshipping.com.bd/public/storage/images/product_thumbnail_img/thumb_699783b621e4d.jpg
Woman's Fashion,Premium Cotton 3 Piece,11919,1690,https://www.dropshipping.com.bd/public/storage/images/product_thumbnail_img/thumb_699783b58fb14.jpg
Woman's Fashion,Premium Cotton 3 Piece,11918,1690,https://www.dropshipping.com.bd/public/storage/images/product_thumbnail_img/thumb_69b1271a3f703_1773217562.jpg
Woman's Fashion,Elegant Palazzo long Khimar Set,11914,1150,https://www.dropshipping.com.bd/public/storage/images/product_thumbnail_img/thumb_699783b355f54.jpg
Woman's Fashion,Elegant Palazzo long Khimar Set,11908,1150,https://www.dropshipping.com.bd/public/storage/images/product_thumbnail_img/thumb_699783ae2f2c0.jpg
Woman's Fashion,SnowSoft Ladies Hoodie,11837,620,https://www.dropshipping.com.bd/public/storage/images/product_thumbnail_img/thumb_6997838fdd4cd.jpg
Woman's Fashion,Elegant Palazzo long Khimar Set,11652,1150,https://www.dropshipping.com.bd/public/storage/images/product_thumbnail_img/thumb_69a0541822771_1772114968.jpg
Woman's Fashion,Elegant Palazzo long Khimar Set,11584,1150,https://www.dropshipping.com.bd/public/storage/images/product_thumbnail_img/thumb_699782fc723e8.jpg
Woman's Fashion,Elegant Palazzo long Khimar Set,11583,1150,https://www.dropshipping.com.bd/public/storage/images/product_thumbnail_img/thumb_69ca1c667246a_1774853222.jpg
Woman's Fashion,Elegant Palazzo long Khimar Set,11578,1150,https://www.dropshipping.com.bd/public/storage/images/product_thumbnail_img/thumb_699782fa1d5c0.jpg
Woman's Fashion,Elegant Palazzo long Khimar Set,11576,1150,https://www.dropshipping.com.bd/public/storage/images/product_thumbnail_img/thumb_699782f93b041.jpg
Woman's Fashion,Elegant Palazzo long Khimar Set,11573,1150,https://www.dropshipping.com.bd/public/storage/images/product_thumbnail_img/thumb_69ac3abd54728_1772894909.jpg
Woman's Fashion,False Eyelash With Glue,11103,90,https://www.dropshipping.com.bd/public/storage/images/product_thumbnail_img/thumb_69c55a6374316_1774541411.jpg
Woman's Fashion,Premium Half Silk Jamdani Saree Com,11099,1790,https://www.dropshipping.com.bd/public/storage/images/product_thumbnail_img/thumb_69978190c9762.jpg
Woman's Fashion,Premium Half Silk Jamdani Saree Com,11098,1790,https://www.dropshipping.com.bd/public/storage/images/product_thumbnail_img/thumb_6997818f21a22.jpg
Woman's Fashion,Premium Half Silk Jamdani Saree Com,11097,1790,https://www.dropshipping.com.bd/public/storage/images/product_thumbnail_img/thumb_6997818d7b3d3.jpg
Woman's Fashion,Premium Half Silk Jamdani Saree Com,11096,1790,https://www.dropshipping.com.bd/public/storage/images/product_thumbnail_img/thumb_6997818bdbaa1.jpg
Woman's Fashion,Premium Half Silk Jamdani Saree Com,11095,1790,https://www.dropshipping.com.bd/public/storage/images/product_thumbnail_img/thumb_6997818a83bf0.jpg
Woman's Fashion,Premium Half Silk Jamdani Saree Com,11094,1790,https://www.dropshipping.com.bd/public/storage/images/product_thumbnail_img/thumb_699781893b694.jpg
Woman's Fashion,Premium Half Silk Jamdani Saree Com,11093,1790,https://www.dropshipping.com.bd/public/storage/images/product_thumbnail_img/thumb_69978187e56c1.jpg
Woman's Fashion,Premium Half Silk Jamdani Saree Com,11092,1790,https://www.dropshipping.com.bd/public/storage/images/product_thumbnail_img/thumb_69978186c1156.jpg
Woman's Fashion,Premium Half Silk Jamdani Saree Com,11091,1790,https://www.dropshipping.com.bd/public/storage/images/product_thumbnail_img/thumb_699781858d715.jpg
Woman's Fashion,Premium Half Silk Jamdani Saree Com,11090,1790,https://www.dropshipping.com.bd/public/storage/images/product_thumbnail_img/thumb_6997818400013.jpg
Woman's Fashion,Half Silk Screen Print Sharee - Puj,11089,990,https://www.dropshipping.com.bd/public/storage/images/product_thumbnail_img/thumb_69978182bbc86.jpg
Woman's Fashion,"Half Silk Jamdani Saree (Black, Gre",11087,1190,https://www.dropshipping.com.bd/public/storage/images/product_thumbnail_img/thumb_69cbd4d4ab3ba_1774965972.jpg
Woman's Fashion,Half Silk Jamdani Saree (Multiple C,11086,1190,https://www.dropshipping.com.bd/public/storage/images/product_thumbnail_img/thumb_6997817e50c2b.jpg
Woman's Fashion,Rajini Gandha Perfume Natural  Spra,11076,100,https://www.dropshipping.com.bd/public/storage/images/product_thumbnail_img/thumb_69cb4f72408d5_1774931826.jpg
Woman's Fashion,"Premium Silk Katan Saree (Blue, Lig",11075,950,https://www.dropshipping.com.bd/public/storage/images/product_thumbnail_img/thumb_69afae769ca79_1773121142.jpg
Woman's Fashion,Premium Silk Katan Saree (Ocean Gre,11074,950,https://www.dropshipping.com.bd/public/storage/images/product_thumbnail_img/thumb_69c55a5a69be0_1774541402.jpg
Woman's Fashion,Artificial Hair Rose Flower For Wom,11073,100,https://www.dropshipping.com.bd/public/storage/images/product_thumbnail_img/thumb_69d111c10a0b8_1775309249.jpg
Woman's Fashion,Mehendi Cone – 100% Natural,10905,60,https://www.dropshipping.com.bd/public/storage/images/product_thumbnail_img/thumb_69c8290fce8f8_1774725391.jpg
Woman's Fashion,Artificial Hair Flower For Woman  (,10904,90,https://www.dropshipping.com.bd/public/storage/images/product_thumbnail_img/thumb_69c950f7e00dc_1774801143.jpg
Woman's Fashion,Portable Attractive Design Mini Woo,10903,100,https://www.dropshipping.com.bd/public/storage/images/product_thumbnail_img/thumb_69c950f734d45_1774801143.jpg
Woman's Fashion,Moon Shape Tip Bindi,10902,20,https://www.dropshipping.com.bd/public/storage/images/product_thumbnail_img/thumb_69c950f6c936e_1774801142.jpg
Woman's Fashion,False Eyelash With Glue,10901,100,https://www.dropshipping.com.bd/public/storage/images/product_thumbnail_img/thumb_69cb4f7352418_1774931827.jpg
Woman's Fashion,Lakme Eyeconic Kajal- Deep Black,10900,120,https://www.dropshipping.com.bd/public/storage/images/product_thumbnail_img/thumb_69c950f659039_1774801142.jpg
Woman's Fashion,Reshmi Churi For Girls. Bridal bang,10899,180,https://www.dropshipping.com.bd/public/storage/images/product_thumbnail_img/thumb_69cac03993fd5_1774895161.jpg
Woman's Fashion,Nail Polish For Women,10898,50,https://www.dropshipping.com.bd/public/storage/images/product_thumbnail_img/thumb_69c950f5c71f4_1774801141.jpg
Woman's Fashion,Antique Oxidized Necklace & Earring,10872,250,https://www.dropshipping.com.bd/public/storage/images/product_thumbnail_img/thumb_69cac03b5e382_1774895163.jpg
Woman's Fashion,Stylish & Comfortable Ladies Bag,10790,580,https://www.dropshipping.com.bd/public/storage/images/product_thumbnail_img/thumb_69978089c8e5e.jpg
Woman's Fashion,Women's Tote Bag Large Capacity 14,10545,749,https://www.dropshipping.com.bd/public/storage/images/product_thumbnail_img/thumb_69c76ade5d43d_1774676702.jpg
Woman's Fashion,Sasi Sun Cool Loose Powder SPF35 PA,10533,349,https://www.dropshipping.com.bd/public/storage/images/product_thumbnail_img/thumb_69977fcd37ffe.jpg
Woman's Fashion,Sasi Oil Control Powder,10532,349,https://www.dropshipping.com.bd/public/storage/images/product_thumbnail_img/thumb_69977fcc0f79f.jpg
Woman's Fashion,Sasi BB Perfect Powder,10531,349,https://www.dropshipping.com.bd/public/storage/images/product_thumbnail_img/thumb_69977fcac9757.jpg
Woman's Fashion,Pond’s Blurring Filler Translucent,10530,349,https://www.dropshipping.com.bd/public/storage/images/product_thumbnail_img/thumb_69b7e0d19fcd7_1773658321.jpg
Woman's Fashion,Pond’s 3D HYA Korean Glow Transluce,10529,349,https://www.dropshipping.com.bd/public/storage/images/product_thumbnail_img/thumb_69977fc8c4512.jpg
Woman's Fashion,Pond's Watermelon Fresh & Bright Tr,10528,399,https://www.dropshipping.com.bd/public/storage/images/product_thumbnail_img/thumb_69977fc79f72d.jpg
Woman's Fashion,Sasi All Day Fixed Translucent Sett,10527,395,https://www.dropshipping.com.bd/public/storage/images/product_thumbnail_img/thumb_69977fc64c6c3.jpg
Woman's Fashion,𝐌𝐨𝐫𝐢 𝐒𝐚𝐤𝐮𝐫𝐚 𝐅𝐚𝐜𝐢𝐚𝐥,10526,349,https://www.dropshipping.com.bd/public/storage/images/product_thumbnail_img/thumb_69977fc4a33a2.jpg
Woman's Fashion,𝐌𝐨𝐫𝐢 𝐒𝐚𝐤𝐮𝐫𝐚 𝐅𝐚𝐜𝐢𝐚𝐥,10525,349,https://www.dropshipping.com.bd/public/storage/images/product_thumbnail_img/thumb_69977fc3324ad.jpg
Woman's Fashion,Borka Set with Koti Inner and Hijab,10458,2299,https://www.dropshipping.com.bd/public/storage/images/product_thumbnail_img/thumb_69977f90c586f.jpg
Woman's Fashion,Stone Borka with Hijab,10451,1999,https://www.dropshipping.com.bd/public/storage/images/product_thumbnail_img/thumb_69977f8d13625.jpg
Woman's Fashion,Abhaya Set with Hijab,10447,3199,https://www.dropshipping.com.bd/public/storage/images/product_thumbnail_img/thumb_69b52392c1853_1773478802.jpg
Woman's Fashion,Mahiya Avaya Borka,10321,2299,https://www.dropshipping.com.bd/public/storage/images/product_thumbnail_img/thumb_69977f443cae5.jpg
Woman's Fashion,"Pyi Nann Shinmataung Thanakha, a tr",10236,990,https://www.dropshipping.com.bd/public/storage/images/product_thumbnail_img/thumb_69977f03ddb78.jpg
Woman's Fashion,Half Silk Butik Saree,10229,1450,https://www.dropshipping.com.bd/public/storage/images/product_thumbnail_img/thumb_699fcc4a09364_1772080202.jpg
Woman's Fashion,Mistine Papaya Facial Foam (Made in,10223,890,https://www.dropshipping.com.bd/public/storage/images/product_thumbnail_img/thumb_69977ef82aede.jpg
Woman's Fashion,Cavier Beauty Oil Clear Cleansing F,10221,980,https://www.dropshipping.com.bd/public/storage/images/product_thumbnail_img/thumb_69977ef6cc2f4.jpg
Woman's Fashion,Nagano Pink Nipple Jelly,10218,590,https://www.dropshipping.com.bd/public/storage/images/product_thumbnail_img/thumb_69977ef40da64.jpg
Woman's Fashion,Drop shoulder T-shirt for Women (Bl,10213,480,https://www.dropshipping.com.bd/public/storage/images/product_thumbnail_img/thumb_69977ef0bca74.jpg
Woman's Fashion,Drop shoulder T-shirt for Women (Bl,10212,480,https://www.dropshipping.com.bd/public/storage/images/product_thumbnail_img/thumb_69977ef03cc37.jpg
Woman's Fashion,Drop shoulder T-shirt for Women (Bl,10211,480,https://www.dropshipping.com.bd/public/storage/images/product_thumbnail_img/thumb_69977eefabec1.jpg
Woman's Fashion,Drop shoulder T-shirt for Women (Bl,10210,480,https://www.dropshipping.com.bd/public/storage/images/product_thumbnail_img/thumb_69977eeee2d14.jpg
Woman's Fashion,Drop shoulder T-shirt for Women (Bl,10209,480,https://www.dropshipping.com.bd/public/storage/images/product_thumbnail_img/thumb_69977eee60013.jpg
Woman's Fashion,Drop shoulder T-shirt for Women (Bl,10208,480,https://www.dropshipping.com.bd/public/storage/images/product_thumbnail_img/thumb_69977eedd6694.jpg
Woman's Fashion,Drop shoulder T-shirt for Women (Bl,10207,480,https://www.dropshipping.com.bd/public/storage/images/product_thumbnail_img/thumb_69977eed4d6c5.jpg
Woman's Fashion,Drop shoulder T-shirt for Women (Bl,10206,480,https://www.dropshipping.com.bd/public/storage/images/product_thumbnail_img/thumb_69977eec9341b.jpg
Woman's Fashion,Drop shoulder T-shirt for Women (Bl,10205,480,https://www.dropshipping.com.bd/public/storage/images/product_thumbnail_img/thumb_69977eebf372d.jpg
Woman's Fashion,Drop shoulder T-shirt for Women (Bl,10204,480,https://www.dropshipping.com.bd/public/storage/images/product_thumbnail_img/thumb_69977eeb479bf.jpg
Woman's Fashion,Drop shoulder T-shirt for Women (Bl,10203,480,https://www.dropshipping.com.bd/public/storage/images/product_thumbnail_img/thumb_69977eeab2768.jpg
Woman's Fashion,Drop shoulder T-shirt for Women (Bl,10202,480,https://www.dropshipping.com.bd/public/storage/images/product_thumbnail_img/thumb_69977eea14639.jpg
Woman's Fashion,Drop shoulder T-shirt for Women (Bl,10201,480,https://www.dropshipping.com.bd/public/storage/images/product_thumbnail_img/thumb_69977ee971d9b.jpg
Woman's Fashion,Drop shoulder T-shirt for Women (Bl,10200,480,https://www.dropshipping.com.bd/public/storage/images/product_thumbnail_img/thumb_69977ee8d6133.jpg
Woman's Fashion,Drop shoulder T-shirt for Women (Bl,10199,480,https://www.dropshipping.com.bd/public/storage/images/product_thumbnail_img/thumb_69977ee8472a1.jpg
Woman's Fashion,Drop shoulder T-shirt for Women (Bl,10198,480,https://www.dropshipping.com.bd/public/storage/images/product_thumbnail_img/thumb_69977ee7850ef.jpg
Woman's Fashion,Drop shoulder T-shirt for Women (Bl,10197,480,https://www.dropshipping.com.bd/public/storage/images/product_thumbnail_img/thumb_69977ee694b07.jpg
Woman's Fashion,Drop shoulder T-shirt for Women (Bl,10196,480,https://www.dropshipping.com.bd/public/storage/images/product_thumbnail_img/thumb_69977ee5b7df7.jpg
Woman's Fashion,Drop shoulder T-shirt for Women (Bl,10195,480,https://www.dropshipping.com.bd/public/storage/images/product_thumbnail_img/thumb_69977ee50522b.jpg
Woman's Fashion,Drop shoulder T-shirt for Women (Bl,10194,480,https://www.dropshipping.com.bd/public/storage/images/product_thumbnail_img/thumb_69977ee453419.jpg
Woman's Fashion,Drop shoulder T-shirt for Women (Bl,10193,480,https://www.dropshipping.com.bd/public/storage/images/product_thumbnail_img/thumb_69977ee39b408.jpg
Woman's Fashion,Drop shoulder T-shirt for Women (Re,10149,480,https://www.dropshipping.com.bd/public/storage/images/product_thumbnail_img/thumb_69977ec76a46b.jpg
Woman's Fashion,Drop shoulder T-shirt for Women (Re,10148,480,https://www.dropshipping.com.bd/public/storage/images/product_thumbnail_img/thumb_69977ec6d9a21.jpg
Woman's Fashion,Drop shoulder T-shirt for Women (Re,10147,480,https://www.dropshipping.com.bd/public/storage/images/product_thumbnail_img/thumb_69977ec64eaa6.jpg
Woman's Fashion,Drop shoulder T-shirt for Women (Re,10146,480,https://www.dropshipping.com.bd/public/storage/images/product_thumbnail_img/thumb_69977ec59d0d2.jpg
Woman's Fashion,Drop shoulder T-shirt for Women (Re,10145,480,https://www.dropshipping.com.bd/public/storage/images/product_thumbnail_img/thumb_69977ec516339.jpg
Woman's Fashion,Drop shoulder T-shirt for Women (Re,10144,480,https://www.dropshipping.com.bd/public/storage/images/product_thumbnail_img/thumb_69977ec48c29e.jpg
Woman's Fashion,Drop shoulder T-shirt for Women (Re,10143,480,https://www.dropshipping.com.bd/public/storage/images/product_thumbnail_img/thumb_69977ec408f0d.jpg
Woman's Fashion,Drop shoulder T-shirt for Women (Re,10142,480,https://www.dropshipping.com.bd/public/storage/images/product_thumbnail_img/thumb_69977ec36b324.jpg
Woman's Fashion,Drop shoulder T-shirt for Women (Re,10141,480,https://www.dropshipping.com.bd/public/storage/images/product_thumbnail_img/thumb_69977ec2d1430.jpg
Woman's Fashion,Drop shoulder T-shirt for Women (Re,10140,480,https://www.dropshipping.com.bd/public/storage/images/product_thumbnail_img/thumb_69977ec256b58.jpg
Woman's Fashion,Drop shoulder T-shirt for Women (Re,10139,480,https://www.dropshipping.com.bd/public/storage/images/product_thumbnail_img/thumb_69977ec1c1c69.jpg
Woman's Fashion,Drop shoulder T-shirt for Women (Re,10138,480,https://www.dropshipping.com.bd/public/storage/images/product_thumbnail_img/thumb_69977ec1224cd.jpg
Woman's Fashion,Drop shoulder T-shirt for Women (Re,10137,480,https://www.dropshipping.com.bd/public/storage/images/product_thumbnail_img/thumb_69977ec09bbe8.jpg
Woman's Fashion,Drop shoulder T-shirt for Women (Re,10136,480,https://www.dropshipping.com.bd/public/storage/images/product_thumbnail_img/thumb_69977ec007507.jpg
Woman's Fashion,Drop shoulder T-shirt for Women (Re,10135,480,https://www.dropshipping.com.bd/public/storage/images/product_thumbnail_img/thumb_69977ebf5afdd.jpg
Woman's Fashion,Drop shoulder T-shirt for Women (Re,10134,480,https://www.dropshipping.com.bd/public/storage/images/product_thumbnail_img/thumb_69977ebe89dd2.jpg
Woman's Fashion,Drop shoulder T-shirt for Women (Re,10133,480,https://www.dropshipping.com.bd/public/storage/images/product_thumbnail_img/thumb_69977ebdeaa3d.jpg
Woman's Fashion,Drop shoulder T-shirt for Women (Re,10132,480,https://www.dropshipping.com.bd/public/storage/images/product_thumbnail_img/thumb_69977ebd5736f.jpg
Woman's Fashion,Drop shoulder T-shirt for Women (Re,10131,480,https://www.dropshipping.com.bd/public/storage/images/product_thumbnail_img/thumb_69977ebc967f5.jpg
Woman's Fashion,Drop shoulder T-shirt for Women (Re,10130,480,https://www.dropshipping.com.bd/public/storage/images/product_thumbnail_img/thumb_69977ebbe35f7.jpg
Woman's Fashion,Drop shoulder T-shirt for Women (Re,10129,480,https://www.dropshipping.com.bd/public/storage/images/product_thumbnail_img/thumb_69977ebb63460.jpg
Woman's Fashion,Miss Rose Liquid Highlighter (#6),10123,590,https://www.dropshipping.com.bd/public/storage/images/product_thumbnail_img/thumb_69977eb48c15c.jpg
Woman's Fashion,Miss Rose Liquid Highlighter (#5),10122,590,https://www.dropshipping.com.bd/public/storage/images/product_thumbnail_img/thumb_69977eb34b9ed.jpg
Woman's Fashion,Miss Rose Liquid Highlighter (#4),10121,620,https://www.dropshipping.com.bd/public/storage/images/product_thumbnail_img/thumb_699c866cb4def_1771865708.jpg
Woman's Fashion,Miss Rose Liquid Highlighter (#2),10119,590,https://www.dropshipping.com.bd/public/storage/images/product_thumbnail_img/thumb_69977eafcdb1f.jpg
Woman's Fashion,Miss Rose Liquid Highlighter (#1),10118,590,https://www.dropshipping.com.bd/public/storage/images/product_thumbnail_img/thumb_69977eaea7375.jpg
Woman's Fashion,Pastel Beauty Flawless Grip Primer,10116,920,https://www.dropshipping.com.bd/public/storage/images/product_thumbnail_img/thumb_69977eac5210b.jpg
Woman's Fashion,Pastel Beauty Flawless Grip Primer,10115,920,https://www.dropshipping.com.bd/public/storage/images/product_thumbnail_img/thumb_69977eab3d11a.jpg
Woman's Fashion,Pastel Beauty Flawless Mineral Powd,10112,1050,https://www.dropshipping.com.bd/public/storage/images/product_thumbnail_img/thumb_69977ea7b5195.jpg
Woman's Fashion,Pastel Beauty Flawless Mineral Powd,10111,1050,https://www.dropshipping.com.bd/public/storage/images/product_thumbnail_img/thumb_69977ea692b56.jpg
Woman's Fashion,Pastel Beauty Flawless Mineral Powd,10110,1050,https://www.dropshipping.com.bd/public/storage/images/product_thumbnail_img/thumb_69977ea58251b.jpg
Woman's Fashion,Stylish 3d design ladies bag,5461,250,https://www.dropshipping.com.bd/public/storage/images/product_thumbnail_img/thumb_6997729635499.jpg
Woman's Fashion,prettest bag,5448,320,https://www.dropshipping.com.bd/public/storage/images/product_thumbnail_img/thumb_6997728d639fb.jpg
Woman's Fashion,Crown Pendant,5275,490,https://www.dropshipping.com.bd/public/storage/images/product_thumbnail_img/thumb_6997722f0c654.jpg
Woman's Fashion,Best For Melasma Mild & Mind Cream,5248,990,https://www.dropshipping.com.bd/public/storage/images/product_thumbnail_img/thumb_6997721b616e7.jpg
Woman's Fashion,গের বোরকা ড্রেস,5179,1550,https://www.dropshipping.com.bd/public/storage/images/product_thumbnail_img/thumb_69d33527cbd65_1775449383.jpg
Woman's Fashion,আবায়া  এডযাস্ট কটি  বোরকা ড্রেস,5177,1900,https://www.dropshipping.com.bd/public/storage/images/product_thumbnail_img/thumb_699771e8aed9a.jpg
Woman's Fashion,আবায়া কোটি বোরকা ড্রেস,5176,2500,https://www.dropshipping.com.bd/public/storage/images/product_thumbnail_img/thumb_69c8acac8c8f1_1774759084.jpg
Woman's Fashion,Maryam Burka Set (Gar: 300),5129,1980,https://www.dropshipping.com.bd/public/storage/images/product_thumbnail_img/thumb_699771cd04391.jpg
Woman's Fashion,Taqwa Burka Set,5021,1650,https://www.dropshipping.com.bd/public/storage/images/product_thumbnail_img/thumb_6997718ad1ba5.jpg
Woman's Fashion,আবায়া  কোটি বোরকা ড্রেস,5005,2250,https://www.dropshipping.com.bd/public/storage/images/product_thumbnail_img/thumb_6997717f9c43b.jpg
Woman's Fashion,Dubai cherry fabric Tasfiya button,4987,920,https://www.dropshipping.com.bd/public/storage/images/product_thumbnail_img/thumb_69c3e2fe591ee_1774445310.jpg
Woman's Fashion,Muttaki Burka Set,4975,2050,https://www.dropshipping.com.bd/public/storage/images/product_thumbnail_img/thumb_69ce5e3def5e8_1775132221.jpg
Woman's Fashion,Jakiya Burka Set,4974,2190,https://www.dropshipping.com.bd/public/storage/images/product_thumbnail_img/thumb_6997716b05b0f.jpg
Woman's Fashion,Mohua Burka Set,4971,1360,https://www.dropshipping.com.bd/public/storage/images/product_thumbnail_img/thumb_69d20fb5a6c37_1775374261.jpg
Woman's Fashion,Three piece For Women,4731,999,https://www.dropshipping.com.bd/public/storage/images/product_thumbnail_img/thumb_699770d609220.jpg
Woman's Fashion,100% Premium cotton digital printed,4721,990,https://www.dropshipping.com.bd/public/storage/images/product_thumbnail_img/thumb_69b7cff485d41_1773654004.jpg
Woman's Fashion,100% Premium cotton digital printed,4719,990,https://www.dropshipping.com.bd/public/storage/images/product_thumbnail_img/thumb_69b7946ab0ecd_1773638762.jpg
Woman's Fashion,ANAYA HOOR Rigging Digital printed,4718,1250,https://www.dropshipping.com.bd/public/storage/images/product_thumbnail_img/thumb_699770ca15cee.jpg
Woman's Fashion,MALHAR 100% Premium cotton lawn dig,4714,1050,https://www.dropshipping.com.bd/public/storage/images/product_thumbnail_img/thumb_69b7cff3e9b46_1773654003.jpg
Woman's Fashion,MALHAR 100% Premium cotton lawn dig,4710,1050,https://www.dropshipping.com.bd/public/storage/images/product_thumbnail_img/thumb_699770c1bbc6c.jpg
Woman's Fashion,MALHAR 100% Premium cotton lawn dig,4706,1050,https://www.dropshipping.com.bd/public/storage/images/product_thumbnail_img/thumb_699770bf36f74.jpg
Woman's Fashion,MALHAR 100% Premium cotton lawn dig,4705,1050,https://www.dropshipping.com.bd/public/storage/images/product_thumbnail_img/thumb_699770be51d18.jpg
Woman's Fashion,ANAYA HOOR Rigging Digital printed,4701,1250,https://www.dropshipping.com.bd/public/storage/images/product_thumbnail_img/thumb_69a93f4b8ac48_1772699467.jpg
Woman's Fashion,ANAYA HOOR Rigging Digital printed,4699,1250,https://www.dropshipping.com.bd/public/storage/images/product_thumbnail_img/thumb_699770ba714e2.jpg
Woman's Fashion,ANAYA HOOR Rigging Digital printed,4697,1250,https://www.dropshipping.com.bd/public/storage/images/product_thumbnail_img/thumb_69c3c28a12075_1774437002.jpg
Woman's Fashion,ANAYA HOOR Rigging Digital printed,4696,1250,https://www.dropshipping.com.bd/public/storage/images/product_thumbnail_img/thumb_699770b84637e.jpg
Woman's Fashion,ANAYA HOOR Rigging Digital printed,4694,1250,https://www.dropshipping.com.bd/public/storage/images/product_thumbnail_img/thumb_699770b6b7a22.jpg
Woman's Fashion,ANAYA HOOR Rigging Digital printed,4693,1250,https://www.dropshipping.com.bd/public/storage/images/product_thumbnail_img/thumb_699770b5e94a1.jpg
Woman's Fashion,Blackhead Remover Instrument Black,4654,760,https://www.dropshipping.com.bd/public/storage/images/product_thumbnail_img/thumb_69b5be83989f7_1773518467.jpg
Woman's Fashion,Gold 24k whitening soap Skin Care,4620,500,https://www.dropshipping.com.bd/public/storage/images/product_thumbnail_img/thumb_6997706e29c59.jpg
Woman's Fashion,ANAYA HOOR Rigging Digital printed,4609,1250,https://www.dropshipping.com.bd/public/storage/images/product_thumbnail_img/thumb_69977062b7af8.jpg
Woman's Fashion,ANAYA HOOR Rigging Digital printed,4608,1250,https://www.dropshipping.com.bd/public/storage/images/product_thumbnail_img/thumb_69977061e130e.jpg
Woman's Fashion,Hasnat 100% Premium cotton 3 Piece,4597,2600,https://www.dropshipping.com.bd/public/storage/images/product_thumbnail_img/thumb_6997705baf702.jpg
Woman's Fashion,3w clinic intensive Uv sunblock cre,4483,510,https://www.dropshipping.com.bd/public/storage/images/product_thumbnail_img/thumb_6997701555e6d.jpg
Woman's Fashion,Three piece For Women,4461,1000,https://www.dropshipping.com.bd/public/storage/images/product_thumbnail_img/thumb_6997700a5cb9d.jpg
Woman's Fashion,Three piece For Women,4453,1450,https://www.dropshipping.com.bd/public/storage/images/product_thumbnail_img/thumb_69977004a4491.jpg
Woman's Fashion,Three piece For Women,4425,999,https://www.dropshipping.com.bd/public/storage/images/product_thumbnail_img/thumb_69976ff333818.jpg
Woman's Fashion,Necklace Set with Earrings for Wome,4420,365,https://www.dropshipping.com.bd/public/storage/images/product_thumbnail_img/thumb_69976fef8f4c4.jpg
Woman's Fashion,Necklace Set with Earrings for Wome,4419,700,https://www.dropshipping.com.bd/public/storage/images/product_thumbnail_img/thumb_69976fee3ab6f.jpg
Woman's Fashion,Necklace Set with Earrings for Wome,4418,370,https://www.dropshipping.com.bd/public/storage/images/product_thumbnail_img/thumb_69976fed25487.jpg
Woman's Fashion,Necklace Set with Earrings for Wome,4417,180,https://www.dropshipping.com.bd/public/storage/images/product_thumbnail_img/thumb_69976fe8bf014.jpg
Woman's Fashion,Necklace Set with Earrings for Wome,4416,650,https://www.dropshipping.com.bd/public/storage/images/product_thumbnail_img/thumb_69976fe808fbc.jpg
Woman's Fashion,Little monster liquid 8 Pcs/set of,4319,450,https://www.dropshipping.com.bd/public/storage/images/product_thumbnail_img/thumb_6999c00857c08_1771683848.jpg
Woman's Fashion,"All in One Makeup Kit, 11-Piece Wom",4300,1590,https://www.dropshipping.com.bd/public/storage/images/product_thumbnail_img/thumb_69976fa152155.jpg
Woman's Fashion,Miss Rose 36 Color Waterproof Eyesh,4277,550,https://www.dropshipping.com.bd/public/storage/images/product_thumbnail_img/thumb_69976f90c7be1.jpg
Woman's Fashion,Love Heart Magnetic Pendant Chain N,4264,280,https://www.dropshipping.com.bd/public/storage/images/product_thumbnail_img/thumb_69976f8666470.jpg
Woman's Fashion,Necklace Set with Earrings for Wome,4226,550,https://www.dropshipping.com.bd/public/storage/images/product_thumbnail_img/thumb_69976f6d4e205.jpg
Woman's Fashion,Necklace Set with Earrings for Wome,4224,500,https://www.dropshipping.com.bd/public/storage/images/product_thumbnail_img/thumb_69976f6b3eddf.jpg
Woman's Fashion,Necklace Set with Earrings for Wome,4222,750,https://www.dropshipping.com.bd/public/storage/images/product_thumbnail_img/thumb_69976f6999605.jpg
Woman's Fashion,Necklace Set with Earrings for Wome,4221,550,https://www.dropshipping.com.bd/public/storage/images/product_thumbnail_img/thumb_69976f68d6685.jpg
Woman's Fashion,Necklace Set with Earrings for Wome,4220,550,https://www.dropshipping.com.bd/public/storage/images/product_thumbnail_img/thumb_69976f6801253.jpg
Woman's Fashion,Party Bridal Necklace and Earrings,4218,450,https://www.dropshipping.com.bd/public/storage/images/product_thumbnail_img/thumb_69976f66e9291.jpg
Woman's Fashion,Solid Color Silk Sharee,3742,690,https://www.dropshipping.com.bd/public/storage/images/product_thumbnail_img/thumb_69976de9565e3.jpg
Woman's Fashion,Gold Plated (Shita Haar),3690,1250,https://www.dropshipping.com.bd/public/storage/images/product_thumbnail_img/thumb_69976dc1c19f2.jpg
Woman's Fashion,Gold Plated Necklace With Ear Ring,3687,1150,https://www.dropshipping.com.bd/public/storage/images/product_thumbnail_img/thumb_69976dc0723ac.jpg
Woman's Fashion,Pink Square Shape pendant,3679,590,https://www.dropshipping.com.bd/public/storage/images/product_thumbnail_img/thumb_69976dbc36f97.jpg
Woman's Fashion,Pink Flower Pendant,3677,290,https://www.dropshipping.com.bd/public/storage/images/product_thumbnail_img/thumb_69976dba6589d.jpg
Woman's Fashion,Gold Plated Ear Ring Small,3660,390,https://www.dropshipping.com.bd/public/storage/images/product_thumbnail_img/thumb_69976daf088fb.jpg
Woman's Fashion,Fashion Red Maple Leaf Gold Plated,3658,380,https://www.dropshipping.com.bd/public/storage/images/product_thumbnail_img/thumb_69976dadd4863.jpg
Woman's Fashion,Cubic Zirconia Decor Butterfly & Fa,3656,590,https://www.dropshipping.com.bd/public/storage/images/product_thumbnail_img/thumb_69976dacdf244.jpg
Woman's Fashion,Diamond Cut Radium Zirconia 7 Stone,3621,990,https://www.dropshipping.com.bd/public/storage/images/product_thumbnail_img/thumb_69976d8dedb36.jpg
Woman's Fashion,Traditional Gold Three Stone Mossan,3617,490,https://www.dropshipping.com.bd/public/storage/images/product_thumbnail_img/thumb_69976d8bcc6fb.jpg
Woman's Fashion,Elegant Palazzo long Khimar Set,3454,1250,https://www.dropshipping.com.bd/public/storage/images/product_thumbnail_img/thumb_69d352ae05afb_1775456942.jpg
Woman's Fashion,Elegant Palazzo long Khimar Set,3441,1250,https://www.dropshipping.com.bd/public/storage/images/product_thumbnail_img/thumb_69cbd6aa35187_1774966442.jpg
Woman's Fashion,Elegant Palazzo long Khimar Set,3438,1250,https://www.dropshipping.com.bd/public/storage/images/product_thumbnail_img/thumb_69b6695c110f9_1773562204.jpg
Woman's Fashion,tiny crystal Circel Nose pin For Wo,3376,499,https://www.dropshipping.com.bd/public/storage/images/product_thumbnail_img/thumb_69976cc909246.jpg
Woman's Fashion,Little Electric Princess 3D Light (,3375,499,https://www.dropshipping.com.bd/public/storage/images/product_thumbnail_img/thumb_69976cc816444.jpg
Woman's Fashion,tiny crystal Chowtuskoni Nose pin F,3373,550,https://www.dropshipping.com.bd/public/storage/images/product_thumbnail_img/thumb_69976cc640402.jpg
Woman's Fashion,Three Piece For Women - 3 Pice Dres,3346,490,https://www.dropshipping.com.bd/public/storage/images/product_thumbnail_img/thumb_69976cb46fcd3.jpg
Woman's Fashion,Three Piece For Women - 3 Pice Dres,3343,520,https://www.dropshipping.com.bd/public/storage/images/product_thumbnail_img/thumb_69976cb26e12b.jpg
Woman's Fashion,Three Piece For Women - 3 Pice Dres,3341,750,https://www.dropshipping.com.bd/public/storage/images/product_thumbnail_img/thumb_69976cb0bb8c5.jpg
Woman's Fashion,Traditional Gold Seven Stone Mossan,3339,650,https://www.dropshipping.com.bd/public/storage/images/product_thumbnail_img/thumb_69976caf3901c.jpg
Woman's Fashion,Traditional Gold Seven Stone Mossan,3338,650,https://www.dropshipping.com.bd/public/storage/images/product_thumbnail_img/thumb_69976cade2c51.jpg
Woman's Fashion,Premium quality Fashionable Classic,3337,650,https://www.dropshipping.com.bd/public/storage/images/product_thumbnail_img/thumb_69976cac82de1.jpg
Woman's Fashion,Premium quality Fashionable Classic,3336,600,https://www.dropshipping.com.bd/public/storage/images/product_thumbnail_img/thumb_69976cab844cd.jpg
Woman's Fashion,One Stone Diamond Nose Pin- 12cn,3178,300,https://www.dropshipping.com.bd/public/storage/images/product_thumbnail_img/thumb_69976c3b79c90.jpg
Woman's Fashion,Diamond Dyuti Women's Ring,3177,300,https://www.dropshipping.com.bd/public/storage/images/product_thumbnail_img/thumb_69976c3a5c9e3.jpg
Woman's Fashion,Chowtushkoni Dyuti Women's Ring,3176,300,https://www.dropshipping.com.bd/public/storage/images/product_thumbnail_img/thumb_69976c3918410.jpg
Woman's Fashion,Chowtushkoni Dyuti Women's Ring,3175,300,https://www.dropshipping.com.bd/public/storage/images/product_thumbnail_img/thumb_69976c37e54c7.jpg
Woman's Fashion,Double Rows Diamond Rings for Women,3151,400,https://www.dropshipping.com.bd/public/storage/images/product_thumbnail_img/thumb_69ac53ff1013f_1772901375.jpg
Woman's Fashion,vibrant gold ring adorned with colo,3150,300,https://www.dropshipping.com.bd/public/storage/images/product_thumbnail_img/thumb_69976c2692a41.jpg
Woman's Fashion,vibrant gold ring adorned with colo,3149,300,https://www.dropshipping.com.bd/public/storage/images/product_thumbnail_img/thumb_69976c25abd81.jpg
Woman's Fashion,vibrant gold ring adorned with colo,3148,300,https://www.dropshipping.com.bd/public/storage/images/product_thumbnail_img/thumb_69976c233cf79.jpg
Woman's Fashion,⚲ Hover to zoom     Luminous Embrac,3139,350,https://www.dropshipping.com.bd/public/storage/images/product_thumbnail_img/thumb_69976c1dc7eec.jpg
Woman's Fashion,Luminous Embrace Brilliant Center S,3098,250,https://www.dropshipping.com.bd/public/storage/images/product_thumbnail_img/thumb_69976c00af88a.jpg
Woman's Fashion,Pastel Beauty Go Go Tint Lip & Chee,10105,520,https://www.dropshipping.com.bd/public/storage/images/product_thumbnail_img/thumb_69977ea0d8883.jpg
Woman's Fashion,HANDAIYAN Weightless Halo Liquid Co,10070,270,https://www.dropshipping.com.bd/public/storage/images/product_thumbnail_img/thumb_69977e8133f26.jpg
Woman's Fashion,HANDAIYAN Weightless Halo Liquid Co,10069,270,https://www.dropshipping.com.bd/public/storage/images/product_thumbnail_img/thumb_69977e80563be.jpg
Woman's Fashion,Handaiyan Mousse Liquid Blush 7 ml,10039,290,https://www.dropshipping.com.bd/public/storage/images/product_thumbnail_img/thumb_69977e6ba67f8.jpg
Woman's Fashion,Handaiyan Mousse Liquid Blush 7 ml,10023,350,https://www.dropshipping.com.bd/public/storage/images/product_thumbnail_img/thumb_699c9a52286a6_1771870802.jpg
Woman's Fashion,Handaiyan Mousse Liquid Blush 7 ml,10021,290,https://www.dropshipping.com.bd/public/storage/images/product_thumbnail_img/thumb_69977e5f97f1f.jpg
Woman's Fashion,HEREIAM Waterproof Lasting Coverage,10020,990,https://www.dropshipping.com.bd/public/storage/images/product_thumbnail_img/thumb_69977e5e52c06.jpg
Woman's Fashion,HEREIAM Waterproof Lasting Coverage,10019,990,https://www.dropshipping.com.bd/public/storage/images/product_thumbnail_img/thumb_69977e5d27a26.jpg
Woman's Fashion,HEREIAM Waterproof Lasting Coverage,10018,990,https://www.dropshipping.com.bd/public/storage/images/product_thumbnail_img/thumb_69977e5c306e3.jpg
Woman's Fashion,HEREIAM Waterproof Lasting Coverage,10017,990,https://www.dropshipping.com.bd/public/storage/images/product_thumbnail_img/thumb_69977e5b2446b.jpg
Woman's Fashion,HEREIAM Waterproof Lasting Coverage,10016,990,https://www.dropshipping.com.bd/public/storage/images/product_thumbnail_img/thumb_69977e59da155.jpg
Woman's Fashion,Handaiyan Soft Bright Powder Cake (,10011,320,https://www.dropshipping.com.bd/public/storage/images/product_thumbnail_img/thumb_69977e53ecd8d.jpg
Woman's Fashion,Handaiyan Soft Bright Powder Cake (,10010,320,https://www.dropshipping.com.bd/public/storage/images/product_thumbnail_img/thumb_69977e52ce24c.jpg
Woman's Fashion,Handaiyan Soft Bright Powder Cake (,10009,320,https://www.dropshipping.com.bd/public/storage/images/product_thumbnail_img/thumb_69977e51a829f.jpg
Woman's Fashion,Handaiyan Soft Bright Powder Cake (,10008,320,https://www.dropshipping.com.bd/public/storage/images/product_thumbnail_img/thumb_69977e5060e31.jpg
Woman's Fashion,Handaiyan Soft Bright Powder Cake (,10007,320,https://www.dropshipping.com.bd/public/storage/images/product_thumbnail_img/thumb_69977e4f2c45e.jpg
Woman's Fashion,Handaiyan Soft Bright Powder Cake (,10006,320,https://www.dropshipping.com.bd/public/storage/images/product_thumbnail_img/thumb_69977e4e1b545.jpg
Woman's Fashion,Handaiyan Soft Bright Powder Cake (,10005,320,https://www.dropshipping.com.bd/public/storage/images/product_thumbnail_img/thumb_69977e4d1a657.jpg
Woman's Fashion,Pastel Beauty Mega Lash Water Resis,10003,440,https://www.dropshipping.com.bd/public/storage/images/product_thumbnail_img/thumb_69977e4b6b2da.jpg
Woman's Fashion,Pastel Beauty Oh So Waterproof Masc,9999,470,https://www.dropshipping.com.bd/public/storage/images/product_thumbnail_img/thumb_69977e47cae50.jpg
Woman's Fashion,CMAADU 5 In 1 Matte Liquid Lipstick,9997,990,https://www.dropshipping.com.bd/public/storage/images/product_thumbnail_img/thumb_69977e4583de5.jpg
Woman's Fashion,Pastel Beauty Banana Loose Powder,9995,620,https://www.dropshipping.com.bd/public/storage/images/product_thumbnail_img/thumb_69977e436ca5d.jpg
Woman's Fashion,Pastel Beauty Cotton Pads,9993,290,https://www.dropshipping.com.bd/public/storage/images/product_thumbnail_img/thumb_69977e42256bb.jpg
Woman's Fashion,Pastel Beauty Indense Mineral Compa,9991,750,https://www.dropshipping.com.bd/public/storage/images/product_thumbnail_img/thumb_69977e40b78f3.jpg
Woman's Fashion,Pastel Beauty Indense Mineral Compa,9990,750,https://www.dropshipping.com.bd/public/storage/images/product_thumbnail_img/thumb_69977e3fd37a7.jpg
Woman's Fashion,Pastel Beauty Indense Mineral Compa,9989,750,https://www.dropshipping.com.bd/public/storage/images/product_thumbnail_img/thumb_69977e3ef010c.jpg
Woman's Fashion,Pastel Beauty Indense Mineral Compa,9988,750,https://www.dropshipping.com.bd/public/storage/images/product_thumbnail_img/thumb_69977e3e05ae3.jpg
Woman's Fashion,Pastel Beauty Indense Mineral Compa,9986,750,https://www.dropshipping.com.bd/public/storage/images/product_thumbnail_img/thumb_69977e3b16811.jpg
Woman's Fashion,Pastel Beauty Liquid Eyeliner – Bla,9985,340,https://www.dropshipping.com.bd/public/storage/images/product_thumbnail_img/thumb_69977e3a10c4f.jpg
Woman's Fashion,PASTEL BEAUTY Mega Glow Highlighter,9984,410,https://www.dropshipping.com.bd/public/storage/images/product_thumbnail_img/thumb_69977e3949c39.jpg
Woman's Fashion,Pastel Beauty Mega Blush,9983,410,https://www.dropshipping.com.bd/public/storage/images/product_thumbnail_img/thumb_69977e38530ef.jpg
Woman's Fashion,Pastel Beauty Matte Mega Bronze & C,9981,410,https://www.dropshipping.com.bd/public/storage/images/product_thumbnail_img/thumb_69b19904a106f_1773246724.jpg
Woman's Fashion,Pastel Beauty Eyeshadow Hot Love 15,9980,860,https://www.dropshipping.com.bd/public/storage/images/product_thumbnail_img/thumb_69977e3529915.jpg
Woman's Fashion,Pastel Beauty Eyeshadow Peanut Butt,9979,860,https://www.dropshipping.com.bd/public/storage/images/product_thumbnail_img/thumb_69977e30dec6b.jpg
Woman's Fashion,Pastel Beauty Persuasion 15 Colour,9978,860,https://www.dropshipping.com.bd/public/storage/images/product_thumbnail_img/thumb_69977e2fd3b4a.jpg
Woman's Fashion,Pastel Beauty Eyeshadow Invite Only,9977,860,https://www.dropshipping.com.bd/public/storage/images/product_thumbnail_img/thumb_69977e2ebed67.jpg
Woman's Fashion,Pastel Beauty Lynara Loud Lips Line,9976,240,https://www.dropshipping.com.bd/public/storage/images/product_thumbnail_img/thumb_69977e2dbfe1d.jpg
Woman's Fashion,Pastel Beauty Lynara Loud Lips Line,9975,240,https://www.dropshipping.com.bd/public/storage/images/product_thumbnail_img/thumb_69977e2cf2a76.jpg
Woman's Fashion,Pastel Beauty Lynara Loud Lips Line,9974,240,https://www.dropshipping.com.bd/public/storage/images/product_thumbnail_img/thumb_69977e2c18b39.jpg
Woman's Fashion,Pastel Beauty Lynara Loud Lips Line,9973,240,https://www.dropshipping.com.bd/public/storage/images/product_thumbnail_img/thumb_69977e2b47d20.jpg
Woman's Fashion,Pastel Beauty Lynara Loud Lips Line,9972,240,https://www.dropshipping.com.bd/public/storage/images/product_thumbnail_img/thumb_69977e2a80673.jpg
Woman's Fashion,Pastel Beauty Lynara Loud Lips Line,9971,290,https://www.dropshipping.com.bd/public/storage/images/product_thumbnail_img/thumb_699c9a53619cc_1771870803.jpg
Woman's Fashion,Pastel Beauty Lynara Loud Lips Line,9970,240,https://www.dropshipping.com.bd/public/storage/images/product_thumbnail_img/thumb_69977e28ca1b1.jpg
Woman's Fashion,Pastel Beauty Light Up Water-Resist,9969,700,https://www.dropshipping.com.bd/public/storage/images/product_thumbnail_img/thumb_69977e2794b6e.jpg
Woman's Fashion,Pastel Beauty Light Up Water-Resist,9968,700,https://www.dropshipping.com.bd/public/storage/images/product_thumbnail_img/thumb_69977e267fb8a.jpg
Woman's Fashion,Pastel Beauty Light Up Water-Resist,9967,700,https://www.dropshipping.com.bd/public/storage/images/product_thumbnail_img/thumb_69977e254c811.jpg
Woman's Fashion,Maange Make Up Remover Sponge,9950,140,https://www.dropshipping.com.bd/public/storage/images/product_thumbnail_img/thumb_69977e16a0e8c.jpg
Woman's Fashion,Pastel Beauty Blushy Bliss,9946,480,https://www.dropshipping.com.bd/public/storage/images/product_thumbnail_img/thumb_69977e1382ce2.jpg
Woman's Fashion,Pastel Beauty HD Flawless Foundatio,9945,1250,https://www.dropshipping.com.bd/public/storage/images/product_thumbnail_img/thumb_69977e12524ee.jpg
Woman's Fashion,Pastel Beauty HD Flawless Foundatio,9944,1250,https://www.dropshipping.com.bd/public/storage/images/product_thumbnail_img/thumb_69977e1142eb9.jpg
Woman's Fashion,Pastel Beauty HD Flawless Foundatio,9943,1250,https://www.dropshipping.com.bd/public/storage/images/product_thumbnail_img/thumb_69977e102b7b4.jpg
Woman's Fashion,Pastel Beauty HD Flawless Foundatio,9942,1250,https://www.dropshipping.com.bd/public/storage/images/product_thumbnail_img/thumb_69977e0ee942d.jpg
Woman's Fashion,Pastel Beauty Dip Liner Ultra Matte,9941,390,https://www.dropshipping.com.bd/public/storage/images/product_thumbnail_img/thumb_69977e0dcb3a0.jpg
Woman's Fashion,Precious Skin Alpha Arbutin Collage,9937,1050,https://www.dropshipping.com.bd/public/storage/images/product_thumbnail_img/thumb_69977e0b915f4.jpg
Woman's Fashion,Supreme Gluta White 1500000mg,9936,1380,https://www.dropshipping.com.bd/public/storage/images/product_thumbnail_img/thumb_69977e0a776fc.jpg
Woman's Fashion,Precious Skin Niacinamide Facial Br,9935,1050,https://www.dropshipping.com.bd/public/storage/images/product_thumbnail_img/thumb_69977e0969bda.jpg
Woman's Fashion,Pomegranate Gel Peeling Gel Skin Ca,9932,890,https://www.dropshipping.com.bd/public/storage/images/product_thumbnail_img/thumb_69b453e9b44dd_1773425641.jpg
Woman's Fashion,Mulan 4IN 1 WHITENING CAPSULE,9931,2990,https://www.dropshipping.com.bd/public/storage/images/product_thumbnail_img/thumb_69977e05cfcc2.jpg
Woman's Fashion,Dr. Alvin Kojic Acid Soap – 135g,9930,890,https://www.dropshipping.com.bd/public/storage/images/product_thumbnail_img/thumb_69977e053f6e5.jpg
Woman's Fashion,Kim Whitening Pearl Cream – ডে & না,9903,950,https://www.dropshipping.com.bd/public/storage/images/product_thumbnail_img/thumb_69b19903c6a88_1773246723.jpg
Woman's Fashion,White Aura Miracle Carrot Soap – 16,9881,890,https://www.dropshipping.com.bd/public/storage/images/product_thumbnail_img/thumb_69977dedde861.jpg
Woman's Fashion,Yan Namei Ji Apple Peeling Gel - 32,9830,890,https://www.dropshipping.com.bd/public/storage/images/product_thumbnail_img/thumb_69977dcdba98e.jpg
Woman's Fashion,Debonair Colour Color Stay Non-Tran,9826,440,https://www.dropshipping.com.bd/public/storage/images/product_thumbnail_img/thumb_69977dca8039c.jpg
Woman's Fashion,Debonair Colour Color Stay Non-Tran,9825,440,https://www.dropshipping.com.bd/public/storage/images/product_thumbnail_img/thumb_69977dc983a7e.jpg
Woman's Fashion,Debonair Colour Color Stay Non-Tran,9824,440,https://www.dropshipping.com.bd/public/storage/images/product_thumbnail_img/thumb_69977dc887164.jpg
Woman's Fashion,Debonair Colour Color Stay Non-Tran,9823,440,https://www.dropshipping.com.bd/public/storage/images/product_thumbnail_img/thumb_69977dc78790f.jpg
Woman's Fashion,Debonair Colour Color Stay Non-Tran,9822,440,https://www.dropshipping.com.bd/public/storage/images/product_thumbnail_img/thumb_69977dc681a16.jpg
Woman's Fashion,Debonair Colour Color Stay Non-Tran,9821,440,https://www.dropshipping.com.bd/public/storage/images/product_thumbnail_img/thumb_69977dc577b19.jpg
Woman's Fashion,Debonair Colour Color Stay Non-Tran,9820,440,https://www.dropshipping.com.bd/public/storage/images/product_thumbnail_img/thumb_69977dc45b891.jpg
Woman's Fashion,Debonair Colour Color Stay Non-Tran,9819,440,https://www.dropshipping.com.bd/public/storage/images/product_thumbnail_img/thumb_69977dc35719e.jpg
Woman's Fashion,Debonair Colour Color Stay Non-Tran,9818,440,https://www.dropshipping.com.bd/public/storage/images/product_thumbnail_img/thumb_69977dc240084.jpg
Woman's Fashion,Debonair Colour Color Stay Non-Tran,9817,440,https://www.dropshipping.com.bd/public/storage/images/product_thumbnail_img/thumb_69977dc1383ec.jpg
Woman's Fashion,Debonair Colour Color Stay Non-Tran,9816,440,https://www.dropshipping.com.bd/public/storage/images/product_thumbnail_img/thumb_69977dc01f0c0.jpg
Woman's Fashion,Debonair Colour Color Stay Non-Tran,9815,440,https://www.dropshipping.com.bd/public/storage/images/product_thumbnail_img/thumb_69b7da07e858a_1773656583.jpg
Woman's Fashion,PASTEL BEAUTY COVER & BRIGHT CONCEA,9814,650,https://www.dropshipping.com.bd/public/storage/images/product_thumbnail_img/thumb_69977dbb64ec3.jpg
Woman's Fashion,PASTEL BEAUTY HD True Matte Foundat,9810,1080,https://www.dropshipping.com.bd/public/storage/images/product_thumbnail_img/thumb_69977db7b8aa9.jpg
Woman's Fashion,4KQ Whitening Night Cream-(Thailand,9770,1350,https://www.dropshipping.com.bd/public/storage/images/product_thumbnail_img/thumb_69977d98163fa.jpg
Woman's Fashion,9-Stone Floral Nose Pin (With gift,9587,650,https://www.dropshipping.com.bd/public/storage/images/product_thumbnail_img/thumb_69977cff9dfe1.jpg
Woman's Fashion,Korean Pearl Jewelry Set,9583,350,https://www.dropshipping.com.bd/public/storage/images/product_thumbnail_img/thumb_69977cfba52b2.jpg
Woman's Fashion,Laikou Strawberry Lip Mask,9554,490,https://www.dropshipping.com.bd/public/storage/images/product_thumbnail_img/thumb_69977ce3ebd0c.jpg
Woman's Fashion,Crystal Bloom Silver Ring,9511,150,https://www.dropshipping.com.bd/public/storage/images/product_thumbnail_img/thumb_69977cc949d5e.jpg
Woman's Fashion,Infinity Noir Stone Ring,9507,250,https://www.dropshipping.com.bd/public/storage/images/product_thumbnail_img/thumb_69977cc59461f.jpg
Woman's Fashion,Heart Knot Adjustable Ring,9505,250,https://www.dropshipping.com.bd/public/storage/images/product_thumbnail_img/thumb_69977cc390756.jpg
Woman's Fashion,Emerald Royal Crown Ring,9504,550,https://www.dropshipping.com.bd/public/storage/images/product_thumbnail_img/thumb_69977cc2888c3.jpg
Woman's Fashion,2  Pcs Combo Lovely Drop shoulder T,9466,750,https://www.dropshipping.com.bd/public/storage/images/product_thumbnail_img/thumb_69977cac746a6.jpg
Woman's Fashion,2  Pcs Combo Lovely Drop shoulder T,9465,750,https://www.dropshipping.com.bd/public/storage/images/product_thumbnail_img/thumb_69977cabcec54.jpg
Woman's Fashion,2  Pcs Combo Lovely Drop shoulder T,9464,750,https://www.dropshipping.com.bd/public/storage/images/product_thumbnail_img/thumb_69977cab297d2.jpg
Woman's Fashion,3 Pcs Combo Lovely Drop shoulder T-,9463,990,https://www.dropshipping.com.bd/public/storage/images/product_thumbnail_img/thumb_69977caa6c76e.jpg
Woman's Fashion,3 Pcs Combo Lovely Drop shoulder T-,9462,990,https://www.dropshipping.com.bd/public/storage/images/product_thumbnail_img/thumb_69977ca9ccdc5.jpg
Woman's Fashion,3 pcs Combo Lovely Drop shoulder T-,9461,990,https://www.dropshipping.com.bd/public/storage/images/product_thumbnail_img/thumb_69977ca93f48a.jpg
Woman's Fashion,Bulk Sale Price Promotion Different,9456,450,https://www.dropshipping.com.bd/public/storage/images/product_thumbnail_img/thumb_69977ca5ba496.jpg
Woman's Fashion,Gold Plated Jewelry Set,9455,1199,https://www.dropshipping.com.bd/public/storage/images/product_thumbnail_img/thumb_69977ca47f009.jpg
Woman's Fashion,Fantasy Colorful Acrylic Butterfly,9453,490,https://www.dropshipping.com.bd/public/storage/images/product_thumbnail_img/thumb_69977ca2a119e.jpg
Woman's Fashion,Fantasy Colorful Acrylic Butterfly,9452,490,https://www.dropshipping.com.bd/public/storage/images/product_thumbnail_img/thumb_69977ca1bad82.jpg
Woman's Fashion,Fantasy Colorful Acrylic Butterfly,9451,490,https://www.dropshipping.com.bd/public/storage/images/product_thumbnail_img/thumb_69977ca0a36cf.jpg
Woman's Fashion,Fantasy Colorful Acrylic Butterfly,9448,490,https://www.dropshipping.com.bd/public/storage/images/product_thumbnail_img/thumb_69977c9d88d4e.jpg
Woman's Fashion,Chowtushkoni Dyuti Women's Ring,9410,300,https://www.dropshipping.com.bd/public/storage/images/product_thumbnail_img/thumb_69977c7bc3ae4.jpg
Woman's Fashion,Chowtushkoni Dyuti Women's Ring,9409,300,https://www.dropshipping.com.bd/public/storage/images/product_thumbnail_img/thumb_69977c7abcc6d.jpg
Woman's Fashion,vibrant gold ring adorned with colo,9408,300,https://www.dropshipping.com.bd/public/storage/images/product_thumbnail_img/thumb_69977c7a0e3c5.jpg
Woman's Fashion,vibrant gold ring adorned with colo,9407,300,https://www.dropshipping.com.bd/public/storage/images/product_thumbnail_img/thumb_69977c794e0f0.jpg
Woman's Fashion,vibrant gold ring adorned with colo,9406,300,https://www.dropshipping.com.bd/public/storage/images/product_thumbnail_img/thumb_69977c78936e5.jpg
Woman's Fashion,New Exclushive Collection High Qual,9331,1090,https://www.dropshipping.com.bd/public/storage/images/product_thumbnail_img/thumb_69977c3db792e.jpg
Woman's Fashion,High end ladies' handbag multi-laye,9310,980,https://www.dropshipping.com.bd/public/storage/images/product_thumbnail_img/thumb_69977c2fa6264.jpg
Woman's Fashion,High end ladies' handbag multi-laye,9309,980,https://www.dropshipping.com.bd/public/storage/images/product_thumbnail_img/thumb_699c3ccea5d27_1771846862.jpg
Woman's Fashion,Classic Crystal Crown Ring – Golden,9234,320,https://www.dropshipping.com.bd/public/storage/images/product_thumbnail_img/thumb_69977bf6c6083.jpg
Woman's Fashion,Vintage Oval Crystal Eternity Ring,9228,390,https://www.dropshipping.com.bd/public/storage/images/product_thumbnail_img/thumb_69977befc6827.jpg
Woman's Fashion,Royal Ruby Cluster Statement Ring,9209,650,https://www.dropshipping.com.bd/public/storage/images/product_thumbnail_img/thumb_69977be4baffd.jpg
Woman's Fashion,Spinning Heartstone Adjustable Ring,9200,290,https://www.dropshipping.com.bd/public/storage/images/product_thumbnail_img/thumb_69977bdf61320.jpg
Woman's Fashion,Elegant Square Zircon Stone Ring fo,9189,290,https://www.dropshipping.com.bd/public/storage/images/product_thumbnail_img/thumb_69977bd75b61a.jpg
Woman's Fashion,Luxury Emerald Cut Crystal Ring for,9187,390,https://www.dropshipping.com.bd/public/storage/images/product_thumbnail_img/thumb_69977bd4dbada.jpg
Woman's Fashion,Elegant Gold Plated Crystal Nose Pi,8969,340,https://www.dropshipping.com.bd/public/storage/images/product_thumbnail_img/thumb_69977b333109c.jpg
Woman's Fashion,Pearl Shell Starfish Pendant Neckla,8956,350,https://www.dropshipping.com.bd/public/storage/images/product_thumbnail_img/thumb_69977b2b7bc58.jpg
Woman's Fashion,Crystal Love Ring,8940,390,https://www.dropshipping.com.bd/public/storage/images/product_thumbnail_img/thumb_69977b18d17ca.jpg
Woman's Fashion,Royal Shine Rectangle Stone Ring,8937,410,https://www.dropshipping.com.bd/public/storage/images/product_thumbnail_img/thumb_69977b1724dce.jpg
Woman's Fashion,Sapphire Crystal Ring – Premium Sil,8934,220,https://www.dropshipping.com.bd/public/storage/images/product_thumbnail_img/thumb_69977b13f3594.jpg
Woman's Fashion,Elegant Crystal Stone Ring Set – 8,8931,390,https://www.dropshipping.com.bd/public/storage/images/product_thumbnail_img/thumb_69977b11af1da.jpg
Woman's Fashion,Luxury Crystal Cluster Cocktail Rin,8930,490,https://www.dropshipping.com.bd/public/storage/images/product_thumbnail_img/thumb_69977b10b0725.jpg
Woman's Fashion,Lovely Drop shoulder T shirt for Wo,8929,420,https://www.dropshipping.com.bd/public/storage/images/product_thumbnail_img/thumb_69977b0fce610.jpg
Woman's Fashion,Lovely Drop shoulder T shirt for Wo,8928,420,https://www.dropshipping.com.bd/public/storage/images/product_thumbnail_img/thumb_69977b0f1b00d.jpg
Woman's Fashion,Lovely Drop shoulder T shirt for Wo,8927,420,https://www.dropshipping.com.bd/public/storage/images/product_thumbnail_img/thumb_69977b0e47f7b.jpg
Woman's Fashion,Lovely Drop shoulder T shirt for Wo,8926,420,https://www.dropshipping.com.bd/public/storage/images/product_thumbnail_img/thumb_69977b0d96a00.jpg
Woman's Fashion,Lovely Drop shoulder T shirt for Wo,8925,420,https://www.dropshipping.com.bd/public/storage/images/product_thumbnail_img/thumb_69977b0cdf63d.jpg
Woman's Fashion,Lovely Drop shoulder T shirt for Wo,8924,420,https://www.dropshipping.com.bd/public/storage/images/product_thumbnail_img/thumb_69977b0c410b8.jpg
Woman's Fashion,Lovely Drop shoulder T shirt for Wo,8922,420,https://www.dropshipping.com.bd/public/storage/images/product_thumbnail_img/thumb_69977b0b61268.jpg
Woman's Fashion,Meow -Drop shoulder T-shirt for Wom,9153,420,https://www.dropshipping.com.bd/public/storage/images/product_thumbnail_img/thumb_69977bb750868.jpg
Woman's Fashion,Lovely Drop shoulder T-shirt for Wo,9152,420,https://www.dropshipping.com.bd/public/storage/images/product_thumbnail_img/thumb_69977bb69bd6f.jpg
Woman's Fashion,Lovely Drop shoulder T-shirt for Wo,9151,420,https://www.dropshipping.com.bd/public/storage/images/product_thumbnail_img/thumb_69977bb5e71d8.jpg
Woman's Fashion,Lovely Drop shoulder T-shirt for Wo,9147,420,https://www.dropshipping.com.bd/public/storage/images/product_thumbnail_img/thumb_69977bb3af73f.jpg
Woman's Fashion,Lovely Drop shoulder T-shirt for Wo,9146,420,https://www.dropshipping.com.bd/public/storage/images/product_thumbnail_img/thumb_69977bb2e95a3.jpg
Woman's Fashion,Lovely Drop shoulder T-shirt for Wo,9145,420,https://www.dropshipping.com.bd/public/storage/images/product_thumbnail_img/thumb_69977bb216e4e.jpg
Woman's Fashion,Lovely Drop shoulder T-shirt for Wo,9142,420,https://www.dropshipping.com.bd/public/storage/images/product_thumbnail_img/thumb_69977bb02c303.jpg
Woman's Fashion,Lovely Drop shoulder T-shirt for Wo,9141,420,https://www.dropshipping.com.bd/public/storage/images/product_thumbnail_img/thumb_69977baf664b3.jpg
Woman's Fashion,Lovely Drop shoulder T-shirt for Wo,9140,420,https://www.dropshipping.com.bd/public/storage/images/product_thumbnail_img/thumb_69977baec8c9a.jpg
Woman's Fashion,Lovely Drop shoulder T-shirt for Wo,9139,420,https://www.dropshipping.com.bd/public/storage/images/product_thumbnail_img/thumb_69977bae2550b.jpg
Woman's Fashion,Lovely Drop shoulder T-shirt for Wo,9138,420,https://www.dropshipping.com.bd/public/storage/images/product_thumbnail_img/thumb_69977bad79ee2.jpg
Woman's Fashion,Elegant Teardrop Pearl Pendant Neck,9046,380,https://www.dropshipping.com.bd/public/storage/images/product_thumbnail_img/thumb_69977b6b1dcc4.jpg
Woman's Fashion,ColorMix Elegant Crystal Bracelet,9017,280,https://www.dropshipping.com.bd/public/storage/images/product_thumbnail_img/thumb_69977b5a8e157.jpg
Woman's Fashion,Simple Classic Gold-Tone Chain (Uni,9015,120,https://www.dropshipping.com.bd/public/storage/images/product_thumbnail_img/thumb_69977b5951ebd.jpg
Woman's Fashion,Classic 3 Stone Nosepin,8973,460,https://www.dropshipping.com.bd/public/storage/images/product_thumbnail_img/thumb_69977b395fc9f.jpg
Woman's Fashion,Lovely Drop shoulder T shirt for Wo,8921,420,https://www.dropshipping.com.bd/public/storage/images/product_thumbnail_img/thumb_69977b0aa3e55.jpg
Woman's Fashion,DTF Printed ladies  T shirt | Half,8915,380,https://www.dropshipping.com.bd/public/storage/images/product_thumbnail_img/thumb_69977b05a1003.jpg
Woman's Fashion,DTF Printed ladies  T shirt | Half,8914,380,https://www.dropshipping.com.bd/public/storage/images/product_thumbnail_img/thumb_69977b048ad1a.jpg
Woman's Fashion,DTF Printed ladies  T shirt | Half,8913,380,https://www.dropshipping.com.bd/public/storage/images/product_thumbnail_img/thumb_69977b039496b.jpg
Woman's Fashion,DTF Printed ladies  T shirt | Half,8912,380,https://www.dropshipping.com.bd/public/storage/images/product_thumbnail_img/thumb_69977b02717c0.jpg
Woman's Fashion,DTF Printed ladies  T shirt | Half,8911,380,https://www.dropshipping.com.bd/public/storage/images/product_thumbnail_img/thumb_69977b015aa55.jpg
Woman's Fashion,DTF Printed ladies  T shirt | Half,8910,380,https://www.dropshipping.com.bd/public/storage/images/product_thumbnail_img/thumb_69977b00229a1.jpg
Woman's Fashion,Women Print Smile T shirt | Half Sl,8909,380,https://www.dropshipping.com.bd/public/storage/images/product_thumbnail_img/thumb_69977aff16717.jpg
Woman's Fashion,DTF Printed ladies  T shirt | Half,8908,380,https://www.dropshipping.com.bd/public/storage/images/product_thumbnail_img/thumb_69977afddf618.jpg
Woman's Fashion,DTF Printed ladies  T shirt | Half,8907,380,https://www.dropshipping.com.bd/public/storage/images/product_thumbnail_img/thumb_69977afce69f6.jpg
Woman's Fashion,DTF Printed ladies  T shirt | Half,8906,380,https://www.dropshipping.com.bd/public/storage/images/product_thumbnail_img/thumb_69977afc20d55.jpg
Woman's Fashion,DTF Printed ladies  T shirt | Half,8905,380,https://www.dropshipping.com.bd/public/storage/images/product_thumbnail_img/thumb_69977afb3a047.jpg
Woman's Fashion,DTF Printed ladies  T shirt | Half,8904,380,https://www.dropshipping.com.bd/public/storage/images/product_thumbnail_img/thumb_69977afa6a117.jpg
Woman's Fashion,DTF Printed ladies  T shirt | Half,8903,380,https://www.dropshipping.com.bd/public/storage/images/product_thumbnail_img/thumb_69977af97b94e.jpg
Woman's Fashion,Unique Couple Lover Finger Rings Me,8857,290,https://www.dropshipping.com.bd/public/storage/images/product_thumbnail_img/thumb_69977ad403a6c.jpg
Woman's Fashion,Unique Couple Lover Finger Rings Me,8856,290,https://www.dropshipping.com.bd/public/storage/images/product_thumbnail_img/thumb_69977ad374bb8.jpg
Woman's Fashion,New Exclushive Collection High Qual,8327,1250,https://www.dropshipping.com.bd/public/storage/images/product_thumbnail_img/thumb_69977947e8e69.jpg
Woman's Fashion,Premium cotton computer printed  Bo,8139,1799,https://www.dropshipping.com.bd/public/storage/images/product_thumbnail_img/thumb_69b56ad2f2289_1773497042.jpg
Woman's Fashion,Elegant Palazzo long Khimar Set,7946,1150,https://www.dropshipping.com.bd/public/storage/images/product_thumbnail_img/thumb_6997782555c73.jpg
Woman's Fashion,Elegant Palazzo long Khimar Set,7942,1250,https://www.dropshipping.com.bd/public/storage/images/product_thumbnail_img/thumb_69b91dedc86c4_1773739501.jpg
Woman's Fashion,Elegant Palazzo long Khimar Set,7940,1250,https://www.dropshipping.com.bd/public/storage/images/product_thumbnail_img/thumb_69c8b951dfe63_1774762321.jpg
Woman's Fashion,Elegant Palazzo long Khimar Set,7939,1250,https://www.dropshipping.com.bd/public/storage/images/product_thumbnail_img/thumb_69977821c10f5.jpg
Woman's Fashion,Elegant Palazzo long Khimar Set,7938,1250,https://www.dropshipping.com.bd/public/storage/images/product_thumbnail_img/thumb_699f02edb0933_1772028653.jpg
Woman's Fashion,Freshwater Wish Pearl Oyster with P,7395,750,https://www.dropshipping.com.bd/public/storage/images/product_thumbnail_img/thumb_69a539aa3f675_1772435882.jpg
Woman's Fashion,Maroon& Blue Halfsilk Saree for Wom,4203,590,https://www.dropshipping.com.bd/public/storage/images/product_thumbnail_img/thumb_69abd1e0abe1b_1772868064.jpg
Woman's Fashion,FOGG  For Women pink 120ML,4177,390,https://www.dropshipping.com.bd/public/storage/images/product_thumbnail_img/thumb_69976f44bc195.jpg
Woman's Fashion,Romantic Grace make up kit 12g,4174,450,https://www.dropshipping.com.bd/public/storage/images/product_thumbnail_img/thumb_69976f426a87c.jpg
Woman's Fashion,Romantic Grace make up kit 12g,4173,450,https://www.dropshipping.com.bd/public/storage/images/product_thumbnail_img/thumb_69976f4195717.jpg
Woman's Fashion,Romantic Grace make up kit 12g,4166,450,https://www.dropshipping.com.bd/public/storage/images/product_thumbnail_img/thumb_69976f3b6fdd1.jpg
Woman's Fashion,Romantic Grace make up kit 12g,4165,350,https://www.dropshipping.com.bd/public/storage/images/product_thumbnail_img/thumb_69976f3a89b97.jpg
Woman's Fashion,Black & White Halfsilk Saree for Wo,4163,590,https://www.dropshipping.com.bd/public/storage/images/product_thumbnail_img/thumb_69976f390db07.jpg
Woman's Fashion,24Huda Girl BEAUTY Swiss Edition Pr,4160,350,https://www.dropshipping.com.bd/public/storage/images/product_thumbnail_img/thumb_69976f361aa3d.jpg
Woman's Fashion,Chanlanya 8 Color Shimmer Eyeshadow,4159,300,https://www.dropshipping.com.bd/public/storage/images/product_thumbnail_img/thumb_69976f354a2e8.jpg
Woman's Fashion,Tailaimei Two-way Cake & Eye Shadow,4155,1000,https://www.dropshipping.com.bd/public/storage/images/product_thumbnail_img/thumb_69976f321addb.jpg
Woman's Fashion,Eyeshadow palette beautiful color K,4154,1790,https://www.dropshipping.com.bd/public/storage/images/product_thumbnail_img/thumb_69976f312439f.jpg
Woman's Fashion,Eyebrow Trimmer and Facial Hair Sha,4094,650,https://www.dropshipping.com.bd/public/storage/images/product_thumbnail_img/thumb_69976ef72f533.jpg
Woman's Fashion,Love Heart Magnetic Pendant Chain N,3772,690,https://www.dropshipping.com.bd/public/storage/images/product_thumbnail_img/thumb_69b041110e848_1773158673.jpg
Woman's Fashion,Love Heart Magnetic Pendant Chain N,3771,350,https://www.dropshipping.com.bd/public/storage/images/product_thumbnail_img/thumb_699adb6049ca8_1771756384.jpg
Woman's Fashion,Three piece For Women,7198,1090,https://www.dropshipping.com.bd/public/storage/images/product_thumbnail_img/thumb_699776749115d.jpg
Woman's Fashion,Diamond Cut Zirconia Superflow Ring,7236,250,https://www.dropshipping.com.bd/public/storage/images/product_thumbnail_img/thumb_6997769280da1.jpg
Woman's Fashion,Snow Style Classic Zirconia Diamond,7238,350,https://www.dropshipping.com.bd/public/storage/images/product_thumbnail_img/thumb_69c55a660f2e6_1774541414.jpg
Woman's Fashion,Women Casual Large Capacity Waterpr,7278,790,https://www.dropshipping.com.bd/public/storage/images/product_thumbnail_img/thumb_69d117be3b997_1775310782.jpg
Woman's Fashion,Women's Handbag Solid (Red ),7292,750,https://www.dropshipping.com.bd/public/storage/images/product_thumbnail_img/thumb_69ce4a169b6ce_1775127062.jpg
Woman's Fashion,Three piece For Women,1508,1099,https://www.dropshipping.com.bd/public/storage/images/product_thumbnail_img/thumbnail_1737716632_7479.jpg
Woman's Fashion,Three piece For Women,2725,1099,https://www.dropshipping.com.bd/public/storage/images/product_thumbnail_img/thumbnail_1737716521_8092.jpg
Woman's Fashion,Three piece For Women,2689,1099,https://www.dropshipping.com.bd/public/storage/images/product_thumbnail_img/thumbnail_1737716362_8595.jpg
Woman's Fashion,Three piece For Women,2154,1099,https://www.dropshipping.com.bd/public/storage/images/product_thumbnail_img/thumbnail_1737716149_7497.jpg
Woman's Fashion,Bioaqua P Vita Melasma Mesta Whiten,6895,800,https://www.dropshipping.com.bd/public/storage/images/product_thumbnail_img/thumb_699775bc67e3e.jpg
Woman's Fashion,Ready hijab,6472,790,https://www.dropshipping.com.bd/public/storage/images/product_thumbnail_img/thumb_699774ded6104.jpg
Woman's Fashion,Main materials georgate stone saree,6409,990,https://www.dropshipping.com.bd/public/storage/images/product_thumbnail_img/thumb_69b3d33e7f7de_1773392702.jpg
Woman's Fashion,Main materials georgate stone saree,6408,890,https://www.dropshipping.com.bd/public/storage/images/product_thumbnail_img/thumb_699774b946559.jpg
Woman's Fashion,আবায়া  কোটি বোরকা ড্রেস,6085,2250,https://www.dropshipping.com.bd/public/storage/images/product_thumbnail_img/thumb_69ae9cb63ef7f_1773051062.jpg
Woman's Fashion,Floor Touch Long Abaya-ফ্লোর টাচ লং,5973,1300,https://www.dropshipping.com.bd/public/storage/images/product_thumbnail_img/thumb_699773acaf849.jpg
Woman's Fashion,Iqra Ready Hijab,5873,890,https://www.dropshipping.com.bd/public/storage/images/product_thumbnail_img/thumb_6997737a2de83.jpg
Woman's Fashion,Ready hijab,5774,790,https://www.dropshipping.com.bd/public/storage/images/product_thumbnail_img/thumb_699b001e051a9_1771765790.jpg
Woman's Fashion,Ready hijab,5772,790,https://www.dropshipping.com.bd/public/storage/images/product_thumbnail_img/thumb_69977340d0d7b.jpg
Woman's Fashion,Ready hijab,5768,790,https://www.dropshipping.com.bd/public/storage/images/product_thumbnail_img/thumb_6997733f41e9d.jpg
Woman's Fashion,Palazzo Khimar Set,5756,1200,https://www.dropshipping.com.bd/public/storage/images/product_thumbnail_img/thumb_69977338043ac.jpg
Woman's Fashion,Palazzo Khimar Set,5754,1200,https://www.dropshipping.com.bd/public/storage/images/product_thumbnail_img/thumb_69cce0aea0543_1775034542.jpg
Woman's Fashion,Stylish 3d design ladies bag,5463,250,https://www.dropshipping.com.bd/public/storage/images/product_thumbnail_img/thumb_69b53f75f0bf5_1773485941.jpg
Woman's Fashion,Stylish 3d design ladies bag,5462,250,https://www.dropshipping.com.bd/public/storage/images/product_thumbnail_img/thumb_69cbd92969097_1774967081.jpg
Home & Life Style,Aura Watch Matte Black Edition For,13134,550,https://www.dropshipping.com.bd/public/storage/images/product_thumbnail_img/thumb_69d244adae1a1_1775387821.jpg
Home & Life Style,Premium Waterproof Table Cloth,13104,1950,https://www.dropshipping.com.bd/public/storage/images/product_thumbnail_img/thumb_69d263da705c8_1775395802.jpg
Home & Life Style,Premium Waterproof Table Cloth,13103,1950,https://www.dropshipping.com.bd/public/storage/images/product_thumbnail_img/thumb_69d0b2ba262c1_1775284922.jpg
Home & Life Style,Premium Waterproof Table Cloth,13102,1950,https://www.dropshipping.com.bd/public/storage/images/product_thumbnail_img/thumb_69d0f72a37a99_1775302442.jpg
Home & Life Style,Premium Waterproof Table Cloth,13101,1950,https://www.dropshipping.com.bd/public/storage/images/product_thumbnail_img/thumb_69ce04b6e4792_1775109302.jpg
Home & Life Style,Premium Waterproof Table Cloth,13100,1950,https://www.dropshipping.com.bd/public/storage/images/product_thumbnail_img/thumb_69ce047b49cdf_1775109243.jpg
Home & Life Style,Premium Waterproof Table Cloth,13099,1950,https://www.dropshipping.com.bd/public/storage/images/product_thumbnail_img/thumb_69ce047ac8dd7_1775109242.jpg
Home & Life Style,Premium Waterproof Table Cloth,13098,1950,https://www.dropshipping.com.bd/public/storage/images/product_thumbnail_img/thumb_69ce047a3976b_1775109242.jpg
Home & Life Style,Premium Waterproof Table Cloth,13097,1950,https://www.dropshipping.com.bd/public/storage/images/product_thumbnail_img/thumb_69ce0479b00f4_1775109241.jpg
Home & Life Style,Premium Waterproof Table Cloth,13096,1950,https://www.dropshipping.com.bd/public/storage/images/product_thumbnail_img/thumb_69ce043f5f991_1775109183.jpg
Home & Life Style,Premium Waterproof Table Cloth,13095,1950,https://www.dropshipping.com.bd/public/storage/images/product_thumbnail_img/thumb_69d263d9e79fb_1775395801.jpg
Home & Life Style,Premium Waterproof Table Cloth,13094,1950,https://www.dropshipping.com.bd/public/storage/images/product_thumbnail_img/thumb_69ce043e5391a_1775109182.jpg
Home & Life Style,H2O Air Humidifier,13032,650,https://www.dropshipping.com.bd/public/storage/images/product_thumbnail_img/thumb_69d33bf1a548e_1775451121.jpg
Home & Life Style,BW9 Pro Online Edition Phone Watch,13028,1890,https://www.dropshipping.com.bd/public/storage/images/product_thumbnail_img/thumb_69d2627e4f5e0_1775395454.jpg
Home & Life Style,Portable Crusher Juicer,13027,890,https://www.dropshipping.com.bd/public/storage/images/product_thumbnail_img/thumb_69d365e5ce774_1775461861.jpg
Home & Life Style,S2000 Promax Smart Watch 10 in 1,13026,1290,https://www.dropshipping.com.bd/public/storage/images/product_thumbnail_img/thumb_69d21288bcbc9_1775374984.jpg
Home & Life Style,প্রিমিয়াম আতর,13003,90,https://www.dropshipping.com.bd/public/storage/images/product_thumbnail_img/thumb_69cd3002db56c_1775054850.jpg
Home & Life Style,A58 Plus Smartwatch Gift Set For Gi,12980,1490,https://www.dropshipping.com.bd/public/storage/images/product_thumbnail_img/thumb_69b5b5d9b3fc8_1773516249.jpg
Home & Life Style,Portable Electric Juicer Blender,12923,1690,https://www.dropshipping.com.bd/public/storage/images/product_thumbnail_img/thumb_69d3303e10935_1775448126.jpg
Home & Life Style,Alarm Padlock,12893,790,https://www.dropshipping.com.bd/public/storage/images/product_thumbnail_img/thumb_69cc15f317316_1774982643.jpg
Home & Life Style,Premium Quality China Storage Bag,12892,990,https://www.dropshipping.com.bd/public/storage/images/product_thumbnail_img/thumb_69b52ad60b488_1773480662.jpg
Home & Life Style,3.5L Cold Water and Juice Dispenser,12890,590,https://www.dropshipping.com.bd/public/storage/images/product_thumbnail_img/thumb_69a666223a81e_1772512802.jpg
Home & Life Style,Titan Two-Tone Roman Dial Watch,12889,1090,https://www.dropshipping.com.bd/public/storage/images/product_thumbnail_img/thumb_69b127ce04199_1773217742.jpg
Home & Life Style,Titan Two-Tone Roman Dial Watch,12888,1090,https://www.dropshipping.com.bd/public/storage/images/product_thumbnail_img/thumb_69b6e24a24ae7_1773593162.jpg
Home & Life Style,Titan Two-Tone Roman Dial Watch,12887,1090,https://www.dropshipping.com.bd/public/storage/images/product_thumbnail_img/thumb_69b12c4233a46_1773218882.jpg
Home & Life Style,Titan Two-Tone Roman Dial Watch,12886,1090,https://www.dropshipping.com.bd/public/storage/images/product_thumbnail_img/thumb_69b128fa8f844_1773218042.jpg
Home & Life Style,BNP Heritage Edition Wristwatch,12859,890,https://www.dropshipping.com.bd/public/storage/images/product_thumbnail_img/thumb_69c959a42d050_1774803364.jpg
Home & Life Style,Multi-functional Magnetized Stirrin,12854,990,https://www.dropshipping.com.bd/public/storage/images/product_thumbnail_img/thumb_699786291b249.jpg
Home & Life Style,Sakura White Melasma Cream,12735,790,https://www.dropshipping.com.bd/public/storage/images/product_thumbnail_img/thumb_699785cebc7f4.jpg
Home & Life Style,OSUFI Collagen Moisturising Brighte,12736,790,https://www.dropshipping.com.bd/public/storage/images/product_thumbnail_img/thumb_699785cf3bcc6.jpg
Home & Life Style,VIP Beauty Whitening Night Cream 30,12737,990,https://www.dropshipping.com.bd/public/storage/images/product_thumbnail_img/thumb_699785cfeb9be.jpg
Home & Life Style,Chitian Shoe & Sock Deodorant 100 m,12738,290,https://www.dropshipping.com.bd/public/storage/images/product_thumbnail_img/thumb_69b2e6138bc29_1773331987.jpg
Home & Life Style,Gold super Ladies Watch Water Resis,12739,1090,https://www.dropshipping.com.bd/public/storage/images/product_thumbnail_img/thumb_69c554f586282_1774540021.jpg
Home & Life Style,Gold super Ladies Watch Water Resis,12741,1090,https://www.dropshipping.com.bd/public/storage/images/product_thumbnail_img/thumb_69b119fac0f67_1773214202.jpg
Home & Life Style,Gixxer Metal chain Watch Water Resi,12743,790,https://www.dropshipping.com.bd/public/storage/images/product_thumbnail_img/thumb_69b116770ae14_1773213303.jpg
Home & Life Style,Snille Luxury Watch Water resistant,12744,1390,https://www.dropshipping.com.bd/public/storage/images/product_thumbnail_img/thumb_699785d48da66.jpg
Home & Life Style,Snille Luxury Watch Water resistant,12745,1390,https://www.dropshipping.com.bd/public/storage/images/product_thumbnail_img/thumb_699785d509912.jpg
Home & Life Style,Titan Luxury Watch Water Resistant,12748,790,https://www.dropshipping.com.bd/public/storage/images/product_thumbnail_img/thumb_69b6f7da33538_1773598682.jpg
Home & Life Style,Titan Luxury Watch Water Resistant,12749,790,https://www.dropshipping.com.bd/public/storage/images/product_thumbnail_img/thumb_69b18ec82766b_1773244104.jpg
Home & Life Style,Titan Luxury Watch Water Resistant,12750,790,https://www.dropshipping.com.bd/public/storage/images/product_thumbnail_img/thumb_69d1120026496_1775309312.jpg
Home & Life Style,Arabic Dial Premium Marble Finish W,12751,490,https://www.dropshipping.com.bd/public/storage/images/product_thumbnail_img/thumb_69b019575f3e5_1773148503.jpg
Home & Life Style,Arabic Dial Premium Marble Finish W,12752,490,https://www.dropshipping.com.bd/public/storage/images/product_thumbnail_img/thumb_69b18ec5d0c74_1773244101.jpg
Home & Life Style,Arabic Dial Premium Marble Finish L,12753,490,https://www.dropshipping.com.bd/public/storage/images/product_thumbnail_img/thumb_69b019ce759b6_1773148622.jpg
Home & Life Style,Arabic Dial Premium Marble Finish L,12754,490,https://www.dropshipping.com.bd/public/storage/images/product_thumbnail_img/thumb_69b01a8355c7e_1773148803.jpg
Home & Life Style,Arabic Dial Premium Marble Finish L,12755,490,https://www.dropshipping.com.bd/public/storage/images/product_thumbnail_img/thumb_69b01afaced1c_1773148922.jpg
Home & Life Style,Yhmei 8217 Premium Leather Strap Wa,12756,2190,https://www.dropshipping.com.bd/public/storage/images/product_thumbnail_img/thumb_69b138ead50fd_1773222122.jpg
Home & Life Style,Yhmei 8217 Premium Leather Strap Wa,12757,2190,https://www.dropshipping.com.bd/public/storage/images/product_thumbnail_img/thumb_69cc1489b72ec_1774982281.jpg
Home & Life Style,Gedi 72001 luxury Ladies Watch (Wat,12758,2150,https://www.dropshipping.com.bd/public/storage/images/product_thumbnail_img/thumb_699785e06f59f.jpg
Home & Life Style,BEST WIN Luxury Watch For Men's (Wa,12761,1190,https://www.dropshipping.com.bd/public/storage/images/product_thumbnail_img/thumb_69b01d16a0ce1_1773149462.jpg
Home & Life Style,BEST WIN Luxury Watch For Men's (Wa,12762,1190,https://www.dropshipping.com.bd/public/storage/images/product_thumbnail_img/thumb_69d1f6de6a792_1775367902.jpg
Home & Life Style,BEST WIN Luxury Watch For Men's (Wa,12763,1190,https://www.dropshipping.com.bd/public/storage/images/product_thumbnail_img/thumb_69b105d202db5_1773209042.jpg
Home & Life Style,BEST WIN Luxury Watch For Men's (Wa,12764,1190,https://www.dropshipping.com.bd/public/storage/images/product_thumbnail_img/thumb_69b106ffaa6d4_1773209343.jpg
Home & Life Style,BEST WIN Luxury Watch For Men's (Wa,12765,1190,https://www.dropshipping.com.bd/public/storage/images/product_thumbnail_img/thumb_69b1077a7f741_1773209466.jpg
Home & Life Style,BEST WIN Luxury Watch For Men's (Wa,12766,1190,https://www.dropshipping.com.bd/public/storage/images/product_thumbnail_img/thumb_69ce191a33a4e_1775114522.jpg
Home & Life Style,BEST WIN Luxury Watch For Men's (Wa,12767,1190,https://www.dropshipping.com.bd/public/storage/images/product_thumbnail_img/thumb_69c9592b04150_1774803243.jpg
Home & Life Style,Mikeo Fiber XS Prebiotic Dietary Su,12769,850,https://www.dropshipping.com.bd/public/storage/images/product_thumbnail_img/thumb_699785e717b5c.jpg
Home & Life Style,Mini Electric Waffle Maker,12770,1190,https://www.dropshipping.com.bd/public/storage/images/product_thumbnail_img/thumb_69c5569a2c162_1774540442.jpg
Home & Life Style,Multifunctional Cooking Pot 1.6L,12771,990,https://www.dropshipping.com.bd/public/storage/images/product_thumbnail_img/thumb_699785ea075a0.jpg
Home & Life Style,Furniture Mover Tool Set,12772,790,https://www.dropshipping.com.bd/public/storage/images/product_thumbnail_img/thumb_69c95620aff0d_1774802464.jpg
Home & Life Style,Car Reflective Sticker,12773,190,https://www.dropshipping.com.bd/public/storage/images/product_thumbnail_img/thumb_69d1df31e250c_1775361841.jpg
Home & Life Style,Automatic Rebound Ab Roller with El,12774,1950,https://www.dropshipping.com.bd/public/storage/images/product_thumbnail_img/thumb_699785ec16ab4.jpg
Home & Life Style,KDK 4D Multifunctional Lifting Firm,12775,690,https://www.dropshipping.com.bd/public/storage/images/product_thumbnail_img/thumb_69a366c9d097f_1772316361.jpg
Home & Life Style,RayHong Oil Film Cleaning Brush 120,12780,590,https://www.dropshipping.com.bd/public/storage/images/product_thumbnail_img/thumb_699c95b579c6c_1771869621.jpg
Home & Life Style,Astronaut Desk Lamp with Alarm Cloc,12805,890,https://www.dropshipping.com.bd/public/storage/images/product_thumbnail_img/thumb_69777f2b9ba2d.jpg
Home & Life Style,Astronaut Desk Lamp with Alarm Cloc,12805,890,https://www.dropshipping.com.bd/public/storage/images/product_thumbnail_img/thumb_69d33f39d19b6_1775451961.jpg
Home & Life Style,Twin Bell Alarm Clock,12813,550,https://www.dropshipping.com.bd/public/storage/images/product_thumbnail_img/thumb_69777f24e8d90.jpg
Home & Life Style,Twin Bell Alarm Clock,12813,550,https://www.dropshipping.com.bd/public/storage/images/product_thumbnail_img/thumb_69b2398e44cb4_1773287822.jpg
Home & Life Style,Kingyes Silky Beauty Spray,12814,650,https://www.dropshipping.com.bd/public/storage/images/product_thumbnail_img/thumb_69c9315e985d4_1774793054.jpg
Home & Life Style,Piyasa Real Saffron Goat Milk Bar S,12732,390,https://www.dropshipping.com.bd/public/storage/images/product_thumbnail_img/thumb_69b5934b38b69_1773507403.jpg
Home & Life Style,Hot and Cold Compress Massage Gun,12729,1990,https://www.dropshipping.com.bd/public/storage/images/product_thumbnail_img/thumb_699785c9592ac.jpg
Home & Life Style,Electric Scalp Massager,12728,1290,https://www.dropshipping.com.bd/public/storage/images/product_thumbnail_img/thumb_699785c7e49d3.jpg
Home & Life Style,Lion Star vacuum flask 1.6 L,12727,990,https://www.dropshipping.com.bd/public/storage/images/product_thumbnail_img/thumb_699785c73c268.jpg
Home & Life Style,Multi layer Butterfly Faux Leather,12721,490,https://www.dropshipping.com.bd/public/storage/images/product_thumbnail_img/thumb_69a9a27c792e8_1772724860.jpg
Home & Life Style,Hublot Geneve Luxury Watch (Water R,12702,950,https://www.dropshipping.com.bd/public/storage/images/product_thumbnail_img/thumb_69b11fd62625c_1773215702.jpg
Home & Life Style,Fashionable Watch Silicone Strap,12701,390,https://www.dropshipping.com.bd/public/storage/images/product_thumbnail_img/thumb_69b6d87a4d3f1_1773590650.jpg
Home & Life Style,Hublot Geneve Luxury Watch (Water R,12700,1190,https://www.dropshipping.com.bd/public/storage/images/product_thumbnail_img/thumb_69b1253a44b08_1773217082.jpg
Home & Life Style,Hublot Big Bang Skeleton dial Watch,12699,990,https://www.dropshipping.com.bd/public/storage/images/product_thumbnail_img/thumb_69b125b28114f_1773217202.jpg
Home & Life Style,Hublot Big Bang Skeleton dial Watch,12698,990,https://www.dropshipping.com.bd/public/storage/images/product_thumbnail_img/thumb_69b296d6e2e39_1773311702.jpg
Home & Life Style,Hublot Big Bang Skeleton dial Watch,12697,990,https://www.dropshipping.com.bd/public/storage/images/product_thumbnail_img/thumb_69c9592cb44c2_1774803244.jpg
Home & Life Style,Latin Sheep Stylish High-Quality Ba,12695,1190,https://www.dropshipping.com.bd/public/storage/images/product_thumbnail_img/thumb_69b2bb2c0ec70_1773321004.jpg
Home & Life Style,Latin Sheep Stylish High-Quality Ba,12694,1190,https://www.dropshipping.com.bd/public/storage/images/product_thumbnail_img/thumb_69b2be7386120_1773321843.jpg
Home & Life Style,Titan Edge Luxury Watch Magnetic Lo,12690,890,https://www.dropshipping.com.bd/public/storage/images/product_thumbnail_img/thumb_69c959a2b5d04_1774803362.jpg
Home & Life Style,Poedagar Luxury Ladies Watch (Water,12686,790,https://www.dropshipping.com.bd/public/storage/images/product_thumbnail_img/thumb_69cc2e17c693e_1774988823.jpg
Home & Life Style,Poedagar Luxury Ladies Watch (Water,12685,790,https://www.dropshipping.com.bd/public/storage/images/product_thumbnail_img/thumb_69c7ee135ae96_1774710291.jpg
Home & Life Style,Poedagar Luxury Ladies Watch (Water,12684,790,https://www.dropshipping.com.bd/public/storage/images/product_thumbnail_img/thumb_69b6c48884536_1773585544.jpg
Home & Life Style,Poedagar Luxury Ladies Watch (Water,12683,790,https://www.dropshipping.com.bd/public/storage/images/product_thumbnail_img/thumb_69d1332e38131_1775317806.jpg
Home & Life Style,Poedagar Luxury Men's Watch (Water,12682,790,https://www.dropshipping.com.bd/public/storage/images/product_thumbnail_img/thumb_69cc2e18851ee_1774988824.jpg
Home & Life Style,Poedagar Luxury Men's Watch (Water,12681,790,https://www.dropshipping.com.bd/public/storage/images/product_thumbnail_img/thumb_69c82b125cf8f_1774725906.jpg
Home & Life Style,Poedagar Luxury Men's Watch (Water,12680,790,https://www.dropshipping.com.bd/public/storage/images/product_thumbnail_img/thumb_69b4f6e1c3acf_1773467361.jpg
Home & Life Style,Poedagar Luxury Men's Watch (Water,12679,790,https://www.dropshipping.com.bd/public/storage/images/product_thumbnail_img/thumb_69d3c9be0d159_1775487422.jpg
Home & Life Style,Electric Poultry Hair Puller Rechar,12677,990,https://www.dropshipping.com.bd/public/storage/images/product_thumbnail_img/thumb_69d3bbef7993a_1775483887.jpg
Home & Life Style,5-in-1 Magic Electric Cleaning Brus,12641,890,https://www.dropshipping.com.bd/public/storage/images/product_thumbnail_img/thumb_6997858c5028a.jpg
Home & Life Style,2 Layers 1.13L Stainless Steel Lunc,12640,1150,https://www.dropshipping.com.bd/public/storage/images/product_thumbnail_img/thumb_6997858a66e77.jpg
Home & Life Style,Pangdada P-02 Electric Kettle 2 lit,12635,1390,https://www.dropshipping.com.bd/public/storage/images/product_thumbnail_img/thumb_69cc07a90af09_1774978985.jpg
Home & Life Style,Premium Textured Synthetic Leather,12630,1090,https://www.dropshipping.com.bd/public/storage/images/product_thumbnail_img/thumb_69b51c8a54d7a_1773477002.jpg
Home & Life Style,Premium Textured Synthetic Leather,12629,1090,https://www.dropshipping.com.bd/public/storage/images/product_thumbnail_img/thumb_69b4f5a1cf8ea_1773467041.jpg
Home & Life Style,Premium Textured Synthetic Leather,12628,1090,https://www.dropshipping.com.bd/public/storage/images/product_thumbnail_img/thumb_69b3fc0779616_1773403143.jpg
Home & Life Style,Floral Print Backpack For Kids,12625,790,https://www.dropshipping.com.bd/public/storage/images/product_thumbnail_img/thumb_69b2bd827eea7_1773321602.jpg
Home & Life Style,Floral Print Backpack For Kids,12624,790,https://www.dropshipping.com.bd/public/storage/images/product_thumbnail_img/thumb_69b2bbdeca137_1773321182.jpg
Home & Life Style,Floral Print Backpack For kids,12623,790,https://www.dropshipping.com.bd/public/storage/images/product_thumbnail_img/thumb_69b2bab286f7e_1773320882.jpg
Home & Life Style,Floral Print Backpack for Kids,12622,790,https://www.dropshipping.com.bd/public/storage/images/product_thumbnail_img/thumb_69b2bc568cbea_1773321302.jpg
Home & Life Style,Premium Quality Kuromi Themed Styli,12620,890,https://www.dropshipping.com.bd/public/storage/images/product_thumbnail_img/thumb_69c536beead6e_1774532286.jpg
Home & Life Style,Premium Quality Kuromi Themed Styli,12618,890,https://www.dropshipping.com.bd/public/storage/images/product_thumbnail_img/thumb_69b2be364eba2_1773321782.jpg
Home & Life Style,Premium Quality Kuromi Themed Styli,12617,890,https://www.dropshipping.com.bd/public/storage/images/product_thumbnail_img/thumb_69b2bd0d7baad_1773321485.jpg
Home & Life Style,Multi-Pocket Casual Backpack with G,12616,990,https://www.dropshipping.com.bd/public/storage/images/product_thumbnail_img/thumb_69b3f71a9ce03_1773401882.jpg
Home & Life Style,Multi-Pocket Casual Backpack with G,12613,990,https://www.dropshipping.com.bd/public/storage/images/product_thumbnail_img/thumb_69b3eaae527ea_1773398702.jpg
Home & Life Style,Inchant Mini Bicycle Foot Pumper,12609,790,https://www.dropshipping.com.bd/public/storage/images/product_thumbnail_img/thumb_699b3a21a96c4_1771780641.jpg
Home & Life Style,INIMA Japan Coffee Grinder RAK-21 1,12604,1450,https://www.dropshipping.com.bd/public/storage/images/product_thumbnail_img/thumb_69a6f43ac9a50_1772549178.jpg
Home & Life Style,Instant Hair Remover pain free,12603,690,https://www.dropshipping.com.bd/public/storage/images/product_thumbnail_img/thumb_69d485b96b53e_1775535545.jpg
Home & Life Style,Portable Room Heater (Multi-Colour),12597,1890,https://www.dropshipping.com.bd/public/storage/images/product_thumbnail_img/thumb_69978560be016.jpg
Home & Life Style,Zepter International Knife Kitchen,12594,1090,https://www.dropshipping.com.bd/public/storage/images/product_thumbnail_img/thumb_6997855d543ec.jpg
Home & Life Style,CRRJU 5010 Quartz Classic Stainless,12592,2450,https://www.dropshipping.com.bd/public/storage/images/product_thumbnail_img/thumb_6997855bde512.jpg
Home & Life Style,Students bag Stain-Resistant Backpa,12584,1090,https://www.dropshipping.com.bd/public/storage/images/product_thumbnail_img/thumb_69d0d31449732_1775293204.jpg
Home & Life Style,3.5 Layers 1.43L Stainless Steel Lu,12583,1250,https://www.dropshipping.com.bd/public/storage/images/product_thumbnail_img/thumb_699785557e5b0.jpg
Home & Life Style,Cat Sleeping Bag (Multi-Colour),12570,690,https://www.dropshipping.com.bd/public/storage/images/product_thumbnail_img/thumb_6997854cd5584.jpg
Home & Life Style,Glass Oil Film Remover Powerful Win,12547,590,https://www.dropshipping.com.bd/public/storage/images/product_thumbnail_img/thumb_6997854078a94.jpg
Home & Life Style,Double Head Automatic Dumpling Make,12540,490,https://www.dropshipping.com.bd/public/storage/images/product_thumbnail_img/thumb_6997853bd9bd7.jpg
Home & Life Style,12 Pcs Massage Cans Cups Vacuum Cup,12527,990,https://www.dropshipping.com.bd/public/storage/images/product_thumbnail_img/thumb_69978535b5ecf.jpg
Home & Life Style,Instant Electric Digital Display Ho,12522,1950,https://www.dropshipping.com.bd/public/storage/images/product_thumbnail_img/thumb_69a66d2a9f26b_1772514602.jpg
Home & Life Style,Multi-functional Spring Slicer vege,12514,990,https://www.dropshipping.com.bd/public/storage/images/product_thumbnail_img/thumb_6997852eb6894.jpg
Home & Life Style,Multipurpose Toilet Foam Cleaning S,12481,690,https://www.dropshipping.com.bd/public/storage/images/product_thumbnail_img/thumb_699785195e49b.jpg
Home & Life Style,Smart Plug-In Quran With free Digit,12479,1290,https://www.dropshipping.com.bd/public/storage/images/product_thumbnail_img/thumb_69978516a3497.jpg
Home & Life Style,Smart Plug-In Quran With Gift Item,12478,1290,https://www.dropshipping.com.bd/public/storage/images/product_thumbnail_img/thumb_69ce6f58046cf_1775136600.jpg
Home & Life Style,Casio Stainless Steel Water Resista,12477,990,https://www.dropshipping.com.bd/public/storage/images/product_thumbnail_img/thumb_69b1136a9be00_1773212522.jpg
Home & Life Style,Casio Stainless Steel Water Resista,12476,990,https://www.dropshipping.com.bd/public/storage/images/product_thumbnail_img/thumb_69b112b756de8_1773212343.jpg
Home & Life Style,Casio Stainless Steel Water Resista,12475,990,https://www.dropshipping.com.bd/public/storage/images/product_thumbnail_img/thumb_69d26246e2d02_1775395398.jpg
Home & Life Style,Casio Stainless Steel Water Resista,12474,990,https://www.dropshipping.com.bd/public/storage/images/product_thumbnail_img/thumb_69b10e42bcfdd_1773211202.jpg
Home & Life Style,Hublot mechanical Water Resistant S,12473,1690,https://www.dropshipping.com.bd/public/storage/images/product_thumbnail_img/thumb_69cd3031cb902_1775054897.jpg
Home & Life Style,Hublot mechanical Water Resistant S,12472,1690,https://www.dropshipping.com.bd/public/storage/images/product_thumbnail_img/thumb_69cb730e6df83_1774940942.jpg
Home & Life Style,Hublot mechanical Water Resistant S,12470,1690,https://www.dropshipping.com.bd/public/storage/images/product_thumbnail_img/thumb_69cb734aada33_1774941002.jpg
Home & Life Style,Magic Flip’n’Cook,12425,690,https://www.dropshipping.com.bd/public/storage/images/product_thumbnail_img/thumb_699784ed68887.jpg
Home & Life Style,Cuena 6098 Premium Water Resistant,12422,2190,https://www.dropshipping.com.bd/public/storage/images/product_thumbnail_img/thumb_699784eb5ed9e.jpg
Home & Life Style,TVOVT 8803 Premium Water Resistant,12421,2290,https://www.dropshipping.com.bd/public/storage/images/product_thumbnail_img/thumb_699784eaccb37.jpg
Home & Life Style,Multi-functional Gas and Electric C,12419,990,https://www.dropshipping.com.bd/public/storage/images/product_thumbnail_img/thumb_69cc256b5d1b8_1774986603.jpg
Home & Life Style,Poedagar Luxury Couple Watch (Water,12408,1390,https://www.dropshipping.com.bd/public/storage/images/product_thumbnail_img/thumb_69b29b86c14a6_1773312902.jpg
Home & Life Style,Poedagar Luxury Couple Watch (Water,12407,1390,https://www.dropshipping.com.bd/public/storage/images/product_thumbnail_img/thumb_69b29bc2d405f_1773312962.jpg
Home & Life Style,Poedagar Luxury Couple Watch (Water,12406,1390,https://www.dropshipping.com.bd/public/storage/images/product_thumbnail_img/thumb_69b4d819bbed6_1773459481.jpg
Home & Life Style,Poedagar Luxury Couple Watch (Water,12405,1390,https://www.dropshipping.com.bd/public/storage/images/product_thumbnail_img/thumb_69b29c3a3a230_1773313082.jpg
Home & Life Style,Electric Shoes Dryer 220V Portable,12404,1490,https://www.dropshipping.com.bd/public/storage/images/product_thumbnail_img/thumb_699784dbc881b.jpg
Home & Life Style,5 layer Food Cover kitchen shelf,12400,590,https://www.dropshipping.com.bd/public/storage/images/product_thumbnail_img/thumb_69b23baa0e1ac_1773288362.jpg
Home & Life Style,6-in-1 Wall Mounted Food Storage Bo,12374,1590,https://www.dropshipping.com.bd/public/storage/images/product_thumbnail_img/thumb_699784c7293b6.jpg
Home & Life Style,Yhmei 8239 Premium Watch (Water Res,12369,2250,https://www.dropshipping.com.bd/public/storage/images/product_thumbnail_img/thumb_699784c48d175.jpg
Home & Life Style,Trsoye  881 Premium Water Resistant,12368,2350,https://www.dropshipping.com.bd/public/storage/images/product_thumbnail_img/thumb_699784c3b4e2d.jpg
Home & Life Style,TVOVT 8803 Premium Water Resistant,12367,2290,https://www.dropshipping.com.bd/public/storage/images/product_thumbnail_img/thumb_699784c31024c.jpg
Home & Life Style,Crrju 5030 Premium Silicone Strap W,12364,2290,https://www.dropshipping.com.bd/public/storage/images/product_thumbnail_img/thumb_69a844bea5560_1772635326.jpg
Home & Life Style,Prestige 2.3L Water Kettle (BPA Fre,12358,1190,https://www.dropshipping.com.bd/public/storage/images/product_thumbnail_img/thumb_699784bc54c24.jpg
Home & Life Style,Premium Quality Mouse Traps Indoor,12356,290,https://www.dropshipping.com.bd/public/storage/images/product_thumbnail_img/thumb_699784ba86108.jpg
Home & Life Style,Leather Repair & Care Cream – Liqui,12349,350,https://www.dropshipping.com.bd/public/storage/images/product_thumbnail_img/thumb_699784b323550.jpg
Home & Life Style,Multi-Function Four Grid Spice Box,12348,370,https://www.dropshipping.com.bd/public/storage/images/product_thumbnail_img/thumb_69d24a129d744_1775389202.jpg
Home & Life Style,২পিস Stainless Finger Protectors fo,12346,290,https://www.dropshipping.com.bd/public/storage/images/product_thumbnail_img/thumb_699784b0e6f81.jpg
Home & Life Style,Portable Waterproof Feather Plucker,12345,1190,https://www.dropshipping.com.bd/public/storage/images/product_thumbnail_img/thumb_699784b035be2.jpg
Home & Life Style,China Premium 3D Print Table Cloth,12333,950,https://www.dropshipping.com.bd/public/storage/images/product_thumbnail_img/thumb_699784a7acb80.jpg
Home & Life Style,"Mini Aluminium Cigarette Case, Key",12326,390,https://www.dropshipping.com.bd/public/storage/images/product_thumbnail_img/thumb_699784a173c2d.jpg
Home & Life Style,2Pcs Magic Silicone Dish Washing Gl,12325,450,https://www.dropshipping.com.bd/public/storage/images/product_thumbnail_img/thumb_69a66ddeb70f4_1772514782.jpg
Home & Life Style,BIKI Leather Care Solution,12323,690,https://www.dropshipping.com.bd/public/storage/images/product_thumbnail_img/thumb_6997849d747fe.jpg
Home & Life Style,Rotatable Glass Holder Rack,12322,1190,https://www.dropshipping.com.bd/public/storage/images/product_thumbnail_img/thumb_6997849cb6e33.jpg
Home & Life Style,5 Layer Vertical Shoe Rack Space Sa,12302,990,https://www.dropshipping.com.bd/public/storage/images/product_thumbnail_img/thumb_6997848e2080c.jpg
Home & Life Style,3-in-1 Multifunctional Stainless St,12300,990,https://www.dropshipping.com.bd/public/storage/images/product_thumbnail_img/thumb_69a9a6306989a_1772725808.jpg
Home & Life Style,ECOCO Cute Large Storage Napkin Hol,12299,590,https://www.dropshipping.com.bd/public/storage/images/product_thumbnail_img/thumb_69b29a1dcd3c7_1773312541.jpg
Home & Life Style,Hot Selling Small Automatic Grape &,12298,2470,https://www.dropshipping.com.bd/public/storage/images/product_thumbnail_img/thumb_6997848ad620e.jpg
Home & Life Style,Electrostatic Pet Hair Remover Glov,12296,390,https://www.dropshipping.com.bd/public/storage/images/product_thumbnail_img/thumb_699784894b73f.jpg
Home & Life Style,Rice Water Hair Care Shampoo – Hair,12294,990,https://www.dropshipping.com.bd/public/storage/images/product_thumbnail_img/thumb_699784876c678.jpg
Home & Life Style,POEDAGAR 936 Luxury Men’s Watch (Ci,12290,750,https://www.dropshipping.com.bd/public/storage/images/product_thumbnail_img/thumb_69cba1efe487c_1774952943.jpg
Home & Life Style,POEDAGAR 936 Luxury Men’s Watch (Ci,12289,750,https://www.dropshipping.com.bd/public/storage/images/product_thumbnail_img/thumb_69ce195608e19_1775114582.jpg
Home & Life Style,POEDAGAR 936 Luxury Men’s Watch (Ci,12288,750,https://www.dropshipping.com.bd/public/storage/images/product_thumbnail_img/thumb_69d33e0e281ea_1775451662.jpg
Home & Life Style,Pretty Gril Flawless Pedi Electroni,12284,790,https://www.dropshipping.com.bd/public/storage/images/product_thumbnail_img/thumb_699784809fc17.jpg
Home & Life Style,Digital Thermometers -1pcs Digital,12280,190,https://www.dropshipping.com.bd/public/storage/images/product_thumbnail_img/thumb_69d11219b41e2_1775309337.jpg
Home & Life Style,H-TEC Portable Instant Geyser Water,12277,2190,https://www.dropshipping.com.bd/public/storage/images/product_thumbnail_img/thumb_69a66de058d8c_1772514784.jpg
Home & Life Style,Fascia Light Age Massager Gun,12276,1270,https://www.dropshipping.com.bd/public/storage/images/product_thumbnail_img/thumb_69d111bd9257a_1775309245.jpg
Home & Life Style,Fresh Up Oral Care Dental Floss Min,12269,110,https://www.dropshipping.com.bd/public/storage/images/product_thumbnail_img/thumb_69a45cf207812_1772379378.jpg
Home & Life Style,POEDAGAR 615L Men's Leather Quartz,12220,650,https://www.dropshipping.com.bd/public/storage/images/product_thumbnail_img/thumb_69b5bcde3eabd_1773518046.jpg
Home & Life Style,POEDAGAR 615L Men's Leather Quartz,12219,650,https://www.dropshipping.com.bd/public/storage/images/product_thumbnail_img/thumb_69b5bcdd383e7_1773518045.jpg
Home & Life Style,POEDAGAR 615L Men's Leather Quartz,12218,650,https://www.dropshipping.com.bd/public/storage/images/product_thumbnail_img/thumb_69cc2e195481e_1774988825.jpg
Home & Life Style,Olevs 5535S Stainless Steel Analog,12215,650,https://www.dropshipping.com.bd/public/storage/images/product_thumbnail_img/thumb_69b5bcddb597e_1773518045.jpg
Home & Life Style,Olevs 5535S Stainless Steel Analog,12214,650,https://www.dropshipping.com.bd/public/storage/images/product_thumbnail_img/thumb_69af2f7b62958_1773088635.jpg
Home & Life Style,"Shoe Cleaner, White Shoe Cleaner, S",12211,590,https://www.dropshipping.com.bd/public/storage/images/product_thumbnail_img/thumb_6997844e83a7f.jpg
Home & Life Style,Flexi-Grab Pro Basin Cleaner,12209,250,https://www.dropshipping.com.bd/public/storage/images/product_thumbnail_img/thumb_69b050e68f375_1773162726.jpg
Home & Life Style,Imported Smart Plug in Quran with R,12161,1190,https://www.dropshipping.com.bd/public/storage/images/product_thumbnail_img/thumb_69a31107b555f_1772294407.jpg
Home & Life Style,High-Density Waterproof Sealing Tap,12159,290,https://www.dropshipping.com.bd/public/storage/images/product_thumbnail_img/thumb_699784326e6df.jpg
Home & Life Style,3 in 1 Vegetable Peeler for Potatoe,12156,350,https://www.dropshipping.com.bd/public/storage/images/product_thumbnail_img/thumb_6997843098bd5.jpg
Home & Life Style,360° auto spin mop bucket home clea,12149,1990,https://www.dropshipping.com.bd/public/storage/images/product_thumbnail_img/thumb_69aba6822eec1_1772856962.jpg
Home & Life Style,NOVA ME-NK 20SC Electric Kettle 2.0,12130,1150,https://www.dropshipping.com.bd/public/storage/images/product_thumbnail_img/thumb_69a2fd9990239_1772289433.jpg
Home & Life Style,Electric Grinder Machine 950 W,12129,1090,https://www.dropshipping.com.bd/public/storage/images/product_thumbnail_img/thumb_69c96074f26c8_1774805108.jpg
Home & Life Style,Imported Smart Plug in Quran with R,12128,1090,https://www.dropshipping.com.bd/public/storage/images/product_thumbnail_img/thumb_69d111aa1bdcb_1775309226.jpg
Home & Life Style,Water Purifier Mini Magnetization W,12111,190,https://www.dropshipping.com.bd/public/storage/images/product_thumbnail_img/thumb_69c9607a641d4_1774805114.jpg
Home & Life Style,Tinaibin 6626: The Ultimate Blue Di,12105,2550,https://www.dropshipping.com.bd/public/storage/images/product_thumbnail_img/thumb_69978412a3d02.jpg
Home & Life Style,Trsoye 068 Luxury Watch,12104,2290,https://www.dropshipping.com.bd/public/storage/images/product_thumbnail_img/thumb_69978412262f5.jpg
Home & Life Style,Trsoye 068 Luxury Watch,12103,2290,https://www.dropshipping.com.bd/public/storage/images/product_thumbnail_img/thumb_69cea6aa73f1e_1775150762.jpg
Home & Life Style,Trsoye 068 Luxury Watch,12101,2290,https://www.dropshipping.com.bd/public/storage/images/product_thumbnail_img/thumb_6997841133f52.jpg
Home & Life Style,Electric ARC BBQ Lighter,12059,450,https://www.dropshipping.com.bd/public/storage/images/product_thumbnail_img/thumb_699783fbb1162.jpg
Home & Life Style,Multi-Purpose Hooks 360 Degrees Rot,12058,150,https://www.dropshipping.com.bd/public/storage/images/product_thumbnail_img/thumb_699783fb06aaf.jpg
Home & Life Style,Embroidery Punch Needle Pen,12056,290,https://www.dropshipping.com.bd/public/storage/images/product_thumbnail_img/thumb_699783fa27a6f.jpg
Home & Life Style,2 in 1 Dumpling Maker - Momo Maker,12054,250,https://www.dropshipping.com.bd/public/storage/images/product_thumbnail_img/thumb_69ccec2987ee8_1775037481.jpg
Home & Life Style,CRRJU 5024 Primium Water Resistant,12052,2350,https://www.dropshipping.com.bd/public/storage/images/product_thumbnail_img/thumb_699783f78903e.jpg
Home & Life Style,CRRJU 5024 Primium Water Resistant,12051,2350,https://www.dropshipping.com.bd/public/storage/images/product_thumbnail_img/thumb_699783f704ab5.jpg
Home & Life Style,YHMEI 8240 Water Resistant Watch,12050,2450,https://www.dropshipping.com.bd/public/storage/images/product_thumbnail_img/thumb_69a1a6f727666_1772201719.jpg
Home & Life Style,YHMEI 8240 Water Resistant Watch,12049,2450,https://www.dropshipping.com.bd/public/storage/images/product_thumbnail_img/thumb_699783f6013cf.jpg
Home & Life Style,YHMEI 8240 Water Resistant Watch,12048,2450,https://www.dropshipping.com.bd/public/storage/images/product_thumbnail_img/thumb_699783f57e894.jpg
Home & Life Style,YHMEI 8240 Water Resistant Watch,12047,2450,https://www.dropshipping.com.bd/public/storage/images/product_thumbnail_img/thumb_699783f4a5320.jpg
Home & Life Style,Desk Lamp Premium look 2 Gear,11991,690,https://www.dropshipping.com.bd/public/storage/images/product_thumbnail_img/thumb_699783d8abecb.jpg
Home & Life Style,SKMEI Premium Stainless Steel water,11967,1690,https://www.dropshipping.com.bd/public/storage/images/product_thumbnail_img/thumb_69b165724b365_1773233522.jpg
Home & Life Style,SKMEI  Premium Stainless Steel wate,11966,1690,https://www.dropshipping.com.bd/public/storage/images/product_thumbnail_img/thumb_69b16536d581c_1773233462.jpg
Home & Life Style,SKMEI Premium Stainless Steel water,11965,1690,https://www.dropshipping.com.bd/public/storage/images/product_thumbnail_img/thumb_69b164fad98da_1773233402.jpg
Home & Life Style,Wireless Wifi Router Shelf Storage,11814,290,https://www.dropshipping.com.bd/public/storage/images/product_thumbnail_img/thumb_69978386845df.jpg
Home & Life Style,Rubber Cleaning Gloves Kitchen Dish,11813,350,https://www.dropshipping.com.bd/public/storage/images/product_thumbnail_img/thumb_69c9561f6aef9_1774802463.jpg
Home & Life Style,Luxury Panel Cotton Bed Sheet,11811,1190,https://www.dropshipping.com.bd/public/storage/images/product_thumbnail_img/thumb_69c514460fa3d_1774523462.jpg
Home & Life Style,Luxury Panel Cotton Bed Sheet,11809,1190,https://www.dropshipping.com.bd/public/storage/images/product_thumbnail_img/thumb_69c514f9ccd8c_1774523641.jpg
Home & Life Style,Luxury Pakija Cotton Bed Sheet,11808,1290,https://www.dropshipping.com.bd/public/storage/images/product_thumbnail_img/thumb_69c51536aa73a_1774523702.jpg
Home & Life Style,Luxury Panel Cotton Bed Sheet,11807,1190,https://www.dropshipping.com.bd/public/storage/images/product_thumbnail_img/thumb_69c5157201c55_1774523762.jpg
Home & Life Style,Luxury Panel Cotton Bed Sheet,11806,1190,https://www.dropshipping.com.bd/public/storage/images/product_thumbnail_img/thumb_69c519e657185_1774524902.jpg
Home & Life Style,Luxury Panel Cotton Bed Sheet,11805,1190,https://www.dropshipping.com.bd/public/storage/images/product_thumbnail_img/thumb_69c515adbcb46_1774523821.jpg
Home & Life Style,Luxury Panel Cotton Bed Sheet,11804,1190,https://www.dropshipping.com.bd/public/storage/images/product_thumbnail_img/thumb_69c5171613182_1774524182.jpg
Home & Life Style,Luxury Panel Cotton Bed Sheet,11803,1190,https://www.dropshipping.com.bd/public/storage/images/product_thumbnail_img/thumb_69c51662add79_1774524002.jpg
Home & Life Style,Luxury Panel Cotton Bed Sheet,11801,1190,https://www.dropshipping.com.bd/public/storage/images/product_thumbnail_img/thumb_6997837d99e0b.jpg
Home & Life Style,Luxury Panel Cotton Bed Sheet,11800,1190,https://www.dropshipping.com.bd/public/storage/images/product_thumbnail_img/thumb_6997837d2f799.jpg
Home & Life Style,Luxury Panel Cotton Bed Sheet,11799,1190,https://www.dropshipping.com.bd/public/storage/images/product_thumbnail_img/thumb_6997837cb44bd.jpg
Home & Life Style,Luxury Panel Cotton Bed Sheet,11798,1190,https://www.dropshipping.com.bd/public/storage/images/product_thumbnail_img/thumb_6997837c41204.jpg
Home & Life Style,Luxury Panel Cotton Bed Sheet,11797,1190,https://www.dropshipping.com.bd/public/storage/images/product_thumbnail_img/thumb_69c51a5dd280e_1774525021.jpg
Home & Life Style,Luxury Panel Cotton Bed Sheet,11796,1190,https://www.dropshipping.com.bd/public/storage/images/product_thumbnail_img/thumb_6997837b18092.jpg
Home & Life Style,Luxury Panel Cotton Bed Sheet,11795,1190,https://www.dropshipping.com.bd/public/storage/images/product_thumbnail_img/thumb_69c52bf1dd4c8_1774529521.jpg
Home & Life Style,Luxury Panel Cotton Bed Sheet,11793,1190,https://www.dropshipping.com.bd/public/storage/images/product_thumbnail_img/thumb_69978379b5837.jpg
Home & Life Style,Luxury Panel Cotton Bed Sheet,11792,1190,https://www.dropshipping.com.bd/public/storage/images/product_thumbnail_img/thumb_69c52efe2be99_1774530302.jpg
Home & Life Style,Drawer Organizer & Divider – Adjust,11790,290,https://www.dropshipping.com.bd/public/storage/images/product_thumbnail_img/thumb_69c536ce44da8_1774532302.jpg
Home & Life Style,Fankiway Universal Interface Activa,11785,290,https://www.dropshipping.com.bd/public/storage/images/product_thumbnail_img/thumb_69cd5ff6b4e62_1775067126.jpg
Home & Life Style,Luxury Panel Cotton Bed Sheet,11782,1190,https://www.dropshipping.com.bd/public/storage/images/product_thumbnail_img/thumb_69c760caa9947_1774674122.jpg
Home & Life Style,Luxury Panel Cotton Bed Sheet,11781,1190,https://www.dropshipping.com.bd/public/storage/images/product_thumbnail_img/thumb_69978371e1010.jpg
Home & Life Style,Luxury Panel Cotton Bed Sheet,11778,1190,https://www.dropshipping.com.bd/public/storage/images/product_thumbnail_img/thumb_69c52f76d1bff_1774530422.jpg
Home & Life Style,Luxury Panel Cotton Bed Sheet,11777,1190,https://www.dropshipping.com.bd/public/storage/images/product_thumbnail_img/thumb_69c531cdebc21_1774531021.jpg
Home & Life Style,Luxury Panel Cotton Bed Sheet,11776,1190,https://www.dropshipping.com.bd/public/storage/images/product_thumbnail_img/thumb_69c53155d9a0f_1774530901.jpg
Home & Life Style,Luxury Panel Cotton Bed Sheet,11775,1190,https://www.dropshipping.com.bd/public/storage/images/product_thumbnail_img/thumb_6997836f30772.jpg
Home & Life Style,Luxury Panel Cotton Bed Sheet,11774,1190,https://www.dropshipping.com.bd/public/storage/images/product_thumbnail_img/thumb_6997836eb2558.jpg
Home & Life Style,Luxury Panel Cotton Bed Sheet,11773,1190,https://www.dropshipping.com.bd/public/storage/images/product_thumbnail_img/thumb_69c76a65e9ebd_1774676581.jpg
Home & Life Style,Luxury Panel Cotton Bed Sheet,11768,1190,https://www.dropshipping.com.bd/public/storage/images/product_thumbnail_img/thumb_69c76aa2a1d3d_1774676642.jpg
Home & Life Style,Luxury Panel Cotton Bed Sheet,11766,1190,https://www.dropshipping.com.bd/public/storage/images/product_thumbnail_img/thumb_699783697a6fb.jpg
Home & Life Style,Luxury Panel Cotton Bed Sheet,11764,1190,https://www.dropshipping.com.bd/public/storage/images/product_thumbnail_img/thumb_69c76b5636dfd_1774676822.jpg
Home & Life Style,Luxury Panel Cotton Bed Sheet,11763,1190,https://www.dropshipping.com.bd/public/storage/images/product_thumbnail_img/thumb_69c76c0a4944f_1774677002.jpg
Home & Life Style,Luxury Panel Cotton Bed Sheet,11761,1190,https://www.dropshipping.com.bd/public/storage/images/product_thumbnail_img/thumb_69978367289aa.jpg
Home & Life Style,Microfiber Quick Drying Hair Towel,11742,650,https://www.dropshipping.com.bd/public/storage/images/product_thumbnail_img/thumb_6997835f03606.jpg
Home & Life Style,Luxury Panel Cotton Bed Sheet,11741,1190,https://www.dropshipping.com.bd/public/storage/images/product_thumbnail_img/thumb_6997835e84ef3.jpg
Home & Life Style,Luxury Panel Cotton Bed Sheet,11740,1190,https://www.dropshipping.com.bd/public/storage/images/product_thumbnail_img/thumb_6997835e0e715.jpg
Home & Life Style,Luxury Panel Cotton Bed Sheet,11739,1190,https://www.dropshipping.com.bd/public/storage/images/product_thumbnail_img/thumb_69c76d7212245_1774677362.jpg
Home & Life Style,Silicon Dish Washing Kitchen Hand G,11738,250,https://www.dropshipping.com.bd/public/storage/images/product_thumbnail_img/thumb_6997835ce6c38.jpg
Home & Life Style,Small Handbags PU Leather High Qual,11697,890,https://www.dropshipping.com.bd/public/storage/images/product_thumbnail_img/thumb_6997834692116.jpg
Home & Life Style,Small Handbags PU Leather High Qual,11695,890,https://www.dropshipping.com.bd/public/storage/images/product_thumbnail_img/thumb_69b7b793baa61_1773647763.jpg
Home & Life Style,Small Handbags PU Leather High Qual,11694,890,https://www.dropshipping.com.bd/public/storage/images/product_thumbnail_img/thumb_69978344ca293.jpg
Home & Life Style,Electric Head Massager – Smart Scal,11646,990,https://www.dropshipping.com.bd/public/storage/images/product_thumbnail_img/thumb_69c54902b4e5d_1774536962.jpg
Home & Life Style,LAXASFIT Smartwatch Set – 2 Devices,11645,1590,https://www.dropshipping.com.bd/public/storage/images/product_thumbnail_img/thumb_69d3c63d7c335_1775486525.jpg
Home & Life Style,Women Tote Bag Oxford Large Handbag,11628,850,https://www.dropshipping.com.bd/public/storage/images/product_thumbnail_img/thumb_69ad3bfb95fce_1772960763.jpg
Home & Life Style,Women Tote Bag Oxford Large Handbag,11626,850,https://www.dropshipping.com.bd/public/storage/images/product_thumbnail_img/thumb_699783175c4ab.jpg
Home & Life Style,Casual Travel Waterproof Messenger,11625,790,https://www.dropshipping.com.bd/public/storage/images/product_thumbnail_img/thumb_69d24921e9862_1775388961.jpg
Home & Life Style,Casual Travel Waterproof Messenger,11624,790,https://www.dropshipping.com.bd/public/storage/images/product_thumbnail_img/thumb_6997831644d68.jpg
Home & Life Style,Casual Travel Waterproof Messenger,11623,790,https://www.dropshipping.com.bd/public/storage/images/product_thumbnail_img/thumb_69978315c9746.jpg
Home & Life Style,Casual Travel Waterproof Messenger,11622,790,https://www.dropshipping.com.bd/public/storage/images/product_thumbnail_img/thumb_699783154f6b4.jpg
Home & Life Style,Aesthetic Large Capacity Backpack (,11621,990,https://www.dropshipping.com.bd/public/storage/images/product_thumbnail_img/thumb_69978314a8242.jpg
Home & Life Style,Aesthetic Large Capacity Backpack (,11620,990,https://www.dropshipping.com.bd/public/storage/images/product_thumbnail_img/thumb_69978313edba7.jpg
Home & Life Style,Simple Casual Backpacks (Red),11619,1090,https://www.dropshipping.com.bd/public/storage/images/product_thumbnail_img/thumb_699783135b2b7.jpg
Home & Life Style,Simple Casual Backpacks (Black),11618,1090,https://www.dropshipping.com.bd/public/storage/images/product_thumbnail_img/thumb_69978312b3359.jpg
Home & Life Style,Handbag soft small Shoulder Pu Leat,11614,990,https://www.dropshipping.com.bd/public/storage/images/product_thumbnail_img/thumb_69978310ccb22.jpg
Home & Life Style,Handbag soft small Shoulder Pu Leat,11613,990,https://www.dropshipping.com.bd/public/storage/images/product_thumbnail_img/thumb_6997830d66549.jpg
Home & Life Style,Handbag soft small Shoulder Pu Leat,11612,990,https://www.dropshipping.com.bd/public/storage/images/product_thumbnail_img/thumb_6997830cdc240.jpg
Home & Life Style,Waterproof Travel  Shoe Bag,11606,690,https://www.dropshipping.com.bd/public/storage/images/product_thumbnail_img/thumb_69b3ea36df5a8_1773398582.jpg
Home & Life Style,CARE:NEL Cicavita B5 Salicylic Acid,11500,1290,https://www.dropshipping.com.bd/public/storage/images/product_thumbnail_img/thumb_69c22fe20eab4_1774333922.jpg
Home & Life Style,Muuchstac Ocean Face Wash + Moistur,11481,990,https://www.dropshipping.com.bd/public/storage/images/product_thumbnail_img/thumb_69d2624334f9d_1775395395.jpg
Home & Life Style,Muuchstac Moisturizer & Sunscreen 4,11480,590,https://www.dropshipping.com.bd/public/storage/images/product_thumbnail_img/thumb_69cd5ff24d94d_1775067122.jpg
Home & Life Style,Muuchstac Ocean Face Wash For Men 1,11479,490,https://www.dropshipping.com.bd/public/storage/images/product_thumbnail_img/thumb_69cd5ff3b3655_1775067123.jpg
Home & Life Style,H11 Sports smart watch,11414,1190,https://www.dropshipping.com.bd/public/storage/images/product_thumbnail_img/thumb_69c952dbc65b9_1774801627.jpg
Home & Life Style,Water Proof China Premium 3D Design,11409,1990,https://www.dropshipping.com.bd/public/storage/images/product_thumbnail_img/thumb_69cd2ad99c188_1775053529.jpg
Home & Life Style,Water Proof China Premium 3D Design,11407,1990,https://www.dropshipping.com.bd/public/storage/images/product_thumbnail_img/thumb_6997829bbf728.jpg
Home & Life Style,Water Proof China Premium 3D Design,11406,1990,https://www.dropshipping.com.bd/public/storage/images/product_thumbnail_img/thumb_69c7c9542e32c_1774700884.jpg
Home & Life Style,Water Proof China Premium 3D Design,11404,1990,https://www.dropshipping.com.bd/public/storage/images/product_thumbnail_img/thumb_69cb491a7b77d_1774930202.jpg
Home & Life Style,Water Proof China Premium 3D Design,11403,1990,https://www.dropshipping.com.bd/public/storage/images/product_thumbnail_img/thumb_69c7c957ee834_1774700887.jpg
Home & Life Style,Water Proof China Premium 3D Design,11399,1990,https://www.dropshipping.com.bd/public/storage/images/product_thumbnail_img/thumb_69d33309c5ba6_1775448841.jpg
Home & Life Style,Water Proof China Premium 3D Design,11398,1990,https://www.dropshipping.com.bd/public/storage/images/product_thumbnail_img/thumb_69cbd91dbd49e_1774967069.jpg
Home & Life Style,Water Proof China Premium 3D Design,11396,1990,https://www.dropshipping.com.bd/public/storage/images/product_thumbnail_img/thumb_69c8ea1603667_1774774806.jpg
Home & Life Style,Water Proof China Premium 3D Design,11395,1990,https://www.dropshipping.com.bd/public/storage/images/product_thumbnail_img/thumb_69d26cc94c482_1775398089.jpg
Home & Life Style,NOVA REP-1201A Electric Fan Room He,11382,1810,https://www.dropshipping.com.bd/public/storage/images/product_thumbnail_img/thumb_6997828ba7434.jpg
Home & Life Style,BINBOND B1236 Brand Fashion Tourbil,11320,990,https://www.dropshipping.com.bd/public/storage/images/product_thumbnail_img/thumb_69cba1f1d9df6_1774952945.jpg
Home & Life Style,POEDAGAR 2937 Luxury Man Wrist watc,11271,890,https://www.dropshipping.com.bd/public/storage/images/product_thumbnail_img/thumb_69cba105add59_1774952709.jpg
Home & Life Style,POEDAGAR 2937 Luxury Man Wrist watc,11270,890,https://www.dropshipping.com.bd/public/storage/images/product_thumbnail_img/thumb_69d1e5879c58d_1775363463.jpg
Home & Life Style,POEDAGAR 2937 Luxury Man Wrist watc,11269,890,https://www.dropshipping.com.bd/public/storage/images/product_thumbnail_img/thumb_69d1e588480a5_1775363464.jpg
Home & Life Style,POEDAGAR 2937 Luxury Man Wrist watc,11268,890,https://www.dropshipping.com.bd/public/storage/images/product_thumbnail_img/thumb_69ce6f2fd8391_1775136559.jpg
Home & Life Style,POEDAGAR 2937 Luxury Man Wrist watc,11267,890,https://www.dropshipping.com.bd/public/storage/images/product_thumbnail_img/thumb_69cb6f12c701a_1774939922.jpg
Home & Life Style,Tedemei Stainless Steel Insulated T,11266,990,https://www.dropshipping.com.bd/public/storage/images/product_thumbnail_img/thumb_6997823f6ee26.jpg
Home & Life Style,POEDAGAR 2937 Luxury Man Wrist watc,11263,890,https://www.dropshipping.com.bd/public/storage/images/product_thumbnail_img/thumb_69cb6f1210caf_1774939922.jpg
Home & Life Style,Lunch Box Tedemel Rectangle Stainle,11261,590,https://www.dropshipping.com.bd/public/storage/images/product_thumbnail_img/thumb_6997823b42a46.jpg
Home & Life Style,T5S Ultra Smart Watch With 7 Differ,11258,1190,https://www.dropshipping.com.bd/public/storage/images/product_thumbnail_img/thumb_69d3bbec9c7fa_1775483884.jpg
Home & Life Style,Buy Kovar Portable Stove and Sun Bu,11174,1450,https://www.dropshipping.com.bd/public/storage/images/product_thumbnail_img/thumb_69b450de5a3ab_1773424862.jpg
Home & Life Style,Smart Scalp Massager- Instant Relax,11160,990,https://www.dropshipping.com.bd/public/storage/images/product_thumbnail_img/thumb_699781d26b55f.jpg
Home & Life Style,Stylish Black Ladies Quartz Watch w,11159,650,https://www.dropshipping.com.bd/public/storage/images/product_thumbnail_img/thumb_69b146459c4fb_1773225541.jpg
Home & Life Style,Elegant Multti Ladies Quartz Watch,11158,650,https://www.dropshipping.com.bd/public/storage/images/product_thumbnail_img/thumb_69b144a1db9b6_1773225121.jpg
Home & Life Style,Elegant Golden Ladies Quartz Watch,11157,650,https://www.dropshipping.com.bd/public/storage/images/product_thumbnail_img/thumb_69b1451af0333_1773225242.jpg
Home & Life Style,Elegant Golden Ladies Quartz Watch,11156,650,https://www.dropshipping.com.bd/public/storage/images/product_thumbnail_img/thumb_69b593605292f_1773507424.jpg
Home & Life Style,Luxury Golden Stone Studded Ladies,11155,450,https://www.dropshipping.com.bd/public/storage/images/product_thumbnail_img/thumb_69b146fa6bf32_1773225722.jpg
Home & Life Style,Luxury Golden Stone Studded Ladies,11153,450,https://www.dropshipping.com.bd/public/storage/images/product_thumbnail_img/thumb_699781cb4534e.jpg
Home & Life Style,Sun Butane Gas Cartridge 220g,11136,320,https://www.dropshipping.com.bd/public/storage/images/product_thumbnail_img/thumb_69aca4d00c2c6_1772922064.jpg
Home & Life Style,Kovar K-202 Portable Card Type Stov,11135,1190,https://www.dropshipping.com.bd/public/storage/images/product_thumbnail_img/thumb_69cd17fe2d3ae_1775048702.jpg
Home & Life Style,RC Nikee Chain Watch,11133,690,https://www.dropshipping.com.bd/public/storage/images/product_thumbnail_img/thumb_69d340ddf0976_1775452381.jpg
Home & Life Style,Kids Backpack Children School Bags,10939,990,https://www.dropshipping.com.bd/public/storage/images/product_thumbnail_img/thumb_69d26cc2c5c99_1775398082.jpg
Home & Life Style,Medical Equipment 4-in-1 Combo Pack,10908,2990,https://www.dropshipping.com.bd/public/storage/images/product_thumbnail_img/thumb_69d2624d9ce63_1775395405.jpg
Home & Life Style,"Haylou Solar Neo 1.53"" Bluetooth Ca",10895,3050,https://www.dropshipping.com.bd/public/storage/images/product_thumbnail_img/thumb_699780e80a837.jpg
Home & Life Style,H21ultra 2,10877,1490,https://www.dropshipping.com.bd/public/storage/images/product_thumbnail_img/thumb_699780d4b200e.jpg
Home & Life Style,N9 Ultra 2 Smart Watch,10876,1690,https://www.dropshipping.com.bd/public/storage/images/product_thumbnail_img/thumb_699780d4231da.jpg
Home & Life Style,C39 ULTRA 2 SMART WATCH,10874,1300,https://www.dropshipping.com.bd/public/storage/images/product_thumbnail_img/thumb_69b579d96d611_1773500889.jpg
Home & Life Style,Smartberry 2030 C005 Kids Smartwatc,10844,1190,https://www.dropshipping.com.bd/public/storage/images/product_thumbnail_img/thumb_69d111a67f3f9_1775309222.jpg
Home & Life Style,K10 Single SIM Smart Watch with Cal,10842,1200,https://www.dropshipping.com.bd/public/storage/images/product_thumbnail_img/thumb_699780b7a4906.jpg
Home & Life Style,KW2 Max Smart Watch,10832,1290,https://www.dropshipping.com.bd/public/storage/images/product_thumbnail_img/thumb_69b24419bc7ce_1773290521.jpg
Home & Life Style,DT900 Ultra Smart Watch (Copy),10830,1290,https://www.dropshipping.com.bd/public/storage/images/product_thumbnail_img/thumb_69d1311311ff5_1775317267.jpg
Home & Life Style,Y90 Ultra Smart Watch,10803,950,https://www.dropshipping.com.bd/public/storage/images/product_thumbnail_img/thumb_69978096c3955.jpg
Home & Life Style,T900 Ultra2,10795,670,https://www.dropshipping.com.bd/public/storage/images/product_thumbnail_img/thumb_69b6c4a9694a2_1773585577.jpg
Home & Life Style,T800 Ultra2,10794,750,https://www.dropshipping.com.bd/public/storage/images/product_thumbnail_img/thumb_699962bab0948_1771659962.jpg
Home & Life Style,Electronic Digital Blood pressure M,10776,1290,https://www.dropshipping.com.bd/public/storage/images/product_thumbnail_img/thumb_68b5f14102855.jpg
Home & Life Style,WELLEX Stethoscope And WELLEX  Aner,10763,1390,https://www.dropshipping.com.bd/public/storage/images/product_thumbnail_img/thumb_69978077f2c8f.jpg
Home & Life Style,Insight Blood Glucose Meter with  f,10761,990,https://www.dropshipping.com.bd/public/storage/images/product_thumbnail_img/thumb_69a75046e035a_1772572742.jpg
Home & Life Style,Sure Care Mesh Nebulizer (Model TZ-,10759,1750,https://www.dropshipping.com.bd/public/storage/images/product_thumbnail_img/thumb_6997807472882.jpg
Home & Life Style,"Mesh Nebulizer, Model: NB88+ With F",10756,1390,https://www.dropshipping.com.bd/public/storage/images/product_thumbnail_img/thumb_69978071d506c.jpg
Home & Life Style,Medi-Check Blood Glucose Meter with,10755,950,https://www.dropshipping.com.bd/public/storage/images/product_thumbnail_img/thumb_69d28035c5f1d_1775403061.jpg
Home & Life Style,LK87 Fingertip Pulse Oximeter And t,10754,650,https://www.dropshipping.com.bd/public/storage/images/product_thumbnail_img/thumb_69b1a1720e346_1773248882.jpg
Home & Life Style,T10 Ultra 2 Smart Watch 2.19 inch L,10718,1050,https://www.dropshipping.com.bd/public/storage/images/product_thumbnail_img/thumb_69b033d52fcab_1773155285.jpg
Home & Life Style,Health Herald Digital Therapy Machi,10681,990,https://www.dropshipping.com.bd/public/storage/images/product_thumbnail_img/thumb_69d3304203675_1775448130.jpg
Home & Life Style,Arctic Hunter B00477 City Hunter Se,10546,1190,https://www.dropshipping.com.bd/public/storage/images/product_thumbnail_img/thumb_69d3325612245_1775448662.jpg
Home & Life Style,Silver Crest RAK-001 Electric Grind,10534,1049,https://www.dropshipping.com.bd/public/storage/images/product_thumbnail_img/thumb_69d092280c1cf_1775276584.jpg
Home & Life Style,Aura watch 2025 New Arabic Aura Wat,10506,890,https://www.dropshipping.com.bd/public/storage/images/product_thumbnail_img/thumb_69977fb628e44.jpg
Home & Life Style,"Shama Chutney Attachment,"" which is",10504,570,https://www.dropshipping.com.bd/public/storage/images/product_thumbnail_img/thumb_69977fb465914.jpg
Home & Life Style,MB Silver Low Pressure LPG Gas Regu,10503,590,https://www.dropshipping.com.bd/public/storage/images/product_thumbnail_img/thumb_69977fb3743a2.jpg
Home & Life Style,Arctic Hunter Small Side Bag,10240,690,https://www.dropshipping.com.bd/public/storage/images/product_thumbnail_img/thumb_69b3f845a5068_1773402181.jpg
Home & Life Style,Arctic Hunter প্রিমিয়াম ল্যাপটপ ব্,10225,950,https://www.dropshipping.com.bd/public/storage/images/product_thumbnail_img/thumb_69d332570fb71_1775448663.jpg
Home & Life Style,High Pressure Copper Spray Nozzle H,10224,250,https://www.dropshipping.com.bd/public/storage/images/product_thumbnail_img/thumb_69c8e34635b64_1774773062.jpg
Home & Life Style,Allahu and Mohammad S Hadia(Ceramic,10222,990,https://www.dropshipping.com.bd/public/storage/images/product_thumbnail_img/thumb_69977ef78f1a3.jpg
Home & Life Style,16 In 1 Multifunctional Vegetable C,10220,990,https://www.dropshipping.com.bd/public/storage/images/product_thumbnail_img/thumb_69d3c8558fedf_1775487061.jpg
Home & Life Style,Vacuum Insulation Cup / thermos cup,10150,450,https://www.dropshipping.com.bd/public/storage/images/product_thumbnail_img/thumb_69977ec7e859e.jpg
Home & Life Style,Olevs 5563 CHAIN WATCH –( white Dia,10015,950,https://www.dropshipping.com.bd/public/storage/images/product_thumbnail_img/thumb_69acac980767f_1772924056.jpg
Home & Life Style,Olevs 5563 CHAIN WATCH –( Black Dia,10014,950,https://www.dropshipping.com.bd/public/storage/images/product_thumbnail_img/thumb_69acac96dce71_1772924054.jpg
Home & Life Style,Olevs 5563 – Silver Women (black di,10013,650,https://www.dropshipping.com.bd/public/storage/images/product_thumbnail_img/thumb_69cba1f5ee1f1_1774952949.jpg
Home & Life Style,Olevs 5563 – Silver Women (white di,10012,650,https://www.dropshipping.com.bd/public/storage/images/product_thumbnail_img/thumb_69cba107e9fb0_1774952711.jpg
Home & Life Style,BMW Windproof 10 Sticks Auto Open a,10004,780,https://www.dropshipping.com.bd/public/storage/images/product_thumbnail_img/thumb_69977e4ca5a23.jpg
Home & Life Style,VOF Hand Sewing Machine 05,10000,790,https://www.dropshipping.com.bd/public/storage/images/product_thumbnail_img/thumb_69977e48a7568.jpg
Home & Life Style,Olevs 5563 Luxury Fashion Round Wom,9964,850,https://www.dropshipping.com.bd/public/storage/images/product_thumbnail_img/thumb_69cba1f4a91db_1774952948.jpg
Home & Life Style,Olevs 5563 CHAIN WATCH –( Blue Dial,9963,850,https://www.dropshipping.com.bd/public/storage/images/product_thumbnail_img/thumb_69cba1f344931_1774952947.jpg
Home & Life Style,Olevs 5563 CHAIN WATCH –( Black ) F,9962,850,https://www.dropshipping.com.bd/public/storage/images/product_thumbnail_img/thumb_69977e1ff3f86.jpg
Home & Life Style,Olevs 5563 CHAIN WATCH –( Black ) F,9961,850,https://www.dropshipping.com.bd/public/storage/images/product_thumbnail_img/thumb_69ad477689d70_1772963702.jpg
Home & Life Style,Manee Coffee Flavors S,9934,2290,https://www.dropshipping.com.bd/public/storage/images/product_thumbnail_img/thumb_69a12c9118261_1772170385.jpg
Home & Life Style,HONPHIER 108 LED Warm White Tree La,9929,1350,https://www.dropshipping.com.bd/public/storage/images/product_thumbnail_img/thumb_69977e039eeba.jpg
Home & Life Style,D1 Milano Watches Poly carbon Arabi,9928,600,https://www.dropshipping.com.bd/public/storage/images/product_thumbnail_img/thumb_69af3b61af3a6_1773091681.jpg
Home & Life Style,Maxi Doomz Anti-Aging & Whitening A,9924,1390,https://www.dropshipping.com.bd/public/storage/images/product_thumbnail_img/thumb_69977dfddfa32.jpg
Home & Life Style,Crrju New 5025 Men's & Ladies' Wate,9867,2300,https://www.dropshipping.com.bd/public/storage/images/product_thumbnail_img/thumb_69977de5894c1.jpg
Home & Life Style,Crrju New 5025 Men's & Ladies' Wate,9866,2290,https://www.dropshipping.com.bd/public/storage/images/product_thumbnail_img/thumb_69977de458b03.jpg
Home & Life Style,Natural Health Supplement 120gm,9864,270,https://www.dropshipping.com.bd/public/storage/images/product_thumbnail_img/thumb_69c550f9bf354_1774539001.jpg
Home & Life Style,Elite Height Develop Supplement Pow,9863,270,https://www.dropshipping.com.bd/public/storage/images/product_thumbnail_img/thumb_69b0412722e99_1773158695.jpg
Home & Life Style,Original Keto blue tea keto blue te,9862,270,https://www.dropshipping.com.bd/public/storage/images/product_thumbnail_img/thumb_69977de1c4092.jpg
Home & Life Style,Weight Gain Milk Shake Supplement,9861,290,https://www.dropshipping.com.bd/public/storage/images/product_thumbnail_img/thumb_69977de158e24.jpg
Home & Life Style,Weight Loss Super Diet Juice,9860,270,https://www.dropshipping.com.bd/public/storage/images/product_thumbnail_img/thumb_69977de0dc3e3.jpg
Home & Life Style,Keto Green Coffee for Healthy Weigh,9859,270,https://www.dropshipping.com.bd/public/storage/images/product_thumbnail_img/thumb_69aed5627b3a8_1773065570.jpg
Home & Life Style,Trsoye Women Ladice CHAIN  WATCH (t,9857,2400,https://www.dropshipping.com.bd/public/storage/images/product_thumbnail_img/thumb_69977dde4164a.jpg
Home & Life Style,Olevs 5563 Couple Watch tow tone ch,9855,1380,https://www.dropshipping.com.bd/public/storage/images/product_thumbnail_img/thumb_69b1523a3f653_1773228602.jpg
Home & Life Style,Olevs 5563 Couple Watch tow tone ch,9854,1380,https://www.dropshipping.com.bd/public/storage/images/product_thumbnail_img/thumb_69b151868e756_1773228422.jpg
Home & Life Style,Olevs 5563 Couple Watch tow tone ch,9853,1380,https://www.dropshipping.com.bd/public/storage/images/product_thumbnail_img/thumb_69b1509724f39_1773228183.jpg
Home & Life Style,Truslen Coffee Plus – Slimming & En,9829,1490,https://www.dropshipping.com.bd/public/storage/images/product_thumbnail_img/thumb_69977dccc72a8.jpg
Home & Life Style,Max Curve Coffee For Slimming and w,9794,990,https://www.dropshipping.com.bd/public/storage/images/product_thumbnail_img/thumb_69977daea7f1b.jpg
Home & Life Style,Outdoor Solar Wall Lamp  Wall Light,9792,999,https://www.dropshipping.com.bd/public/storage/images/product_thumbnail_img/thumb_69ce2e322acab_1775119922.jpg
Home & Life Style,Aura watch 2025 New Arabic Aura Wat,9788,790,https://www.dropshipping.com.bd/public/storage/images/product_thumbnail_img/thumb_69977da98034f.jpg
Home & Life Style,Aura watch Black for mens's  Modern,9787,850,https://www.dropshipping.com.bd/public/storage/images/product_thumbnail_img/thumb_69d0d9de2bbf3_1775294942.jpg
Home & Life Style,Combo Pure Slimming Juice Weight Lo,9783,540,https://www.dropshipping.com.bd/public/storage/images/product_thumbnail_img/thumb_69977da5c0522.jpg
Home & Life Style,Pure Slimming Juice Weight Loss 120,9782,270,https://www.dropshipping.com.bd/public/storage/images/product_thumbnail_img/thumb_69c7edfab6d9d_1774710266.jpg
Home & Life Style,Food Lemon juice Weight Loss - Digh,9781,290,https://www.dropshipping.com.bd/public/storage/images/product_thumbnail_img/thumb_69977da3c32f2.jpg
Home & Life Style,KIM WHITENING PEARL RED CREAM (20G),9776,490,https://www.dropshipping.com.bd/public/storage/images/product_thumbnail_img/thumb_69977d9d97146.jpg
Home & Life Style,Kim Whitening Pearl & Snowlotus Cre,9775,490,https://www.dropshipping.com.bd/public/storage/images/product_thumbnail_img/thumb_69977d9d1a4f0.jpg
Home & Life Style,Rcc Repairing And Whitening Cream N,9774,1650,https://www.dropshipping.com.bd/public/storage/images/product_thumbnail_img/thumb_69a70d3e12919_1772555582.jpg
Home & Life Style,P Vita melasma mesta whitening crea,9772,1250,https://www.dropshipping.com.bd/public/storage/images/product_thumbnail_img/thumb_69977d99590c0.jpg
Home & Life Style,Water Proof  China Premium 3D Desig,9759,1990,https://www.dropshipping.com.bd/public/storage/images/product_thumbnail_img/thumb_69d117c7aee59_1775310791.jpg
Home & Life Style,Water Proof  China Premium 3D Desig,9755,1990,https://www.dropshipping.com.bd/public/storage/images/product_thumbnail_img/thumb_69c7c9564b9db_1774700886.jpg
Home & Life Style,D1 Milano Watches Poly carbon Arabi,9752,850,https://www.dropshipping.com.bd/public/storage/images/product_thumbnail_img/thumb_69977d8c1209d.jpg
Home & Life Style,D1 Milano Polycarbon Arabic Watch –,9751,550,https://www.dropshipping.com.bd/public/storage/images/product_thumbnail_img/thumb_69d3c1898ec25_1775485321.jpg
Home & Life Style,Olevs Casual Couple Watch  Quartz W,9694,1250,https://www.dropshipping.com.bd/public/storage/images/product_thumbnail_img/thumb_69977d574e1aa.jpg
Home & Life Style,BINBOND Top Brand Luxury Fashion Co,9691,1750,https://www.dropshipping.com.bd/public/storage/images/product_thumbnail_img/thumb_69b29d667168a_1773313382.jpg
Home & Life Style,Academy Style School Bag Book Bag L,9688,1050,https://www.dropshipping.com.bd/public/storage/images/product_thumbnail_img/thumb_69ce0bfaa03b6_1775111162.jpg
Home & Life Style,Academy Style School Bag Book Bag L,9686,1050,https://www.dropshipping.com.bd/public/storage/images/product_thumbnail_img/thumb_69977d4e96547.jpg
Home & Life Style,Olevs Casual Ladies Quartz Wrist wa,9683,750,https://www.dropshipping.com.bd/public/storage/images/product_thumbnail_img/thumb_69b3af63c0f5b_1773383523.jpg
Home & Life Style,BINBOND Top Brand Luxury Fashion Bu,9681,1100,https://www.dropshipping.com.bd/public/storage/images/product_thumbnail_img/thumb_69d0d5e246563_1775293922.jpg
Home & Life Style,Mini Household Food Vacuum Sealer P,9666,650,https://www.dropshipping.com.bd/public/storage/images/product_thumbnail_img/thumb_69b5be87083f6_1773518471.jpg
Home & Life Style,Premium Quality 3 layer kitchen rac,9663,2250,https://www.dropshipping.com.bd/public/storage/images/product_thumbnail_img/thumb_69c94f5295489_1774800722.jpg
Home & Life Style,Adjustable Bathroom Corner Shelf Ra,9662,1650,https://www.dropshipping.com.bd/public/storage/images/product_thumbnail_img/thumb_69d3c8921e98b_1775487122.jpg
Home & Life Style,Intex Inflatable Back Sofa Free Air,9658,5599,https://www.dropshipping.com.bd/public/storage/images/product_thumbnail_img/thumb_69977d32e9891.jpg
Home & Life Style,Miss Belt Body Shaper For An Instan,9657,899,https://www.dropshipping.com.bd/public/storage/images/product_thumbnail_img/thumb_69977d323a20d.jpg
Home & Life Style,Miyako Hair Dryer RCY,9635,1650,https://www.dropshipping.com.bd/public/storage/images/product_thumbnail_img/thumb_69c94fca6ecae_1774800842.jpg
Home & Life Style,Feiwo Golden Stainsles Steel Watch,9632,1350,https://www.dropshipping.com.bd/public/storage/images/product_thumbnail_img/thumb_69977d22967e8.jpg
Home & Life Style,Feiwo  Stainsles Steel Watch,9631,1350,https://www.dropshipping.com.bd/public/storage/images/product_thumbnail_img/thumb_69977d21e1223.jpg
Home & Life Style,Feiwo Stainsles Steel Watch,9630,1350,https://www.dropshipping.com.bd/public/storage/images/product_thumbnail_img/thumb_69977d21137a9.jpg
Home & Life Style,Multipurpose Outdoor Portable Fruit,9629,550,https://www.dropshipping.com.bd/public/storage/images/product_thumbnail_img/thumb_69ce6f487663f_1775136584.jpg
Home & Life Style,Bajaj 2000 watt high Power Stainles,9628,1990,https://www.dropshipping.com.bd/public/storage/images/product_thumbnail_img/thumb_69977d1e305ab.jpg
Home & Life Style,New leisure nylon ladies CHINA Bagp,9626,1600,https://www.dropshipping.com.bd/public/storage/images/product_thumbnail_img/thumb_69977d1c5a26e.jpg
Home & Life Style,New leisure nylon ladies CHINA Bagp,9625,1050,https://www.dropshipping.com.bd/public/storage/images/product_thumbnail_img/thumb_69977d1b54339.jpg
Home & Life Style,New leisure nylon ladies CHINA Bagp,9624,1050,https://www.dropshipping.com.bd/public/storage/images/product_thumbnail_img/thumb_69977d1a476c7.jpg
Home & Life Style,New leisure nylon ladies CHINA Bagp,9623,1050,https://www.dropshipping.com.bd/public/storage/images/product_thumbnail_img/thumb_69977d1939053.jpg
Home & Life Style,Couple OLIYA Luxury Trendy Elegant,9617,2200,https://www.dropshipping.com.bd/public/storage/images/product_thumbnail_img/thumb_69b29f82178f1_1773313922.jpg
Home & Life Style,Synthetic Leather Women's Satchel B,9595,990,https://www.dropshipping.com.bd/public/storage/images/product_thumbnail_img/thumb_69b3eae9c7029_1773398761.jpg
Home & Life Style,Couple  OLIYA Luxury Trendy Elegant,9585,2200,https://www.dropshipping.com.bd/public/storage/images/product_thumbnail_img/thumb_69b29fbddb75a_1773313981.jpg
Home & Life Style,Couple  OLIYA Luxury Trendy Elegant,9584,2200,https://www.dropshipping.com.bd/public/storage/images/product_thumbnail_img/thumb_69b2a1dad4f5f_1773314522.jpg
Home & Life Style,Manee Gluta Collagen Pink Juice – 1,9579,990,https://www.dropshipping.com.bd/public/storage/images/product_thumbnail_img/thumb_69cc12aa98224_1774981802.jpg
Home & Life Style,Givova Holland Quilted Padded Backp,9578,790,https://www.dropshipping.com.bd/public/storage/images/product_thumbnail_img/thumb_69b3fb16d9053_1773402902.jpg
Home & Life Style,OLIYA Luxury Trendy Elegant Design,9570,1300,https://www.dropshipping.com.bd/public/storage/images/product_thumbnail_img/thumb_69b1666554652_1773233765.jpg
Home & Life Style,OLIYA Luxury Trendy Elegant Design,9569,1300,https://www.dropshipping.com.bd/public/storage/images/product_thumbnail_img/thumb_69977cf1b99dd.jpg
Home & Life Style,OLIYA Luxury Trendy Elegant Design,9568,1300,https://www.dropshipping.com.bd/public/storage/images/product_thumbnail_img/thumb_69b16666d897f_1773233766.jpg
Home & Life Style,Ladies OLIYA Luxury Trendy Elegant,9567,1300,https://www.dropshipping.com.bd/public/storage/images/product_thumbnail_img/thumb_69977cefea05b.jpg
Home & Life Style,"""Don’t It’s Mine"" Anime Print Tote",9541,350,https://www.dropshipping.com.bd/public/storage/images/product_thumbnail_img/thumb_69b51ee268a4e_1773477602.jpg
Home & Life Style,Face Scrubber Brush Silicone Facial,9509,290,https://www.dropshipping.com.bd/public/storage/images/product_thumbnail_img/thumb_69977cc7e149b.jpg
Home & Life Style,Joyroom JR-FT6 Smart Watch Bluetoot,9426,4290,https://www.dropshipping.com.bd/public/storage/images/product_thumbnail_img/thumb_69977c8853436.jpg
Home & Life Style,JOYROOM JR-FC2 Classic Series Smart,9425,4200,https://www.dropshipping.com.bd/public/storage/images/product_thumbnail_img/thumb_69977c874a8d8.jpg
Home & Life Style,China Premium 3D Design Bed Sheet,9362,1250,https://www.dropshipping.com.bd/public/storage/images/product_thumbnail_img/thumb_69ce0404345f5_1775109124.jpg
Home & Life Style,Bathroom Accessories Toothpaste Dis,9360,300,https://www.dropshipping.com.bd/public/storage/images/product_thumbnail_img/thumb_69ce6f4485168_1775136580.jpg
Home & Life Style,High end ladies' handbag multi-laye,9311,980,https://www.dropshipping.com.bd/public/storage/images/product_thumbnail_img/thumb_69b183912298e_1773241233.jpg
Home & Life Style,High end ladies' handbag multi-laye,9308,980,https://www.dropshipping.com.bd/public/storage/images/product_thumbnail_img/thumb_69b265db904a5_1773299163.jpg
Home & Life Style,POEDAGAR  Fashion Quartz Watch for,9307,990,https://www.dropshipping.com.bd/public/storage/images/product_thumbnail_img/thumb_69cb639976455_1774936985.jpg
Home & Life Style,China Premium 3D Design Bed Sheet,9283,1250,https://www.dropshipping.com.bd/public/storage/images/product_thumbnail_img/thumb_69ce04029716e_1775109122.jpg
Home & Life Style,China Premium 3D Design Bed Sheet,9279,1250,https://www.dropshipping.com.bd/public/storage/images/product_thumbnail_img/thumb_69ce034e5108f_1775108942.jpg
Home & Life Style,China Premium 3D Design Bed Sheet,9277,1250,https://www.dropshipping.com.bd/public/storage/images/product_thumbnail_img/thumb_69ce034f6945c_1775108943.jpg
Home & Life Style,New Pu Leather Single Shoulder Nich,9199,790,https://www.dropshipping.com.bd/public/storage/images/product_thumbnail_img/thumb_69977bde9466e.jpg
Home & Life Style,Newest High Quality MK Design Ameri,9195,1090,https://www.dropshipping.com.bd/public/storage/images/product_thumbnail_img/thumb_69b42e6c7ca3d_1773416044.jpg
Home & Life Style,3 Layers Luxury Messenger Crossbody,9194,999,https://www.dropshipping.com.bd/public/storage/images/product_thumbnail_img/thumb_69ac3b9294ac8_1772895122.jpg
Home & Life Style,2025 New Hot Women's Backpacks Desi,9193,990,https://www.dropshipping.com.bd/public/storage/images/product_thumbnail_img/thumb_69977bda1310b.jpg
Home & Life Style,2025 New Hot Women's Backpacks Desi,9192,990,https://www.dropshipping.com.bd/public/storage/images/product_thumbnail_img/thumb_69977bd977ae5.jpg
Home & Life Style,2025 New Hot Women's Backpacks Desi,9191,990,https://www.dropshipping.com.bd/public/storage/images/product_thumbnail_img/thumb_69977bd8cd4c3.jpg
Home & Life Style,FORECAST Stainless steel  Digital O,9165,1100,https://www.dropshipping.com.bd/public/storage/images/product_thumbnail_img/thumb_69b6c4a31f3a6_1773585571.jpg
Home & Life Style,FORECAST Stainless steel  Digital O,9162,1100,https://www.dropshipping.com.bd/public/storage/images/product_thumbnail_img/thumb_699b2b4ea09c8_1771776846.jpg
Home & Life Style,BMW Windproof 12 Sticks Auto Open a,8964,780,https://www.dropshipping.com.bd/public/storage/images/product_thumbnail_img/thumb_69c94edc54560_1774800604.jpg
Home & Life Style,Fashion Shoulder For Women Ladies C,8958,990,https://www.dropshipping.com.bd/public/storage/images/product_thumbnail_img/thumb_69977b2cc5c51.jpg
Home & Life Style,Messenger Shoulder Tide Bag ( blu c,9122,650,https://www.dropshipping.com.bd/public/storage/images/product_thumbnail_img/thumb_69b3e945b8864_1773398341.jpg
Home & Life Style,Messenger Shoulder Tide Bag ( black,9119,650,https://www.dropshipping.com.bd/public/storage/images/product_thumbnail_img/thumb_69b4f78242f03_1773467522.jpg
Home & Life Style,Trendy Ladies Handbags green color,9118,650,https://www.dropshipping.com.bd/public/storage/images/product_thumbnail_img/thumb_69b3f6a1d657d_1773401761.jpg
Home & Life Style,Premium Stainless Steel Strap Wrist,9092,2600,https://www.dropshipping.com.bd/public/storage/images/product_thumbnail_img/thumb_69b2d0c3c8b42_1773326531.jpg
Home & Life Style,Premium Stainless Steel Strap Wrist,9091,2600,https://www.dropshipping.com.bd/public/storage/images/product_thumbnail_img/thumb_69b4357badcfe_1773417851.jpg
Home & Life Style,"Automatic Movement Watches for Men,",9090,2400,https://www.dropshipping.com.bd/public/storage/images/product_thumbnail_img/thumb_69977b8c5d7b6.jpg
Home & Life Style,"Automatic Movement Watches for Men,",9089,2400,https://www.dropshipping.com.bd/public/storage/images/product_thumbnail_img/thumb_69977b8b66a34.jpg
Home & Life Style,Baby Soft Washable Toilet Trainer S,9087,850,https://www.dropshipping.com.bd/public/storage/images/product_thumbnail_img/thumb_69977b89e4632.jpg
Home & Life Style,Fashionable Large Capacity Travel &,9079,890,https://www.dropshipping.com.bd/public/storage/images/product_thumbnail_img/thumb_6999336bcc916_1771647851.jpg
Home & Life Style,Double Pole Cloth Hanger Stainless,9013,1600,https://www.dropshipping.com.bd/public/storage/images/product_thumbnail_img/thumb_69b7ee319f9cd_1773661745.jpg
Home & Life Style,Period Pain Relief Waist Belt Heati,8997,890,https://www.dropshipping.com.bd/public/storage/images/product_thumbnail_img/thumb_69d485b712d1c_1775535543.jpg
Home & Life Style,𝟑 𝐋𝐚𝐲𝐞𝐫 𝐇𝐨𝐭𝐩𝐨𝐭 𝐋𝐮𝐧𝐜,8613,880,https://www.dropshipping.com.bd/public/storage/images/product_thumbnail_img/thumb_69977a3f36f1e.jpg
Home & Life Style,𝐓𝐨𝐬𝐬𝐭 𝐀𝐧𝐚𝐥𝐨𝐠 𝐖𝐫𝐢𝐬𝐭,8587,890,https://www.dropshipping.com.bd/public/storage/images/product_thumbnail_img/thumb_69977a2bb8c2c.jpg
Home & Life Style,𝐓𝐨𝐬𝐬𝐭 𝐀𝐧𝐚𝐥𝐨𝐠 𝐖𝐫𝐢𝐬𝐭,8586,890,https://www.dropshipping.com.bd/public/storage/images/product_thumbnail_img/thumb_69977a2a07eee.jpg
Home & Life Style,𝐓𝐨𝐬𝐬𝐭 𝐀𝐧𝐚𝐥𝐨𝐠 𝐖𝐫𝐢𝐬𝐭,8585,890,https://www.dropshipping.com.bd/public/storage/images/product_thumbnail_img/thumb_69977a286308c.jpg
Home & Life Style,𝐁𝐚𝐢𝐬𝐡𝐞𝐧𝐠 𝐒𝐭𝐚𝐢𝐧𝐥𝐞𝐬𝐬,8584,749,https://www.dropshipping.com.bd/public/storage/images/product_thumbnail_img/thumb_69977a26db60a.jpg
Home & Life Style,𝐁𝐚𝐢𝐬𝐡𝐞𝐧𝐠 𝐒𝐭𝐚𝐢𝐧𝐥𝐞𝐬𝐬,8583,749,https://www.dropshipping.com.bd/public/storage/images/product_thumbnail_img/thumb_69977a256035d.jpg
Home & Life Style,𝐌𝐚𝐧𝐝𝐨𝐥𝐢𝐧𝐞 𝐒𝐥𝐢𝐜𝐞𝐫 𝐒�,8579,1050,https://www.dropshipping.com.bd/public/storage/images/product_thumbnail_img/thumb_69977a2145578.jpg
Home & Life Style,𝐄𝐱𝐞𝐜𝐮𝐭𝐢𝐯𝐞 𝐋𝐮𝐧𝐜𝐡 𝐁𝐨�,8578,1450,https://www.dropshipping.com.bd/public/storage/images/product_thumbnail_img/thumb_69977a206bf3c.jpg
Home & Life Style,𝐒𝐎𝐊𝐀𝐍𝐘 𝐈𝐦𝐦𝐞𝐫𝐬𝐢𝐨𝐧 𝐒�,8577,1749,https://www.dropshipping.com.bd/public/storage/images/product_thumbnail_img/thumb_69977a1f6130d.jpg
Home & Life Style,𝐏𝐎𝐄𝐃𝐀𝐆𝐀𝐑 𝟗𝟓𝟗 𝐄𝐱𝐜𝐥𝐮�,8573,1100,https://www.dropshipping.com.bd/public/storage/images/product_thumbnail_img/thumb_69cb63d2046ca_1774937042.jpg
Home & Life Style,𝐄𝐥𝐞𝐜𝐭𝐫𝐨𝐧𝐢𝐜 𝐁𝐥𝐨𝐨𝐝 𝐏�,8556,1400,https://www.dropshipping.com.bd/public/storage/images/product_thumbnail_img/thumb_69d09226229da_1775276582.jpg
Home & Life Style,"Ice Bag, Hot & Cold Therapy Reusabl",8549,450,https://www.dropshipping.com.bd/public/storage/images/product_thumbnail_img/thumb_69cc2cb081e6c_1774988464.jpg
Home & Life Style,"LIfe Care Anklet (Compression,Suppo",8546,399,https://www.dropshipping.com.bd/public/storage/images/product_thumbnail_img/thumb_699779fb933a3.jpg
Home & Life Style,2 Piece 3D Print Premium curtain,8542,1250,https://www.dropshipping.com.bd/public/storage/images/product_thumbnail_img/thumb_69abafa8d04ba_1772859304.jpg
Home & Life Style,Binca Multi Purpose DIsh Rack,8538,690,https://www.dropshipping.com.bd/public/storage/images/product_thumbnail_img/thumb_69c954b643575_1774802102.jpg
Home & Life Style,6 grid fridge storage box,8536,450,https://www.dropshipping.com.bd/public/storage/images/product_thumbnail_img/thumb_699779f341634.jpg
Home & Life Style,ME16 Smart Watch 3 strips 2.21 Infi,8519,1300,https://www.dropshipping.com.bd/public/storage/images/product_thumbnail_img/thumb_69a90075dca26_1772683381.jpg
Home & Life Style,BINBOND B3982 New Style Silver Men,8486,1050,https://www.dropshipping.com.bd/public/storage/images/product_thumbnail_img/thumb_69b53001c783d_1773481985.jpg
Home & Life Style,BINBOND B3982 New Style Silver Men,8485,1050,https://www.dropshipping.com.bd/public/storage/images/product_thumbnail_img/thumb_69d0d70e6d6c9_1775294222.jpg
Home & Life Style,4PCS Punch-free Crystal Drawer Hand,8479,140,https://www.dropshipping.com.bd/public/storage/images/product_thumbnail_img/thumb_69a314c21d79f_1772295362.jpg
Home & Life Style,Single Heavy Duty Stainless Steel K,8473,499,https://www.dropshipping.com.bd/public/storage/images/product_thumbnail_img/thumb_699779ba7efd2.jpg
Home & Life Style,Portable BBQ Maker TL-353 Enjoy You,8471,1250,https://www.dropshipping.com.bd/public/storage/images/product_thumbnail_img/thumb_69cd303406213_1775054900.jpg
Home & Life Style,Over The Door 19-Hook Hanger,8440,650,https://www.dropshipping.com.bd/public/storage/images/product_thumbnail_img/thumb_69d129cb1be86_1775315403.jpg
Home & Life Style,New Design Women Backpack Nylon Wat,8311,990,https://www.dropshipping.com.bd/public/storage/images/product_thumbnail_img/thumb_69d212861e52b_1775374982.jpg
Home & Life Style,New Texture Oxford Cloth Women’s Ba,8309,750,https://www.dropshipping.com.bd/public/storage/images/product_thumbnail_img/thumb_69ac3abae208a_1772894906.jpg
Home & Life Style,New Texture Oxford Cloth Women’s Ba,8308,750,https://www.dropshipping.com.bd/public/storage/images/product_thumbnail_img/thumb_69977936b7caa.jpg
Home & Life Style,𝟏.5 𝐋𝐢𝐭𝐞𝐫 𝐒𝐚𝐦𝐮𝐫𝐚𝐢 𝐀𝐮,8200,900,https://www.dropshipping.com.bd/public/storage/images/product_thumbnail_img/thumb_69c961d7b04e0_1774805463.jpg
Home & Life Style,𝟏 𝐋𝐢𝐭𝐞𝐫 𝐒𝐚𝐦𝐮𝐫𝐚𝐢 𝐀𝐮𝐭,8199,800,https://www.dropshipping.com.bd/public/storage/images/product_thumbnail_img/thumb_69d3bbf3ad0be_1775483891.jpg
Home & Life Style,Lunch Box 2 Steel & 1 Microwave Saf,8196,1090,https://www.dropshipping.com.bd/public/storage/images/product_thumbnail_img/thumb_69cac0f1bbb22_1774895345.jpg
Home & Life Style,Exclusive 3-in-1 Bag Set with Free,8187,1250,https://www.dropshipping.com.bd/public/storage/images/product_thumbnail_img/thumb_69ce07fdc0adb_1775110141.jpg
Home & Life Style,Exclusive 3-in-1 Bag Set with Free,8186,1250,https://www.dropshipping.com.bd/public/storage/images/product_thumbnail_img/thumb_69ce07ff18ff9_1775110143.jpg
Home & Life Style,King Size Full cotton fabric Panel,8155,1100,https://www.dropshipping.com.bd/public/storage/images/product_thumbnail_img/thumb_69c76015c021e_1774673941.jpg
Home & Life Style,King Size Full cotton fabric Panel,8151,1100,https://www.dropshipping.com.bd/public/storage/images/product_thumbnail_img/thumb_699778d451f44.jpg
Home & Life Style,Jam Tangan Pria CRRJU 2025 Anti Air,8144,2150,https://www.dropshipping.com.bd/public/storage/images/product_thumbnail_img/thumb_699778d14cf00.jpg
Home & Life Style,Jam Tangan Pria CRRJU 2025 Anti Air,8142,2150,https://www.dropshipping.com.bd/public/storage/images/product_thumbnail_img/thumb_699778d0717ac.jpg
Home & Life Style,TISSELLY model 6623-impermeável Ton,8000,2550,https://www.dropshipping.com.bd/public/storage/images/product_thumbnail_img/thumb_6997784cb5e38.jpg
Home & Life Style,Butter  Fly Lock Olievs  Stainless,7989,1650,https://www.dropshipping.com.bd/public/storage/images/product_thumbnail_img/thumb_69b16b8a65695_1773235082.jpg
Home & Life Style,Butter  Fly Lock Olievs  Stainless,7986,1650,https://www.dropshipping.com.bd/public/storage/images/product_thumbnail_img/thumb_69b16b122424e_1773234962.jpg
Home & Life Style,Butter Fly Lock OLEVS Watch for Wom,7982,1150,https://www.dropshipping.com.bd/public/storage/images/product_thumbnail_img/thumb_69b53bf8b4702_1773485048.jpg
Home & Life Style,OLEVS Watch for Women  Butter Fly L,7981,1150,https://www.dropshipping.com.bd/public/storage/images/product_thumbnail_img/thumb_69977839c221e.jpg
Home & Life Style,Butter Fly Lock OLEVS Watch for Wom,7980,1150,https://www.dropshipping.com.bd/public/storage/images/product_thumbnail_img/thumb_69c55804d6450_1774540804.jpg
Home & Life Style,Butter Fly Lock OLEVS Watch for Wom,7978,1150,https://www.dropshipping.com.bd/public/storage/images/product_thumbnail_img/thumb_69b53bf6ebaa1_1773485046.jpg
Home & Life Style,Butter Fly Lock OLEVS 9931G New Exc,7975,1190,https://www.dropshipping.com.bd/public/storage/images/product_thumbnail_img/thumb_69977832c0770.jpg
Home & Life Style,Multifunctional Electric Stainless,7681,1080,https://www.dropshipping.com.bd/public/storage/images/product_thumbnail_img/thumb_69cb4f8948c32_1774931849.jpg
Home & Life Style,China Premium 3D Print Table Cloth,7676,950,https://www.dropshipping.com.bd/public/storage/images/product_thumbnail_img/thumb_69ce06d1ce8a0_1775109841.jpg
Home & Life Style,China Premium 3D Print Table Cloth,7674,999,https://www.dropshipping.com.bd/public/storage/images/product_thumbnail_img/thumb_69ce7f559c39d_1775140693.jpg
Home & Life Style,China Premium 3D Print Table Cloth,7673,950,https://www.dropshipping.com.bd/public/storage/images/product_thumbnail_img/thumb_69ce06971d11d_1775109783.jpg
Home & Life Style,Combo Pack,7603,650,https://www.dropshipping.com.bd/public/storage/images/product_thumbnail_img/thumb_69977773c398a.jpg
Home & Life Style,Kitchen Oil Stain Cleaner 500ml Kit,7575,450,https://www.dropshipping.com.bd/public/storage/images/product_thumbnail_img/thumb_69b2e612553db_1773331986.jpg
Home & Life Style,Signature Trendy Men Watch,7569,700,https://www.dropshipping.com.bd/public/storage/images/product_thumbnail_img/thumb_69977762376f1.jpg
Home & Life Style,2 Piece 3D Print Premium curtain,7566,1200,https://www.dropshipping.com.bd/public/storage/images/product_thumbnail_img/thumb_69abafa980faf_1772859305.jpg
Home & Life Style,2 Piece 3D Print Premium curtain,7565,1200,https://www.dropshipping.com.bd/public/storage/images/product_thumbnail_img/thumb_69c8acaf2fea6_1774759087.jpg
Home & Life Style,2 Piece 3D Print Premium Purda,7562,1200,https://www.dropshipping.com.bd/public/storage/images/product_thumbnail_img/thumb_6997775ca161c.jpg
Home & Life Style,2 Piece 3D Print Premium curtain,7561,1200,https://www.dropshipping.com.bd/public/storage/images/product_thumbnail_img/thumb_69abafe203588_1772859362.jpg
Home & Life Style,2 Piece 3D Print Premium curtain,7560,1200,https://www.dropshipping.com.bd/public/storage/images/product_thumbnail_img/thumb_69b27eb53b135_1773305525.jpg
Home & Life Style,Premium Travel Bag Set 3.1 + FREE W,7559,990,https://www.dropshipping.com.bd/public/storage/images/product_thumbnail_img/thumb_69ce080041057_1775110144.jpg
Home & Life Style,Premium Travel Bag Set 3.1 + FREE W,7558,990,https://www.dropshipping.com.bd/public/storage/images/product_thumbnail_img/thumb_699777595d1ac.jpg
Home & Life Style,Men's Pu Leather Shoulder Bag (Choc,7556,850,https://www.dropshipping.com.bd/public/storage/images/product_thumbnail_img/thumb_699777545538d.jpg
Home & Life Style,Signature Trendy Men Watch (Brown),7528,700,https://www.dropshipping.com.bd/public/storage/images/product_thumbnail_img/thumb_69af5acc99232_1773099724.jpg
Home & Life Style,China Premium 3D Design Bed Sheet,7405,1250,https://www.dropshipping.com.bd/public/storage/images/product_thumbnail_img/thumb_69d225be8ee99_1775379902.jpg
Home & Life Style,China Premium 3D Print Table Cloth,7401,950,https://www.dropshipping.com.bd/public/storage/images/product_thumbnail_img/thumb_69d224ce9abdb_1775379662.jpg
Home & Life Style,Men's Pu Leather Shoulder Bag (Blac,7399,850,https://www.dropshipping.com.bd/public/storage/images/product_thumbnail_img/thumb_69b7b7943b58a_1773647764.jpg
Home & Life Style,Butter Fly Lock OLEVS 9931G New Exc,4106,1190,https://www.dropshipping.com.bd/public/storage/images/product_thumbnail_img/thumb_69b53bb62c170_1773484982.jpg
Home & Life Style,Butter Fly Lock OLEVS 9931G New Exc,4105,1190,https://www.dropshipping.com.bd/public/storage/images/product_thumbnail_img/thumb_69c7ee26ef9a7_1774710310.jpg
Home & Life Style,"T800 ultra 1.99"" full screen touch",4104,860,https://www.dropshipping.com.bd/public/storage/images/product_thumbnail_img/thumb_69976f0249208.jpg
Home & Life Style,I8 Ultra Max Smart Watch Bluetooth,4049,1000,https://www.dropshipping.com.bd/public/storage/images/product_thumbnail_img/thumb_69976ed96aa2e.jpg
Home & Life Style,Butter Fly Lock OLEVS 9931G New Exc,4046,1190,https://www.dropshipping.com.bd/public/storage/images/product_thumbnail_img/thumb_69b53bf5a035d_1773485045.jpg
Home & Life Style,Butter Fly Lock OLEVS 9931G New Exc,4045,1190,https://www.dropshipping.com.bd/public/storage/images/product_thumbnail_img/thumb_69c558063ab88_1774540806.jpg
Home & Life Style,Ladies OLIYA Luxury Trendy Elegant,3499,1300,https://www.dropshipping.com.bd/public/storage/images/product_thumbnail_img/thumb_69976d2014c91.jpg
Home & Life Style,QCY Watch GT Smart Watch,7394,3800,https://www.dropshipping.com.bd/public/storage/images/product_thumbnail_img/thumb_699776fe035a6.jpg
Home & Life Style,Indian Premium Sweat Slim belt,7329,490,https://www.dropshipping.com.bd/public/storage/images/product_thumbnail_img/thumb_69d372c99fd5f_1775465161.jpg
Home & Life Style,Hair Straightener Styling Comb,4125,850,https://www.dropshipping.com.bd/public/storage/images/product_thumbnail_img/thumb_69b040fc06e46_1773158652.jpg
Home & Life Style,World Map 3D Rotating Glove for Dec,4113,1990,https://www.dropshipping.com.bd/public/storage/images/product_thumbnail_img/thumb_69976f0ad006b.jpg
Home & Life Style,T900 Ultra Smart Watch,4103,850,https://www.dropshipping.com.bd/public/storage/images/product_thumbnail_img/thumb_69d111b2e3c17_1775309234.jpg
Home & Life Style,"Creative Detachable Shoe Rack, Hous",4099,550,https://www.dropshipping.com.bd/public/storage/images/product_thumbnail_img/thumb_69976efc73420.jpg
Home & Life Style,X5 Super Slim Belt,4098,1050,https://www.dropshipping.com.bd/public/storage/images/product_thumbnail_img/thumb_69b259aa06f18_1773296042.jpg
Home & Life Style,4 in 1 Multi-function LED Desk Lamp,4055,850,https://www.dropshipping.com.bd/public/storage/images/product_thumbnail_img/thumb_69976edd846eb.jpg
Home & Life Style,OLEVS 9931G New Exclusive Design Qu,4042,590,https://www.dropshipping.com.bd/public/storage/images/product_thumbnail_img/thumb_69cc14125b4e9_1774982162.jpg
Home & Life Style,Vacuum Flask Set Drinking Water Bot,4041,690,https://www.dropshipping.com.bd/public/storage/images/product_thumbnail_img/thumb_69976ecf2f706.jpg
Home & Life Style,Round Cooper Metal Twin Bell Alarm,4016,590,https://www.dropshipping.com.bd/public/storage/images/product_thumbnail_img/thumb_69d3411a52bb7_1775452442.jpg
Home & Life Style,Aluminium Steel Heavy Duty Handhold,3989,990,https://www.dropshipping.com.bd/public/storage/images/product_thumbnail_img/thumb_699b39ca502ba_1771780554.jpg
Home & Life Style,"20 pcs Wall Hanging Hooks, Punch Fr",3986,290,https://www.dropshipping.com.bd/public/storage/images/product_thumbnail_img/thumb_69976ea49c30b.jpg
Home & Life Style,OLEVS 9931G New Exclusive Design Qu,3928,750,https://www.dropshipping.com.bd/public/storage/images/product_thumbnail_img/thumb_69d21be717ed2_1775377383.jpg
Home & Life Style,Luxury Brand Mens Leather Bags Mess,3914,850,https://www.dropshipping.com.bd/public/storage/images/product_thumbnail_img/thumb_69976e77db786.jpg
Home & Life Style,SMART Digital LED Thermal Flask wit,3875,590,https://www.dropshipping.com.bd/public/storage/images/product_thumbnail_img/thumb_69976e5c8249b.jpg
Home & Life Style,EMS Foot Massage Pad,3872,550,https://www.dropshipping.com.bd/public/storage/images/product_thumbnail_img/thumb_69976e59a6359.jpg
Home & Life Style,Kemei KM-6831 Professional Hair Dry,3805,990,https://www.dropshipping.com.bd/public/storage/images/product_thumbnail_img/thumb_6999591e14607_1771657502.jpg
Home & Life Style,kemei Km-328 Professional Hair Stra,3804,990,https://www.dropshipping.com.bd/public/storage/images/product_thumbnail_img/thumb_69976e187a9f7.jpg
Home & Life Style,Electric Hot Water Bag Pain Remover,3803,350,https://www.dropshipping.com.bd/public/storage/images/product_thumbnail_img/thumb_69c96070c3eff_1774805104.jpg
Home & Life Style,OLEVS 6602 Luxury Watch,3509,1250,https://www.dropshipping.com.bd/public/storage/images/product_thumbnail_img/thumb_69976d2804fdc.jpg
Home & Life Style,30 grid egg storage box,7004,290,https://www.dropshipping.com.bd/public/storage/images/product_thumbnail_img/thumb_69d1df360ed86_1775361846.jpg
Home & Life Style,3 Pics Bag Combo Pack (Ash),7005,990,https://www.dropshipping.com.bd/public/storage/images/product_thumbnail_img/thumb_69d0d0f60a2df_1775292662.jpg
Home & Life Style,Nylon Backpack Durable Waterproof C,7019,850,https://www.dropshipping.com.bd/public/storage/images/product_thumbnail_img/thumb_699775f7a06ad.jpg
Home & Life Style,Nylon Backpack Durable Waterproof C,7020,850,https://www.dropshipping.com.bd/public/storage/images/product_thumbnail_img/thumb_699775f86451b.jpg
Home & Life Style,Korean sports travel shoulder bag(P,7023,750,https://www.dropshipping.com.bd/public/storage/images/product_thumbnail_img/thumb_69b1830e0fa8f_1773241102.jpg
Home & Life Style,Luxury Designer Fashion High Qualit,7027,990,https://www.dropshipping.com.bd/public/storage/images/product_thumbnail_img/thumb_69cb4b728f7e6_1774930802.jpg
Home & Life Style,Cylinder lightweight bag (black ),7028,890,https://www.dropshipping.com.bd/public/storage/images/product_thumbnail_img/thumb_69b6d8578ec42_1773590615.jpg
Home & Life Style,Cylinder lightweight bag,7029,890,https://www.dropshipping.com.bd/public/storage/images/product_thumbnail_img/thumb_69977601ec61c.jpg
Home & Life Style,Sprayable And Pourabse Oil Bottle,7030,550,https://www.dropshipping.com.bd/public/storage/images/product_thumbnail_img/thumb_699776034b28e.jpg
Home & Life Style,Arctic Hunter BackPack Waterproof,7031,890,https://www.dropshipping.com.bd/public/storage/images/product_thumbnail_img/thumb_699776040dc34.jpg
Home & Life Style,Waterproof Multi-Functional Laptop,7032,690,https://www.dropshipping.com.bd/public/storage/images/product_thumbnail_img/thumb_69c8b64763a3f_1774761543.jpg
Home & Life Style,Women Large Capacity Outdoor Tote B,7077,890,https://www.dropshipping.com.bd/public/storage/images/product_thumbnail_img/thumb_6997761921b57.jpg
Home & Life Style,Tummy Trimmer Full Body Exercise Wo,7081,550,https://www.dropshipping.com.bd/public/storage/images/product_thumbnail_img/thumb_69ad7caa1f6ef_1772977322.jpg
Home & Life Style,3 Pics Bag Combo Pack(Black),7084,990,https://www.dropshipping.com.bd/public/storage/images/product_thumbnail_img/thumb_69d332598b227_1775448665.jpg
Home & Life Style,Nylon Backpack Durable Waterproof C,7091,850,https://www.dropshipping.com.bd/public/storage/images/product_thumbnail_img/thumb_699776240ddfe.jpg
Home & Life Style,Korean sports travel shoulder bag (,7092,650,https://www.dropshipping.com.bd/public/storage/images/product_thumbnail_img/thumb_699776252c774.jpg
Home & Life Style,Wood Seasoning Beewax 3 pcs Combo,7098,750,https://www.dropshipping.com.bd/public/storage/images/product_thumbnail_img/thumb_69977627d9c89.jpg
Home & Life Style,Fashionable Large Capacity Travel &,7108,890,https://www.dropshipping.com.bd/public/storage/images/product_thumbnail_img/thumb_69a026c3991a3_1772103363.jpg
Home & Life Style,Fashionable Large Capacity Travel &,7109,890,https://www.dropshipping.com.bd/public/storage/images/product_thumbnail_img/thumb_69d26cc38929b_1775398083.jpg
Home & Life Style,চাবির রিং ফ্রি Retro Belt Waist Fas,7110,499,https://www.dropshipping.com.bd/public/storage/images/product_thumbnail_img/thumb_69b409264f8cd_1773406502.jpg
Home & Life Style,Mini Rechargeable Deep Tissue Thera,7113,1190,https://www.dropshipping.com.bd/public/storage/images/product_thumbnail_img/thumb_69c9313177e49_1774793009.jpg
Home & Life Style,Large Capacity Waterproof Anti-thef,7116,750,https://www.dropshipping.com.bd/public/storage/images/product_thumbnail_img/thumb_699776337c4a5.jpg
Home & Life Style,Large Capacity Waterproof Anti-thef,7117,750,https://www.dropshipping.com.bd/public/storage/images/product_thumbnail_img/thumb_69977634707c5.jpg
Home & Life Style,Arctic Hunter BackPack (Black),7121,990,https://www.dropshipping.com.bd/public/storage/images/product_thumbnail_img/thumb_69c8b649a1f65_1774761545.jpg
Home & Life Style,USB charging sport sling Anti-theft,7124,750,https://www.dropshipping.com.bd/public/storage/images/product_thumbnail_img/thumb_69ce7f4ee0894_1775140686.jpg
Home & Life Style,(Wallet ফ্রি) shoulder bag With Loc,7125,750,https://www.dropshipping.com.bd/public/storage/images/product_thumbnail_img/thumb_6997763a4f5bc.jpg
Home & Life Style,3 in 1 Travel Pillow Set,7141,290,https://www.dropshipping.com.bd/public/storage/images/product_thumbnail_img/thumb_69d1121a82dcd_1775309338.jpg
Home & Life Style,3D Massage Roller,7143,290,https://www.dropshipping.com.bd/public/storage/images/product_thumbnail_img/thumb_6997763ec2895.jpg
Home & Life Style,Bajaj Majesty New 1-Litre Cordless,7148,1250,https://www.dropshipping.com.bd/public/storage/images/product_thumbnail_img/thumb_69977642c0f13.jpg
Home & Life Style,Stainless Steel Protect Fresh Box -,7157,590,https://www.dropshipping.com.bd/public/storage/images/product_thumbnail_img/thumb_69d1df32bc413_1775361842.jpg
Home & Life Style,Stainless Steel Rack Kitchen Sing O,7158,290,https://www.dropshipping.com.bd/public/storage/images/product_thumbnail_img/thumb_69cb4f782d1b4_1774931832.jpg
Home & Life Style,CR111 CURREN 3757 Watch for Men,7161,1250,https://www.dropshipping.com.bd/public/storage/images/product_thumbnail_img/thumb_69d1323a20bb2_1775317562.jpg
Home & Life Style,Arctic Hunter BackPack (Black),7167,1190,https://www.dropshipping.com.bd/public/storage/images/product_thumbnail_img/thumb_69b3ec16277ba_1773399062.jpg
Home & Life Style,(Wallet ফ্রি) shoulder bag With Loc,7172,750,https://www.dropshipping.com.bd/public/storage/images/product_thumbnail_img/thumb_6997765c285f4.jpg
Home & Life Style,Fitness Gym ball Balance ball 70cm,7178,990,https://www.dropshipping.com.bd/public/storage/images/product_thumbnail_img/thumb_69977662e5f21.jpg
Home & Life Style,Silicon  bottle Fancy white 500 ml,7184,350,https://www.dropshipping.com.bd/public/storage/images/product_thumbnail_img/thumb_69977667b1fe1.jpg
Home & Life Style,Hand Pressure Pliers For Prong Snap,7185,490,https://www.dropshipping.com.bd/public/storage/images/product_thumbnail_img/thumb_6997766854abe.jpg
Home & Life Style,High-quality Messenger Bags For Wom,7186,1090,https://www.dropshipping.com.bd/public/storage/images/product_thumbnail_img/thumb_69ce0cea3c7a5_1775111402.jpg
Home & Life Style,High-quality Messenger Bags For Wom,7187,1090,https://www.dropshipping.com.bd/public/storage/images/product_thumbnail_img/thumb_69ce0d25a481b_1775111461.jpg
Home & Life Style,High-quality Messenger Bags For Wom,7190,1090,https://www.dropshipping.com.bd/public/storage/images/product_thumbnail_img/thumb_69b6c4bc51980_1773585596.jpg
Home & Life Style,High-quality Messenger Bags For Wom,7191,1090,https://www.dropshipping.com.bd/public/storage/images/product_thumbnail_img/thumb_69b7b7923a772_1773647762.jpg
Home & Life Style,Largest storage bag,7205,390,https://www.dropshipping.com.bd/public/storage/images/product_thumbnail_img/thumb_69d0d315d5bc0_1775293205.jpg
Home & Life Style,Largest storage bag,7208,390,https://www.dropshipping.com.bd/public/storage/images/product_thumbnail_img/thumb_69c936c4834ef_1774794436.jpg
Home & Life Style,Wireless XG88 Pro Bluetooth Glasses,7217,1190,https://www.dropshipping.com.bd/public/storage/images/product_thumbnail_img/thumb_69a70f5a4505c_1772556122.jpg
Home & Life Style,HAO CHU KANG FAST SHARPENER,7223,350,https://www.dropshipping.com.bd/public/storage/images/product_thumbnail_img/thumb_69c3e2f292fbd_1774445298.jpg
Home & Life Style,(Wallet ফ্রি) Arctic Hunter BackPac,7224,890,https://www.dropshipping.com.bd/public/storage/images/product_thumbnail_img/thumb_69977685896b6.jpg
Home & Life Style,(Wallet ফ্রি) Multi-Functional Lapt,7226,690,https://www.dropshipping.com.bd/public/storage/images/product_thumbnail_img/thumb_6997768707dfc.jpg
Home & Life Style,Mini Mop Powerful Squeeze  Folding,7227,350,https://www.dropshipping.com.bd/public/storage/images/product_thumbnail_img/thumb_69977688984b8.jpg
Home & Life Style,Women Large Capacity Outdoor Tote B,7230,690,https://www.dropshipping.com.bd/public/storage/images/product_thumbnail_img/thumb_6997768c70523.jpg
Home & Life Style,Nylon Fashion Cross-body Bag Lightw,7231,850,https://www.dropshipping.com.bd/public/storage/images/product_thumbnail_img/thumb_6997768d80ec3.jpg
Home & Life Style,Nylon Fashion Cross-body Bag Lightw,7232,850,https://www.dropshipping.com.bd/public/storage/images/product_thumbnail_img/thumb_6997768e3a89e.jpg
Home & Life Style,Nylon Fashion Cross-body Bag Lightw,7234,850,https://www.dropshipping.com.bd/public/storage/images/product_thumbnail_img/thumb_699776907e0a6.jpg
Home & Life Style,Nylon Fashion Cross-body Bag Lightw,7235,850,https://www.dropshipping.com.bd/public/storage/images/product_thumbnail_img/thumb_69977691c45b6.jpg
Home & Life Style,Female Backpacks High Capacity,7237,750,https://www.dropshipping.com.bd/public/storage/images/product_thumbnail_img/thumb_6997769328f94.jpg
Home & Life Style,Female Backpacks High Capacity (chi,7239,750,https://www.dropshipping.com.bd/public/storage/images/product_thumbnail_img/thumb_69977694aa99d.jpg
Home & Life Style,New leisure nylon ladies CHINA Bagp,7240,990,https://www.dropshipping.com.bd/public/storage/images/product_thumbnail_img/thumb_69977695aa223.jpg
Home & Life Style,New leisure nylon ladies CHINA Bagp,7241,990,https://www.dropshipping.com.bd/public/storage/images/product_thumbnail_img/thumb_69977696b3760.jpg
Home & Life Style,New leisure nylon ladies CHINA Bagp,7242,990,https://www.dropshipping.com.bd/public/storage/images/product_thumbnail_img/thumb_699776978e0b6.jpg
Home & Life Style,Women's PU Leather Phone Holder Wit,7244,550,https://www.dropshipping.com.bd/public/storage/images/product_thumbnail_img/thumb_6997769991703.jpg
Home & Life Style,Luxury Bag Waterproof Nylon Shoulde,7254,950,https://www.dropshipping.com.bd/public/storage/images/product_thumbnail_img/thumb_699776a1013e2.jpg
Home & Life Style,Large Capacity Fashionbag (Purple),7256,890,https://www.dropshipping.com.bd/public/storage/images/product_thumbnail_img/thumb_699776a290517.jpg
Home & Life Style,Large Capacity Fashionbag (blu),7258,890,https://www.dropshipping.com.bd/public/storage/images/product_thumbnail_img/thumb_699776a6cb48d.jpg
Home & Life Style,Signature Classic shoulder women's,7260,850,https://www.dropshipping.com.bd/public/storage/images/product_thumbnail_img/thumb_69b4f3feddcb4_1773466622.jpg
Home & Life Style,Fashion Shopping Bag (blue),7271,750,https://www.dropshipping.com.bd/public/storage/images/product_thumbnail_img/thumb_699776b06fba1.jpg
Home & Life Style,Fashion Shopping Bag (Purple),7273,750,https://www.dropshipping.com.bd/public/storage/images/product_thumbnail_img/thumb_699776b228d0f.jpg
Home & Life Style,Fashion Shopping Bag (maroon),7274,750,https://www.dropshipping.com.bd/public/storage/images/product_thumbnail_img/thumb_699776b2e4606.jpg
Home & Life Style,Fashion Shopping Bag (Pink),7275,750,https://www.dropshipping.com.bd/public/storage/images/product_thumbnail_img/thumb_699776b3bcf05.jpg
Home & Life Style,Women Casual Large Capacity Waterpr,7276,790,https://www.dropshipping.com.bd/public/storage/images/product_thumbnail_img/thumb_699776b49fdaa.jpg
Home & Life Style,Women's Handbag Solid (black),7293,750,https://www.dropshipping.com.bd/public/storage/images/product_thumbnail_img/thumb_69cb4ef6c9517_1774931702.jpg
Home & Life Style,Women's Handbag Solid (Blue),7294,750,https://www.dropshipping.com.bd/public/storage/images/product_thumbnail_img/thumb_69b658bc47ee0_1773557948.jpg
Home & Life Style,China Premium 3D Design Bed Sheet,7303,1250,https://www.dropshipping.com.bd/public/storage/images/product_thumbnail_img/thumb_69ce0312ceb69_1775108882.jpg
Home & Life Style,600 Watt Stainless Steel Electric S,1881,1250,https://www.dropshipping.com.bd/public/storage/images/product_thumbnail_img/thumbnail_1737974089_2539.jpg
Home & Life Style,China Premium 3D Design Bed Sheet,7313,1250,https://www.dropshipping.com.bd/public/storage/images/product_thumbnail_img/thumb_69ce03155b56e_1775108885.jpg
Home & Life Style,China Premium 3D Design Bed Sheet,7314,1250,https://www.dropshipping.com.bd/public/storage/images/product_thumbnail_img/thumb_69ce03143913b_1775108884.jpg
Home & Life Style,Amsburg Laptop Leather Bag(Chocolat,2001,1499,https://www.dropshipping.com.bd/public/storage/images/product_thumbnail_img/thumbnail_1737709434_4450.jpg
Home & Life Style,(Wallet ফ্রি) Multi-Functional Lapt,1332,750,https://www.dropshipping.com.bd/public/storage/images/product_thumbnail_img/thumbnail_1737693427_3558.jpg
Home & Life Style,(Wallet ফ্রি) Arctic Hunter BackPac,2670,899,https://www.dropshipping.com.bd/public/storage/images/product_thumbnail_img/thumbnail_1737692974_9830.jpg
Home & Life Style,China Premium 3D Design Bed Sheet,6972,1250,https://www.dropshipping.com.bd/public/storage/images/product_thumbnail_img/thumb_69ce02d7ed5a3_1775108823.jpg
Home & Life Style,৬ চেয়ারের ডাইনিং টেবিল কভার,6849,850,https://www.dropshipping.com.bd/public/storage/images/product_thumbnail_img/thumb_69cbd91c548a4_1774967068.jpg
Home & Life Style,Nose Cleaner Sniffing Equipment for,6825,880,https://www.dropshipping.com.bd/public/storage/images/product_thumbnail_img/thumb_69a844f8258b3_1772635384.jpg
Home & Life Style,Product details of Portable Mesh Ne,6824,880,https://www.dropshipping.com.bd/public/storage/images/product_thumbnail_img/thumb_69d28834e893b_1775405108.jpg
Home & Life Style,Best Quality Stainless Steel Kitche,6823,95,https://www.dropshipping.com.bd/public/storage/images/product_thumbnail_img/thumb_69a9a62b1ab55_1772725803.jpg
Home & Life Style,【VisioN Shop】7Classic Polarized Men,6605,490,https://www.dropshipping.com.bd/public/storage/images/product_thumbnail_img/thumb_6997752a635ce.jpg
Home & Life Style,China Premium 3D Print Table Cloth,6505,950,https://www.dropshipping.com.bd/public/storage/images/product_thumbnail_img/thumb_69ce065ac374c_1775109722.jpg
Home & Life Style,China Premium 3D Print Table Cloth,6498,950,https://www.dropshipping.com.bd/public/storage/images/product_thumbnail_img/thumb_69d3bd5233fd3_1775484242.jpg
Home & Life Style,POEDAGAR 996 Luxury Man Luminous Ch,6490,990,https://www.dropshipping.com.bd/public/storage/images/product_thumbnail_img/thumb_69ce6f5e5700a_1775136606.jpg
Home & Life Style,POEDAGAR 996 Luxury Man Luminous Ch,6488,990,https://www.dropshipping.com.bd/public/storage/images/product_thumbnail_img/thumb_69cb639696ad0_1774936982.jpg
Home & Life Style,Luz Noturna LED Com Apontador de Lá,6476,470,https://www.dropshipping.com.bd/public/storage/images/product_thumbnail_img/thumb_699774e2bcec4.jpg
Home & Life Style,"Sink Kitchen Triangle, Wash Basins",6473,190,https://www.dropshipping.com.bd/public/storage/images/product_thumbnail_img/thumb_699774df445ae.jpg
Home & Life Style,Mega Egg Dispenser (Multi color),6407,300,https://www.dropshipping.com.bd/public/storage/images/product_thumbnail_img/thumb_699774b80d324.jpg
Home & Life Style,Coffee Cup,6402,590,https://www.dropshipping.com.bd/public/storage/images/product_thumbnail_img/thumb_699774b5069c6.jpg
Home & Life Style,Olevs  Stainless Steel fashionable,6331,990,https://www.dropshipping.com.bd/public/storage/images/product_thumbnail_img/thumb_69b156721499d_1773229682.jpg
Home & Life Style,Olevs  Stainless Steel fashionable,6330,990,https://www.dropshipping.com.bd/public/storage/images/product_thumbnail_img/thumb_69b155fa01976_1773229562.jpg
Home & Life Style,OLEVS Watch for Women Branded Stain,6329,590,https://www.dropshipping.com.bd/public/storage/images/product_thumbnail_img/thumb_69d1f755b99c5_1775368021.jpg
Home & Life Style,OLEVS Watch for Women Branded Stain,6328,720,https://www.dropshipping.com.bd/public/storage/images/product_thumbnail_img/thumb_69d2623cdc868_1775395388.jpg
Home & Life Style,Home Decor 9pcs PVC Calligraphy Wal,6320,550,https://www.dropshipping.com.bd/public/storage/images/product_thumbnail_img/thumb_6997747e270bd.jpg
Home & Life Style,Home Decor 9pcs PVC Calligraphy Wal,6319,550,https://www.dropshipping.com.bd/public/storage/images/product_thumbnail_img/thumb_6997747d9a4d6.jpg
Home & Life Style,Home Decor 9pcs PVC Calligraphy Wal,6318,560,https://www.dropshipping.com.bd/public/storage/images/product_thumbnail_img/thumb_6997747d1c305.jpg
Home & Life Style,Home Decor 9pcs PVC Calligraphy Wal,6317,550,https://www.dropshipping.com.bd/public/storage/images/product_thumbnail_img/thumb_6997747c918f6.jpg
Home & Life Style,2 Layer Dish Drainer Rack Stainless,6309,1150,https://www.dropshipping.com.bd/public/storage/images/product_thumbnail_img/thumb_69b199b6e37da_1773246902.jpg
Home & Life Style,Travelling Folding  Kettle (600 ml),6293,990,https://www.dropshipping.com.bd/public/storage/images/product_thumbnail_img/thumb_69d485b82409a_1775535544.jpg
Home & Life Style,Poedagar 910 Model Fashion Watch fo,6287,1450,https://www.dropshipping.com.bd/public/storage/images/product_thumbnail_img/thumb_69cb635b01046_1774936923.jpg
Home & Life Style,Poedagar 910 Model Fashion Watch fo,6284,1550,https://www.dropshipping.com.bd/public/storage/images/product_thumbnail_img/thumb_69cba102de073_1774952706.jpg
Home & Life Style,Back Support Belt with Fully Adjust,6282,450,https://www.dropshipping.com.bd/public/storage/images/product_thumbnail_img/thumb_69b3d21509bb3_1773392405.jpg
Home & Life Style,Ladies Fashion Bag,6281,750,https://www.dropshipping.com.bd/public/storage/images/product_thumbnail_img/thumb_699774689e335.jpg
Home & Life Style,Korean sports travel shoulder bag (,6280,650,https://www.dropshipping.com.bd/public/storage/images/product_thumbnail_img/thumb_69977467c0918.jpg
Home & Life Style,Korean sports travel shoulder bag (,6278,650,https://www.dropshipping.com.bd/public/storage/images/product_thumbnail_img/thumb_69977466a8b5f.jpg
Home & Life Style,Crossbody Bag  (meroon colour),6277,650,https://www.dropshipping.com.bd/public/storage/images/product_thumbnail_img/thumb_69977465dab93.jpg
Home & Life Style,Korean sports travel shoulder bag,6276,650,https://www.dropshipping.com.bd/public/storage/images/product_thumbnail_img/thumb_699774652bee1.jpg
Home & Life Style,Olevs  Stainless Steel fashionable,6268,990,https://www.dropshipping.com.bd/public/storage/images/product_thumbnail_img/thumb_69b154cde6bbb_1773229261.jpg
Home & Life Style,OLEVS Watch for Women Branded Stain,6267,590,https://www.dropshipping.com.bd/public/storage/images/product_thumbnail_img/thumb_69d1e947c2220_1775364423.jpg
Home & Life Style,Premium Adjustable Back Posture Cor,6235,850,https://www.dropshipping.com.bd/public/storage/images/product_thumbnail_img/thumb_69ce598da2f77_1775131021.jpg
Home & Life Style,কাপড় রাখার রেক Clothing stand ( মা,6224,1590,https://www.dropshipping.com.bd/public/storage/images/product_thumbnail_img/thumb_69d36711b837c_1775462161.jpg
Home & Life Style,Stylish cute design ladies bag,6203,300,https://www.dropshipping.com.bd/public/storage/images/product_thumbnail_img/thumb_69b51bd6b2d61_1773476822.jpg
Home & Life Style,Olevs  Stainless Steel fashionable,6201,990,https://www.dropshipping.com.bd/public/storage/images/product_thumbnail_img/thumb_69b1558439978_1773229444.jpg
Home & Life Style,Olevs  Stainless Steel fashionable,6200,990,https://www.dropshipping.com.bd/public/storage/images/product_thumbnail_img/thumb_69b156363c575_1773229622.jpg
Home & Life Style,OLEVS Watch for Women (golden),6191,590,https://www.dropshipping.com.bd/public/storage/images/product_thumbnail_img/thumb_69cc14138474b_1774982163.jpg
Home & Life Style,OLEVS Watch for Women Branded Stain,6190,720,https://www.dropshipping.com.bd/public/storage/images/product_thumbnail_img/thumb_69d21be584c16_1775377381.jpg
Home & Life Style,Filter Cooking Oil Pot Kitchen Larg,6123,550,https://www.dropshipping.com.bd/public/storage/images/product_thumbnail_img/thumb_69c956215b990_1774802465.jpg
Home & Life Style,T97 Bluetooth Calling Smartwatch –,6073,2250,https://www.dropshipping.com.bd/public/storage/images/product_thumbnail_img/thumb_699773e4454f3.jpg
Home & Life Style,Ke­qiwear KW19 Max Multifunctional,6070,1150,https://www.dropshipping.com.bd/public/storage/images/product_thumbnail_img/thumb_699773e1f3bc4.jpg
Home & Life Style,NIUASH Sunglasses Polarised 1 Piece,5914,250,https://www.dropshipping.com.bd/public/storage/images/product_thumbnail_img/thumb_69ac541cccb6f_1772901404.jpg
Home & Life Style,new sunglasses women and men sungla,5913,590,https://www.dropshipping.com.bd/public/storage/images/product_thumbnail_img/thumb_69a8924e36d31_1772655182.jpg
Home & Life Style,5 IN 1 Bluetooth Speaker Rain Cloud,5868,5500,https://www.dropshipping.com.bd/public/storage/images/product_thumbnail_img/thumb_699773777b209.jpg
Home & Life Style,Citizen Tsuyosa Men's Watch,5811,1250,https://www.dropshipping.com.bd/public/storage/images/product_thumbnail_img/thumb_6997735ec1666.jpg
Home & Life Style,Citizen Watch Silver & Golden Chain,5810,1390,https://www.dropshipping.com.bd/public/storage/images/product_thumbnail_img/thumb_6997735dcb654.jpg
Home & Life Style,Citizen Tsuyosa Men's Full Black Wa,5809,1250,https://www.dropshipping.com.bd/public/storage/images/product_thumbnail_img/thumb_6997735ca79a0.jpg
Home & Life Style,Rolex Quartz Movement Stainless Ste,5734,1250,https://www.dropshipping.com.bd/public/storage/images/product_thumbnail_img/thumb_69d1323c0ab77_1775317564.jpg
Home & Life Style,Rolex Quartz Movement Stainless Ste,5730,1250,https://www.dropshipping.com.bd/public/storage/images/product_thumbnail_img/thumb_69b6e24b2597f_1773593163.jpg
Home & Life Style,Citizen Tsuyosa Men's Burgundy Dial,5726,1250,https://www.dropshipping.com.bd/public/storage/images/product_thumbnail_img/thumb_69d21aba48249_1775377082.jpg
Home & Life Style,Anti-Theft Lightweight Oxford Cloth,5581,690,https://www.dropshipping.com.bd/public/storage/images/product_thumbnail_img/thumb_699772d575f71.jpg
Home & Life Style,China Premium 3D Print Table Cloth,5545,950,https://www.dropshipping.com.bd/public/storage/images/product_thumbnail_img/thumb_69ce0620dcfba_1775109664.jpg
Home & Life Style,UV Protection Rectangular Sunglasse,5544,280,https://www.dropshipping.com.bd/public/storage/images/product_thumbnail_img/thumb_699772c326d38.jpg
Home & Life Style,Fashion Anti Blue Light Glasses,5535,350,https://www.dropshipping.com.bd/public/storage/images/product_thumbnail_img/thumb_699772bfd8ccd.jpg
Home & Life Style,Eyewear Cases Cover Sunglasses Case,5532,120,https://www.dropshipping.com.bd/public/storage/images/product_thumbnail_img/thumb_699c9a8e88755_1771870862.jpg
Home & Life Style,Small Yellow Duck Mini Non-Stick El,5496,1190,https://www.dropshipping.com.bd/public/storage/images/product_thumbnail_img/thumb_69d1dd5209905_1775361362.jpg
Home & Life Style,Stylish ladies bag,5491,250,https://www.dropshipping.com.bd/public/storage/images/product_thumbnail_img/thumb_69b4f8e9ebc68_1773467881.jpg
Home & Life Style,Stylish ladies bag,5490,250,https://www.dropshipping.com.bd/public/storage/images/product_thumbnail_img/thumb_69b3fa9e5126b_1773402782.jpg
Home & Life Style,Stylish ladies bag,5489,250,https://www.dropshipping.com.bd/public/storage/images/product_thumbnail_img/thumb_69d0d317cdd68_1775293207.jpg
Home & Life Style,Stylish ladies bag,5486,250,https://www.dropshipping.com.bd/public/storage/images/product_thumbnail_img/thumb_69b53381d418e_1773482881.jpg
Home & Life Style,Stylish ladies bag,5483,250,https://www.dropshipping.com.bd/public/storage/images/product_thumbnail_img/thumb_699772a5239a4.jpg
Home & Life Style,Stylish ladies bag,5480,250,https://www.dropshipping.com.bd/public/storage/images/product_thumbnail_img/thumb_69b4f03e56b33_1773465662.jpg
Home & Life Style,Stylish 3d design ladies bag,5472,250,https://www.dropshipping.com.bd/public/storage/images/product_thumbnail_img/thumb_69cd2add1131e_1775053533.jpg
Home & Life Style,Stylish ladies bag,5469,280,https://www.dropshipping.com.bd/public/storage/images/product_thumbnail_img/thumb_69b53dd268b98_1773485522.jpg
Home & Life Style,Stylish ladies bag,5468,280,https://www.dropshipping.com.bd/public/storage/images/product_thumbnail_img/thumb_69d0d31676571_1775293206.jpg
Home & Life Style,Stylish ladies bag,5467,280,https://www.dropshipping.com.bd/public/storage/images/product_thumbnail_img/thumb_69b543adc7311_1773487021.jpg
Home & Life Style,Stylish cute design ladies bag,5466,300,https://www.dropshipping.com.bd/public/storage/images/product_thumbnail_img/thumb_69b5442597115_1773487141.jpg
Home & Life Style,Stylish 3d design ladies bag,5464,250,https://www.dropshipping.com.bd/public/storage/images/product_thumbnail_img/thumb_69cd2adbdfce3_1775053531.jpg
Home & Life Style,NEB-2504 Egg Beater,5455,1350,https://www.dropshipping.com.bd/public/storage/images/product_thumbnail_img/thumb_6997729223b26.jpg
Home & Life Style,Bajaj Powerful 250W Hand Mixer - HM,5454,2520,https://www.dropshipping.com.bd/public/storage/images/product_thumbnail_img/thumb_699772912b59d.jpg
Home & Life Style,PCL CARE Blood Glucose Meter,5449,850,https://www.dropshipping.com.bd/public/storage/images/product_thumbnail_img/thumb_69c536d13df3b_1774532305.jpg
Home & Life Style,China Premium 3D Print Table Cloth,5446,950,https://www.dropshipping.com.bd/public/storage/images/product_thumbnail_img/thumb_69ce061fe38f5_1775109663.jpg
Home & Life Style,৬ চেয়ারের ডাইনিং টেবিল কভার,5425,550,https://www.dropshipping.com.bd/public/storage/images/product_thumbnail_img/thumb_69a275dc20d81_1772254684.jpg
Home & Life Style,3 Glasses Combo Package - Stylish W,5424,799,https://www.dropshipping.com.bd/public/storage/images/product_thumbnail_img/thumb_69977277b0bfc.jpg
Home & Life Style,Full Rim Square Blue Cut Computer G,5411,450,https://www.dropshipping.com.bd/public/storage/images/product_thumbnail_img/thumb_69b674a086cc5_1773565088.jpg
Home & Life Style,"Night Vision Driving, Biking & cycl",5410,450,https://www.dropshipping.com.bd/public/storage/images/product_thumbnail_img/thumb_6997726f71f92.jpg
Home & Life Style,4 Pcs Plastic Double Side Measuring,5409,180,https://www.dropshipping.com.bd/public/storage/images/product_thumbnail_img/thumb_6997726ebe5fe.jpg
Home & Life Style,100% Water proof High quality Rain,5401,990,https://www.dropshipping.com.bd/public/storage/images/product_thumbnail_img/thumb_69d3bd19f414b_1775484185.jpg
Home & Life Style,Transparent Frame Clear glass,5355,250,https://www.dropshipping.com.bd/public/storage/images/product_thumbnail_img/thumb_69a75264b4da6_1772573284.jpg
Home & Life Style,Eyewear Reading glass,5354,320,https://www.dropshipping.com.bd/public/storage/images/product_thumbnail_img/thumb_699ad2781cfd1_1771754104.jpg
Home & Life Style,Fashion Summer Ladies Eyeglasses UV,5353,750,https://www.dropshipping.com.bd/public/storage/images/product_thumbnail_img/thumb_6997724f36abb.jpg
Home & Life Style,Kabir Singh Sunglasses night vision,5352,240,https://www.dropshipping.com.bd/public/storage/images/product_thumbnail_img/thumb_699f0dc76111c_1772031431.jpg
Home & Life Style,Glasses Female Korean Version Fashi,5351,590,https://www.dropshipping.com.bd/public/storage/images/product_thumbnail_img/thumb_6997724e18301.jpg
Home & Life Style,Stylish Summer Outdoor Sunglasses,5350,850,https://www.dropshipping.com.bd/public/storage/images/product_thumbnail_img/thumb_69d3399be5852_1775450523.jpg
Home & Life Style,Polarized Made In China Sunglass,5349,440,https://www.dropshipping.com.bd/public/storage/images/product_thumbnail_img/thumb_699b3a2cca591_1771780652.jpg
Home & Life Style,Pattinson Black,5328,350,https://www.dropshipping.com.bd/public/storage/images/product_thumbnail_img/thumb_69977244b29dc.jpg
Home & Life Style,White frame Black lense Stylish Sun,5327,240,https://www.dropshipping.com.bd/public/storage/images/product_thumbnail_img/thumb_699772442db2e.jpg
Home & Life Style,High Quality Stylish Sun Glass,5319,590,https://www.dropshipping.com.bd/public/storage/images/product_thumbnail_img/thumb_69977243826fe.jpg
Home & Life Style,COLMI P81 Voice Calling Smart Watch,5271,1850,https://www.dropshipping.com.bd/public/storage/images/product_thumbnail_img/thumb_69b24cc6b6411_1773292742.jpg
Home & Life Style,COLMI P81 Voice Calling Smart Watch,5270,1890,https://www.dropshipping.com.bd/public/storage/images/product_thumbnail_img/thumb_69ad16bdcf512_1772951229.jpg
Home & Life Style,3D Fish In Water Design Mug,5268,380,https://www.dropshipping.com.bd/public/storage/images/product_thumbnail_img/thumb_699772291d01b.jpg
Home & Life Style,3D Fish In Water Design Mug,5267,380,https://www.dropshipping.com.bd/public/storage/images/product_thumbnail_img/thumb_6997722898790.jpg
Home & Life Style,3D Fish In Water Design Mug,5266,380,https://www.dropshipping.com.bd/public/storage/images/product_thumbnail_img/thumb_699772282cb14.jpg
Home & Life Style,3D Fish In Water Design Mug,5265,380,https://www.dropshipping.com.bd/public/storage/images/product_thumbnail_img/thumb_69977227aa70f.jpg
Home & Life Style,3D Fish In Water Design Mug,5264,380,https://www.dropshipping.com.bd/public/storage/images/product_thumbnail_img/thumb_6997722734a71.jpg
Home & Life Style,3D Fish In Water Design Mug,5263,380,https://www.dropshipping.com.bd/public/storage/images/product_thumbnail_img/thumb_6997722680622.jpg
Home & Life Style,3D Fish In Water Design Mug,5262,380,https://www.dropshipping.com.bd/public/storage/images/product_thumbnail_img/thumb_69977225f1310.jpg
Home & Life Style,Cartoon LED Lable Lamp USB charging,5255,540,https://www.dropshipping.com.bd/public/storage/images/product_thumbnail_img/thumb_6997722153816.jpg
Home & Life Style,Ear Cleaner LED Light Flashlight Ea,5249,90,https://www.dropshipping.com.bd/public/storage/images/product_thumbnail_img/thumb_6997721cad6fe.jpg
Home & Life Style,Electric Mosquito Killer Lamp,5246,350,https://www.dropshipping.com.bd/public/storage/images/product_thumbnail_img/thumb_69cc15f642e66_1774982646.jpg
Home & Life Style,BINBOND B1236 Brand Fashion Tourbil,5243,990,https://www.dropshipping.com.bd/public/storage/images/product_thumbnail_img/thumb_69cbfd561e8d8_1774976342.jpg
Home & Life Style,POEDAGAR 930 Men's New Luxury Lumin,5241,990,https://www.dropshipping.com.bd/public/storage/images/product_thumbnail_img/thumb_69cba1edb491d_1774952941.jpg
Home & Life Style,POEDAGAR 930 Men's New Luxury Lumin,5240,990,https://www.dropshipping.com.bd/public/storage/images/product_thumbnail_img/thumb_69cba0fdf0cc3_1774952701.jpg
Home & Life Style,POEDAGAR 930 Men's New Luxury Lumin,5239,990,https://www.dropshipping.com.bd/public/storage/images/product_thumbnail_img/thumb_69ce6f2e3ad98_1775136558.jpg
Home & Life Style,POEDAGAR 930 Men's New Luxury Lumin,5238,990,https://www.dropshipping.com.bd/public/storage/images/product_thumbnail_img/thumb_69cba1000cc74_1774952704.jpg
Home & Life Style,Reloj Digital Diray Unisex DR2339L1,5236,490,https://www.dropshipping.com.bd/public/storage/images/product_thumbnail_img/thumb_6997720dd5e5e.jpg
Home & Life Style,World Map 3D Rotating Glove Decorat,5123,750,https://www.dropshipping.com.bd/public/storage/images/product_thumbnail_img/thumb_69c6744e33ec3_1774613582.jpg
Home & Life Style,China Premium 3D Print Table Cloth,5062,950,https://www.dropshipping.com.bd/public/storage/images/product_thumbnail_img/thumb_69d224d03b573_1775379664.jpg
Home & Life Style,China Premium 3D Print Table Cloth,5057,950,https://www.dropshipping.com.bd/public/storage/images/product_thumbnail_img/thumb_69ce05e6518e0_1775109606.jpg
Home & Life Style,China Premium 3D Design Bed Sheet,5056,1250,https://www.dropshipping.com.bd/public/storage/images/product_thumbnail_img/thumb_69ce02d70b6c3_1775108823.jpg
Home & Life Style,China Premium 3D Design Bed Sheet,5049,1250,https://www.dropshipping.com.bd/public/storage/images/product_thumbnail_img/thumb_69ce02d5f0301_1775108821.jpg
Home & Life Style,China Premium 3D Print Table Cloth,5004,950,https://www.dropshipping.com.bd/public/storage/images/product_thumbnail_img/thumb_69ce05e53b82a_1775109605.jpg
Home & Life Style,Attractive 3D Design Mug,5000,350,https://www.dropshipping.com.bd/public/storage/images/product_thumbnail_img/thumb_6997717d1c5b2.jpg
Home & Life Style,Attractive 3D Design Mug,4999,350,https://www.dropshipping.com.bd/public/storage/images/product_thumbnail_img/thumb_6997717c7c5c2.jpg
Home & Life Style,Attractive 3D Design Mug,4998,350,https://www.dropshipping.com.bd/public/storage/images/product_thumbnail_img/thumb_6997717bcfd02.jpg
Home & Life Style,Attractive 3D Design Mug,4997,350,https://www.dropshipping.com.bd/public/storage/images/product_thumbnail_img/thumb_6997717b4a495.jpg
Home & Life Style,Attractive 3D Design Mug,4996,350,https://www.dropshipping.com.bd/public/storage/images/product_thumbnail_img/thumb_6997717a94b67.jpg
Home & Life Style,New Trend Fashion Steel Chain Diamo,4994,550,https://www.dropshipping.com.bd/public/storage/images/product_thumbnail_img/thumb_699dc8fa9e40b_1771948282.jpg
Home & Life Style,New Trend Fashion Steel Chain Diamo,4993,550,https://www.dropshipping.com.bd/public/storage/images/product_thumbnail_img/thumb_699771775b15c.jpg
Home & Life Style,Attractive 3D Design Mug,4951,350,https://www.dropshipping.com.bd/public/storage/images/product_thumbnail_img/thumb_6997715e0bb2a.jpg
Home & Life Style,Attractive 3D Design Mug,4949,350,https://www.dropshipping.com.bd/public/storage/images/product_thumbnail_img/thumb_6997715d4d7b5.jpg
Home & Life Style,Attractive 3D Design Mug,4948,350,https://www.dropshipping.com.bd/public/storage/images/product_thumbnail_img/thumb_699eb3fa6b034_1772008442.jpg
Home & Life Style,3D Deer Hole In A Garden Design Mug,4945,380,https://www.dropshipping.com.bd/public/storage/images/product_thumbnail_img/thumb_6997715b31757.jpg
Home & Life Style,3D Bird Hole In A Wall Design Mug,4944,450,https://www.dropshipping.com.bd/public/storage/images/product_thumbnail_img/thumb_6997715aaa335.jpg
Home & Life Style,3D Ball Hole In A Nature Design Mug,4943,350,https://www.dropshipping.com.bd/public/storage/images/product_thumbnail_img/thumb_6997715a343d3.jpg
Home & Life Style,3D Cat Hole In A Wall Design Mug,4941,350,https://www.dropshipping.com.bd/public/storage/images/product_thumbnail_img/thumb_6997715880ef0.jpg
Home & Life Style,"Electric Foam Maker for Milk, Coffe",4910,220,https://www.dropshipping.com.bd/public/storage/images/product_thumbnail_img/thumb_69977145beac4.jpg
Home & Life Style,Rechargeable Hand Mixer Egg Beater,4897,820,https://www.dropshipping.com.bd/public/storage/images/product_thumbnail_img/thumb_6997713d231ba.jpg
Home & Life Style,USB charging sport sling Anti-theft,4896,750,https://www.dropshipping.com.bd/public/storage/images/product_thumbnail_img/thumb_69cbcfdf1508c_1774964703.jpg
Home & Life Style,China Premium 3D Print Table Cloth,4895,950,https://www.dropshipping.com.bd/public/storage/images/product_thumbnail_img/thumb_69ce05e443613_1775109604.jpg
Home & Life Style,Scarlet 7 SPEED Portable High Grade,4891,890,https://www.dropshipping.com.bd/public/storage/images/product_thumbnail_img/thumb_69c960762426e_1774805110.jpg
Home & Life Style,OLEVS 2876 Men’s Quartz Watch,4785,350,https://www.dropshipping.com.bd/public/storage/images/product_thumbnail_img/thumb_6997710194b4c.jpg
Home & Life Style,OLEVS 2876 Men’s Quartz Watch,4778,700,https://www.dropshipping.com.bd/public/storage/images/product_thumbnail_img/thumb_699770fcdcbc3.jpg
Home & Life Style,100% Water proof High quality Rain,4771,990,https://www.dropshipping.com.bd/public/storage/images/product_thumbnail_img/thumb_69d1e2b631824_1775362742.jpg
Home & Life Style,Y80 Ultra Smartwatch With 8 Strap,4769,1290,https://www.dropshipping.com.bd/public/storage/images/product_thumbnail_img/thumb_69d1e5c2d7482_1775363522.jpg
Home & Life Style,BINBOND 2521 Luxury Brand Luminous,4762,990,https://www.dropshipping.com.bd/public/storage/images/product_thumbnail_img/thumb_69cc09869a790_1774979462.jpg
Home & Life Style,BINBOND 2521 Luxury Brand Luminous,4761,990,https://www.dropshipping.com.bd/public/storage/images/product_thumbnail_img/thumb_69d1f66680863_1775367782.jpg
Home & Life Style,BINBOND 2521 Luxury Brand Luminous,4758,990,https://www.dropshipping.com.bd/public/storage/images/product_thumbnail_img/thumb_69d3c9824a028_1775487362.jpg
Home & Life Style,Ladies Fashionable And Elegant Anti,4724,750,https://www.dropshipping.com.bd/public/storage/images/product_thumbnail_img/thumb_699770cf51918.jpg
Home & Life Style,China Premium 3D Print Table Cloth,4684,950,https://www.dropshipping.com.bd/public/storage/images/product_thumbnail_img/thumb_69ce05e33096a_1775109603.jpg
Home & Life Style,China Premium 3D Print Table Cloth,4683,950,https://www.dropshipping.com.bd/public/storage/images/product_thumbnail_img/thumb_69ce05aaa3634_1775109546.jpg
Home & Life Style,China Premium 3D Print Table Cloth,4681,950,https://www.dropshipping.com.bd/public/storage/images/product_thumbnail_img/thumb_69ce05a99b4ea_1775109545.jpg
Home & Life Style,China Premium 3D Print Table Cloth,4680,950,https://www.dropshipping.com.bd/public/storage/images/product_thumbnail_img/thumb_69ce05a853c6a_1775109544.jpg
Home & Life Style,Ladies Fashionable and Elegant Anti,4668,700,https://www.dropshipping.com.bd/public/storage/images/product_thumbnail_img/thumb_699770a1ad836.jpg
Home & Life Style,China Premium 3D Print Table Cloth,4665,950,https://www.dropshipping.com.bd/public/storage/images/product_thumbnail_img/thumb_69ce05a714db5_1775109543.jpg
Home & Life Style,China Premium 3D Print Table Cloth,4663,950,https://www.dropshipping.com.bd/public/storage/images/product_thumbnail_img/thumb_69ce0569ebf25_1775109481.jpg
Home & Life Style,China Premium 3D Print Table Cloth,4662,950,https://www.dropshipping.com.bd/public/storage/images/product_thumbnail_img/thumb_69d224cf74733_1775379663.jpg
Home & Life Style,Mini Umbrella Windproof anti-UV Pro,4656,810,https://www.dropshipping.com.bd/public/storage/images/product_thumbnail_img/thumb_69977093c74a6.jpg
Home & Life Style,Smart Watch Belt 5pcs,4652,590,https://www.dropshipping.com.bd/public/storage/images/product_thumbnail_img/thumb_6997708f55143.jpg
Home & Life Style,China Premium 3D Design Bed Sheet(r,4646,1250,https://www.dropshipping.com.bd/public/storage/images/product_thumbnail_img/thumb_69ce029a4e22f_1775108762.jpg
Home & Life Style,China Premium 3D Design Bed Sheet,4644,1250,https://www.dropshipping.com.bd/public/storage/images/product_thumbnail_img/thumb_69ce029b6ceda_1775108763.jpg
Home & Life Style,China Premium 3D Print Table Cloth,4635,950,https://www.dropshipping.com.bd/public/storage/images/product_thumbnail_img/thumb_69b65c053b82a_1773558789.jpg
Home & Life Style,Zepter 5 Pcs Non-Stick Knife Set fo,4570,790,https://www.dropshipping.com.bd/public/storage/images/product_thumbnail_img/thumb_6997704f99abf.jpg
Home & Life Style,Manual Hand Press Juicer Squeezer M,4380,500,https://www.dropshipping.com.bd/public/storage/images/product_thumbnail_img/thumb_69976fd4625a5.jpg
Home & Life Style,Nicer Dicer Plus Vegetable  - Green,4379,1200,https://www.dropshipping.com.bd/public/storage/images/product_thumbnail_img/thumb_69ade264056ce_1773003364.jpg
Home & Life Style,Manual Vegetable Chopper Kitchen Sp,4370,380,https://www.dropshipping.com.bd/public/storage/images/product_thumbnail_img/thumb_69976fce38acf.jpg
Home & Life Style,OLEVS 9931G New Exclusive Design Qu,3831,750,https://www.dropshipping.com.bd/public/storage/images/product_thumbnail_img/thumb_69d111a848d4f_1775309224.jpg
Home & Life Style,OLEVS 9931G New Exclusive Design Qu,3830,590,https://www.dropshipping.com.bd/public/storage/images/product_thumbnail_img/thumb_69d1f75790a2f_1775368023.jpg
Home & Life Style,OLEVS 9931G New Exclusive Design Qu,3829,590,https://www.dropshipping.com.bd/public/storage/images/product_thumbnail_img/thumb_69d1e9461ee33_1775364422.jpg
Home & Life Style,Foldable Travel Alarm Clock BH,3827,380,https://www.dropshipping.com.bd/public/storage/images/product_thumbnail_img/thumb_69976e2b062b5.jpg
Home & Life Style,Feiwo  Stainsles Steel Couple Watch,3725,2150,https://www.dropshipping.com.bd/public/storage/images/product_thumbnail_img/thumb_69b165ea51d10_1773233642.jpg
Home & Life Style,Hanging Ironing Machine Household S,3699,850,https://www.dropshipping.com.bd/public/storage/images/product_thumbnail_img/thumb_69b25b4e16c71_1773296462.jpg
Home & Life Style,Mushroom Sensor LED Night Light Wal,3695,200,https://www.dropshipping.com.bd/public/storage/images/product_thumbnail_img/thumb_69d3392409900_1775450404.jpg
Home & Life Style,Wellmed Arm Digital Blood Pressure,3603,2500,https://www.dropshipping.com.bd/public/storage/images/product_thumbnail_img/thumb_69976d7a14430.jpg
Home & Life Style,Ladies OLIYA Luxury Trendy Elegant,3541,1300,https://www.dropshipping.com.bd/public/storage/images/product_thumbnail_img/thumb_69976d49dd190.jpg
Home & Life Style,Waterproof China Travel/Sports Bag,3528,990,https://www.dropshipping.com.bd/public/storage/images/product_thumbnail_img/thumb_69d0d313502be_1775293203.jpg
Home & Life Style,Digital Kitchen Scale 500g-10Kg,3527,500,https://www.dropshipping.com.bd/public/storage/images/product_thumbnail_img/thumb_69976d3b7e859.jpg
Home & Life Style,OLEVS 5610 New Luxury Fashion Glass,3444,700,https://www.dropshipping.com.bd/public/storage/images/product_thumbnail_img/thumb_69c936cfb2b65_1774794447.jpg
Home & Life Style,CUENA 6008 Stainless Steel chronogr,3389,1850,https://www.dropshipping.com.bd/public/storage/images/product_thumbnail_img/thumb_69976cd538efa.jpg
Home & Life Style,TRS068 TRSOYE Business Class Men Wa,3366,2150,https://www.dropshipping.com.bd/public/storage/images/product_thumbnail_img/thumb_69976cc1e9e87.jpg
Home & Life Style,OLEVS 9949 Football Dial Men Busine,3357,990,https://www.dropshipping.com.bd/public/storage/images/product_thumbnail_img/thumb_69976cbb846ba.jpg
Home & Life Style,Fashionable Glass Quartz Analog Men,3309,700,https://www.dropshipping.com.bd/public/storage/images/product_thumbnail_img/thumb_69ada490e2ad6_1772987536.jpg
Home & Life Style,BINBOND Quartz men’s watch,3291,950,https://www.dropshipping.com.bd/public/storage/images/product_thumbnail_img/thumb_69b5300027b21_1773481984.jpg
Home & Life Style,Olevs Luxury Men’s Quartz Watch (Go,3288,1250,https://www.dropshipping.com.bd/public/storage/images/product_thumbnail_img/thumb_69c9314c4269c_1774793036.jpg
Home & Life Style,Dexe Black Hair Color Pump Dye Sham,3260,890,https://www.dropshipping.com.bd/public/storage/images/product_thumbnail_img/thumb_69c7ee1f3a902_1774710303.jpg
Home & Life Style,540 Micro Needle Derma Roller Thera,3090,250,https://www.dropshipping.com.bd/public/storage/images/product_thumbnail_img/thumb_69d485b6759a3_1775535542.jpg
Home & Life Style,2024 Cartoon Fashion Hair Dryer for,3086,650,https://www.dropshipping.com.bd/public/storage/images/product_thumbnail_img/thumb_69976bfa14d66.jpg
Home & Life Style,Automatic Nail Clipper For Kids Blu,3080,750,https://www.dropshipping.com.bd/public/storage/images/product_thumbnail_img/thumb_69976bf5a3966.jpg
Home & Life Style,BZY Foldable Drinking Water Bottle,3074,750,https://www.dropshipping.com.bd/public/storage/images/product_thumbnail_img/thumb_69976bee84d5f.jpg
Home & Life Style,Adjustable Power Exercise Gripper S,3073,250,https://www.dropshipping.com.bd/public/storage/images/product_thumbnail_img/thumb_69d3bbed43a26_1775483885.jpg
Home & Life Style,New Creative Silicone Folding Water,3071,800,https://www.dropshipping.com.bd/public/storage/images/product_thumbnail_img/thumb_69976bea4061b.jpg
Home & Life Style,Olevs  Stainless Steel fashionable,7988,1650,https://www.dropshipping.com.bd/public/storage/images/product_thumbnail_img/thumb_699778409cb6a.jpg
Home & Life Style,Olievs  Stainless Steel fashionable,7985,1650,https://www.dropshipping.com.bd/public/storage/images/product_thumbnail_img/thumb_6997783cd4de3.jpg
Home & Life Style,Big Round Cooper Metal Twin Bell Al,7082,990,https://www.dropshipping.com.bd/public/storage/images/product_thumbnail_img/thumb_6997761cbd255.jpg
Home & Life Style,Rolex Quartz Movement Stainless Ste,5731,1250,https://www.dropshipping.com.bd/public/storage/images/product_thumbnail_img/thumb_69b276f6d132e_1773303542.jpg
Home & Life Style,Rolex Quartz Movement Stainless Ste,5728,1250,https://www.dropshipping.com.bd/public/storage/images/product_thumbnail_img/thumb_69b27912a17f0_1773304082.jpg
Home & Life Style,"Digital LCD Clock with Calendar, Te",3836,650,https://www.dropshipping.com.bd/public/storage/images/product_thumbnail_img/thumb_699b39ee92bfd_1771780590.jpg
Home & Life Style,Foldable Travel Alarm Clock BE,3828,380,https://www.dropshipping.com.bd/public/storage/images/product_thumbnail_img/thumb_69d3ca35ad189_1775487541.jpg
Home & Life Style,OLEVS 5563 Fashion Watch for Women,3306,1250,https://www.dropshipping.com.bd/public/storage/images/product_thumbnail_img/thumb_69cba106e0db6_1774952710.jpg
Home & Life Style,OLEVS 5563 Waterproof Stainless Ste,3293,2250,https://www.dropshipping.com.bd/public/storage/images/product_thumbnail_img/thumb_69976c8697730.jpg
Home & Life Style,OLEVS 5563 Fashion Watch for Women,3292,1250,https://www.dropshipping.com.bd/public/storage/images/product_thumbnail_img/thumb_69cba1f26f7dd_1774952946.jpg
Home & Life Style,Olevs Luxury Men’s Quartz Watch(Bla,3287,1250,https://www.dropshipping.com.bd/public/storage/images/product_thumbnail_img/thumb_69976c81f2370.jpg
Home & Life Style,K10 SIM Suported Android Smart Watc,3284,1650,https://www.dropshipping.com.bd/public/storage/images/product_thumbnail_img/thumb_69d112234a1dd_1775309347.jpg
Gadgets & Electronics,JBL Boombox 4 Mini Wireless Speaker,13143,2100,https://www.dropshipping.com.bd/public/storage/images/product_thumbnail_img/thumb_69d3b0a9f3972_1775481001.jpg
Gadgets & Electronics,Motorcycle LED Handlebar Turn Signa,13132,1190,https://www.dropshipping.com.bd/public/storage/images/product_thumbnail_img/thumb_69d2250cb3f79_1775379724.jpg
Gadgets & Electronics,Rechargeable Hand Held Mini Fan Por,13123,750,https://www.dropshipping.com.bd/public/storage/images/product_thumbnail_img/thumb_69ce4a17ba06d_1775127063.jpg
Gadgets & Electronics,Rechargeable Mini Handheld Fan with,13122,790,https://www.dropshipping.com.bd/public/storage/images/product_thumbnail_img/thumb_69ce4ac9f18ea_1775127241.jpg
Gadgets & Electronics,Electric Nose Hair Trimmer (Recharg,13121,690,https://www.dropshipping.com.bd/public/storage/images/product_thumbnail_img/thumb_69d1df35463d3_1775361845.jpg
Gadgets & Electronics,High-Speed Handheld Transparent Fan,13120,950,https://www.dropshipping.com.bd/public/storage/images/product_thumbnail_img/thumb_69d36e1a328d8_1775463962.jpg
Gadgets & Electronics,V380 Pro Dual Lens Sim Supported Ca,13004,2690,https://www.dropshipping.com.bd/public/storage/images/product_thumbnail_img/thumb_69ce5d1308ce0_1775131923.jpg
Gadgets & Electronics,28 Inch Defence Stick,12981,1490,https://www.dropshipping.com.bd/public/storage/images/product_thumbnail_img/thumb_69a7d782d752b_1772607362.jpg
Gadgets & Electronics,Self Defence Stun Gun-928 with Flas,9264,1500,https://www.dropshipping.com.bd/public/storage/images/product_thumbnail_img/thumb_69a7d746c087b_1772607302.jpg
Gadgets & Electronics,V380 Pro Dual Lens 4G Camera Plus S,12977,3390,https://www.dropshipping.com.bd/public/storage/images/product_thumbnail_img/thumb_69c7ee257a00c_1774710309.jpg
Gadgets & Electronics,Gretel G3 Antina Power Bank Phone 9,12954,2390,https://www.dropshipping.com.bd/public/storage/images/product_thumbnail_img/thumb_69d3c5888987d_1775486344.jpg
Gadgets & Electronics,CP-068 WiFi Smart Camera,12939,1890,https://www.dropshipping.com.bd/public/storage/images/product_thumbnail_img/thumb_69d33999d1f0a_1775450521.jpg
Gadgets & Electronics,Wireless Portable Speaker With Micr,12875,850,https://www.dropshipping.com.bd/public/storage/images/product_thumbnail_img/thumb_6997863489b18.jpg
Gadgets & Electronics,Winstar W57 Mobile Dual Sim,12826,1890,https://www.dropshipping.com.bd/public/storage/images/product_thumbnail_img/thumb_6997860dc578e.jpg
Gadgets & Electronics,16 Feet Rgb Remote Control Led Stri,12824,790,https://www.dropshipping.com.bd/public/storage/images/product_thumbnail_img/thumb_69c81c4f34456_1774722127.jpg
Gadgets & Electronics,Transparent Double Arc USB Recharge,12823,790,https://www.dropshipping.com.bd/public/storage/images/product_thumbnail_img/thumb_6997860b40035.jpg
Gadgets & Electronics,Exclusive plug in Quran Illuminated,12746,990,https://www.dropshipping.com.bd/public/storage/images/product_thumbnail_img/thumb_699785d590d14.jpg
Gadgets & Electronics,Cigarette case Box With USB Recharg,12760,990,https://www.dropshipping.com.bd/public/storage/images/product_thumbnail_img/thumb_699785e1955a3.jpg
Gadgets & Electronics,QCY MeloBuds N30 TWS Earbuds,12768,2290,https://www.dropshipping.com.bd/public/storage/images/product_thumbnail_img/thumb_699785e69f2e5.jpg
Gadgets & Electronics,Hearing Aid Machine,12776,1190,https://www.dropshipping.com.bd/public/storage/images/product_thumbnail_img/thumb_699785edd1a00.jpg
Gadgets & Electronics,Turbocharged Shower Head,12777,890,https://www.dropshipping.com.bd/public/storage/images/product_thumbnail_img/thumb_699785ee44b8f.jpg
Gadgets & Electronics,Mini Sewing Machine SM-202A,12778,1050,https://www.dropshipping.com.bd/public/storage/images/product_thumbnail_img/thumb_69d485b58f353_1775535541.jpg
Gadgets & Electronics,Wireless Vehicle Vacuum Cleaner,12788,1690,https://www.dropshipping.com.bd/public/storage/images/product_thumbnail_img/thumb_69777f3c9c0f4.jpg
Gadgets & Electronics,Quran Box for Wall with Hangers,12789,950,https://www.dropshipping.com.bd/public/storage/images/product_thumbnail_img/thumb_69777f3c1ef4d.jpg
Gadgets & Electronics,Portable Sewing Machine MLSM-202,12787,1150,https://www.dropshipping.com.bd/public/storage/images/product_thumbnail_img/thumb_69d262864ae2c_1775395462.jpg
Gadgets & Electronics,Wireless Vehicle Vacuum Cleaner,12788,1790,https://www.dropshipping.com.bd/public/storage/images/product_thumbnail_img/thumb_69d33c6c20ad1_1775451244.jpg
Gadgets & Electronics,Quran Box for Wall with Hangers,12789,950,https://www.dropshipping.com.bd/public/storage/images/product_thumbnail_img/thumb_699785f4bc7e0.jpg
Gadgets & Electronics,Anker Zolo USB-C to USB-C Cable,12708,950,https://www.dropshipping.com.bd/public/storage/images/product_thumbnail_img/thumb_699785b9bb243.jpg
Gadgets & Electronics,QCY ArcBuds HT07 ANC Wireless Earph,12707,2390,https://www.dropshipping.com.bd/public/storage/images/product_thumbnail_img/thumb_699785b8e1255.jpg
Gadgets & Electronics,Interior Deluxe 2000W Fan Heater,12705,1850,https://www.dropshipping.com.bd/public/storage/images/product_thumbnail_img/thumb_699785b82d1f4.jpg
Gadgets & Electronics,R1S-L 3-In-1 Bluetooth Selfie Stick,12704,790,https://www.dropshipping.com.bd/public/storage/images/product_thumbnail_img/thumb_69b1a405dae72_1773249541.jpg
Gadgets & Electronics,R1L 3-In-1 Wireless Bluetooth Remot,12703,690,https://www.dropshipping.com.bd/public/storage/images/product_thumbnail_img/thumb_69c951ac8248b_1774801324.jpg
Gadgets & Electronics,Imam C7 Vista Dual SIM 3000mAh Batt,12693,1990,https://www.dropshipping.com.bd/public/storage/images/product_thumbnail_img/thumb_69d21b6e35746_1775377262.jpg
Gadgets & Electronics,QCY ArcBuds Lite TWS Earbuds T27,12676,1590,https://www.dropshipping.com.bd/public/storage/images/product_thumbnail_img/thumb_699785a0ee035.jpg
Gadgets & Electronics,AWEI GL2 Open Smart Audio Glasses,12633,3000,https://www.dropshipping.com.bd/public/storage/images/product_thumbnail_img/thumb_699785827956d.jpg
Gadgets & Electronics,Awei TP29ANC: The World’s First AI-,12632,2250,https://www.dropshipping.com.bd/public/storage/images/product_thumbnail_img/thumb_69978581a6f2e.jpg
Gadgets & Electronics,Awei T230 ANC Pro Wireless Earbuds,12631,2700,https://www.dropshipping.com.bd/public/storage/images/product_thumbnail_img/thumb_69978580bbc34.jpg
Gadgets & Electronics,KEMEI KM-5017 Rechargeable Hair Cli,12627,1390,https://www.dropshipping.com.bd/public/storage/images/product_thumbnail_img/thumb_6997857d327ce.jpg
Gadgets & Electronics,Hoco HC16 True Wireless Bluetooth S,12598,1390,https://www.dropshipping.com.bd/public/storage/images/product_thumbnail_img/thumb_69c55045e8ebc_1774538821.jpg
Gadgets & Electronics,Tensile T23 pro max,12595,2090,https://www.dropshipping.com.bd/public/storage/images/product_thumbnail_img/thumb_6997855e177c3.jpg
Gadgets & Electronics,Awei T29P Anc Gaming Wireless Earbu,12579,1790,https://www.dropshipping.com.bd/public/storage/images/product_thumbnail_img/thumb_699785534a47d.jpg
Gadgets & Electronics,Awei P165K 10000mAh 22.5w Transpare,12578,1950,https://www.dropshipping.com.bd/public/storage/images/product_thumbnail_img/thumb_699785527b8ad.jpg
Gadgets & Electronics,Awei B931BL Wireless Sports Stereo,12569,750,https://www.dropshipping.com.bd/public/storage/images/product_thumbnail_img/thumb_6997854c1fe9f.jpg
Gadgets & Electronics,Linnex LX4G Android Touch Button Ph,12539,4490,https://www.dropshipping.com.bd/public/storage/images/product_thumbnail_img/thumb_69b6faaa35760_1773599402.jpg
Gadgets & Electronics,Vmax Note14 4G (Android+ Button) ph,12538,5990,https://www.dropshipping.com.bd/public/storage/images/product_thumbnail_img/thumb_69d3c587ce2af_1775486343.jpg
Gadgets & Electronics,Awei At7 Wireless Hi-Fi Headphone (,12524,1450,https://www.dropshipping.com.bd/public/storage/images/product_thumbnail_img/thumb_6997853444e9b.jpg
Gadgets & Electronics,Anker TWS Wireless AC-100 Buds Pro,12523,790,https://www.dropshipping.com.bd/public/storage/images/product_thumbnail_img/thumb_69978533c1519.jpg
Gadgets & Electronics,MX-5500 EOS 8 Digits Price Tag Labe,12507,690,https://www.dropshipping.com.bd/public/storage/images/product_thumbnail_img/thumb_699785285db51.jpg
Gadgets & Electronics,Remote Control E27 Lamp Holder with,12506,590,https://www.dropshipping.com.bd/public/storage/images/product_thumbnail_img/thumb_69978527a065b.jpg
Gadgets & Electronics,Discoveri-Y D6 Mobile Dual Sim,12504,1890,https://www.dropshipping.com.bd/public/storage/images/product_thumbnail_img/thumb_6997852542a7f.jpg
Gadgets & Electronics,EQ27 Fun AI Translation Earbuds ANC,12480,1590,https://www.dropshipping.com.bd/public/storage/images/product_thumbnail_img/thumb_69c81c552094a_1774722133.jpg
Gadgets & Electronics,A4Tech FK25 2-Section Compact Keybo,12469,1590,https://www.dropshipping.com.bd/public/storage/images/product_thumbnail_img/thumb_6997850eb8978.jpg
Gadgets & Electronics,A4Tech FK10 Multimedia Comfort Keyb,12468,1490,https://www.dropshipping.com.bd/public/storage/images/product_thumbnail_img/thumb_6997850dec85f.jpg
Gadgets & Electronics,B135N Neon Gaming Keyboard,12467,2090,https://www.dropshipping.com.bd/public/storage/images/product_thumbnail_img/thumb_6997850d3a72f.jpg
Gadgets & Electronics,MH360 Wireless Headset,12466,3190,https://www.dropshipping.com.bd/public/storage/images/product_thumbnail_img/thumb_6997850c740d7.jpg
Gadgets & Electronics,A4Tech BH350C Wireless Headset,12465,3490,https://www.dropshipping.com.bd/public/storage/images/product_thumbnail_img/thumb_6997850b49415.jpg
Gadgets & Electronics,G230P Stereo Surround Sound Gaming,12464,1990,https://www.dropshipping.com.bd/public/storage/images/product_thumbnail_img/thumb_6997850a33d4b.jpg
Gadgets & Electronics,G200S Gaming Headset,12463,2290,https://www.dropshipping.com.bd/public/storage/images/product_thumbnail_img/thumb_699785097b371.jpg
Gadgets & Electronics,ES7 RGB Esports Gaming Mouse,12462,1990,https://www.dropshipping.com.bd/public/storage/images/product_thumbnail_img/thumb_69978508aed05.jpg
Gadgets & Electronics,A4Tech FB35CS Silent Click Dual Mod,12461,1850,https://www.dropshipping.com.bd/public/storage/images/product_thumbnail_img/thumb_6997850793001.jpg
Gadgets & Electronics,A4Tech FB10CS Silent Click Mouse,12460,1790,https://www.dropshipping.com.bd/public/storage/images/product_thumbnail_img/thumb_699785067032f.jpg
Gadgets & Electronics,A4Tech FG10 2.4G Wireless Mouse,12459,1390,https://www.dropshipping.com.bd/public/storage/images/product_thumbnail_img/thumb_699785055efd0.jpg
Gadgets & Electronics,A4Tech N-530 Illuminate  Mouse,12458,990,https://www.dropshipping.com.bd/public/storage/images/product_thumbnail_img/thumb_6997850464bdc.jpg
Gadgets & Electronics,A4Tech OP-330 Wired Mouse,12457,690,https://www.dropshipping.com.bd/public/storage/images/product_thumbnail_img/thumb_6997850336a27.jpg
Gadgets & Electronics,A4Tech OP-720 Wired Mouse,12456,490,https://www.dropshipping.com.bd/public/storage/images/product_thumbnail_img/thumb_69c233de044d4_1774334942.jpg
Gadgets & Electronics,ZF18 Sensor Bluetooth Speaker and M,12445,1190,https://www.dropshipping.com.bd/public/storage/images/product_thumbnail_img/thumb_69d3c50e2a959_1775486222.jpg
Gadgets & Electronics,3-in-1 NewRixing Camping Lantern Wi,12428,1750,https://www.dropshipping.com.bd/public/storage/images/product_thumbnail_img/thumb_699784f080e7f.jpg
Gadgets & Electronics,GRAB & GO 4 Portable Bluetooth Spea,12427,990,https://www.dropshipping.com.bd/public/storage/images/product_thumbnail_img/thumb_69ac3361c7afd_1772893025.jpg
Gadgets & Electronics,GFOUK™ Minieye Nanny Cam Full HD,12426,890,https://www.dropshipping.com.bd/public/storage/images/product_thumbnail_img/thumb_69d3bc36100d5_1775483958.jpg
Gadgets & Electronics,Hollyland Lark M2 Wireless Lavalier,12420,2390,https://www.dropshipping.com.bd/public/storage/images/product_thumbnail_img/thumb_69d3bbee99bbd_1775483886.jpg
Gadgets & Electronics,2 in 1 Rechargeable Hand Warmer Por,12418,1450,https://www.dropshipping.com.bd/public/storage/images/product_thumbnail_img/thumb_69995e45e8348_1771658821.jpg
Gadgets & Electronics,Hoco MMJ-24 Wireless Headset,12417,1150,https://www.dropshipping.com.bd/public/storage/images/product_thumbnail_img/thumb_69b6fdf24e431_1773600242.jpg
Gadgets & Electronics,Smart Vlogger's Combo: K8 Wireless,12403,1150,https://www.dropshipping.com.bd/public/storage/images/product_thumbnail_img/thumb_699784dabd69d.jpg
Gadgets & Electronics,REEOO Wireless Neckband 300H DJ BOS,12366,990,https://www.dropshipping.com.bd/public/storage/images/product_thumbnail_img/thumb_699784c25a3eb.jpg
Gadgets & Electronics,MOBICOM Wireless 300 Hours Neckband,12365,1190,https://www.dropshipping.com.bd/public/storage/images/product_thumbnail_img/thumb_69c9540192dad_1774801921.jpg
Gadgets & Electronics,FRB-N27 Wireless Neckband – 400h,12351,1090,https://www.dropshipping.com.bd/public/storage/images/product_thumbnail_img/thumb_69c81c4ccfc22_1774722124.jpg
Gadgets & Electronics,"Solar rechargeable camping light, H",12327,550,https://www.dropshipping.com.bd/public/storage/images/product_thumbnail_img/thumb_699966035c83c_1771660803.jpg
Gadgets & Electronics,New V380 Mini Indoor PTZ Dual Lens,12306,1650,https://www.dropshipping.com.bd/public/storage/images/product_thumbnail_img/thumb_69d3c63b871a4_1775486523.jpg
Gadgets & Electronics,V380 Full HD Q1 360 Degree Wifi Aud,12305,2500,https://www.dropshipping.com.bd/public/storage/images/product_thumbnail_img/thumb_699b24f65d5fb_1771775222.jpg
Gadgets & Electronics,V380 4G Dual Lens Wi Fi Camera,12304,2600,https://www.dropshipping.com.bd/public/storage/images/product_thumbnail_img/thumb_69d3bc33b181e_1775483955.jpg
Gadgets & Electronics,"Smart v-380, Q9 home wi-fi color ca",12303,2200,https://www.dropshipping.com.bd/public/storage/images/product_thumbnail_img/thumb_69cabd2e0d187_1774894382.jpg
Gadgets & Electronics,7 Modes High Power LED + COB Keycha,12301,490,https://www.dropshipping.com.bd/public/storage/images/product_thumbnail_img/thumb_69d20d223a6a3_1775373602.jpg
Gadgets & Electronics,Multifunctional Stage Light,12287,950,https://www.dropshipping.com.bd/public/storage/images/product_thumbnail_img/thumb_699784832f524.jpg
Gadgets & Electronics,V380 E9 Dual Lens Bulb PTZ IP Camer,12286,2000,https://www.dropshipping.com.bd/public/storage/images/product_thumbnail_img/thumb_69d1dd15c16c1_1775361301.jpg
Gadgets & Electronics,BS-27 RGB  Wireless Bluetooth Speak,12285,1590,https://www.dropshipping.com.bd/public/storage/images/product_thumbnail_img/thumb_6997848150622.jpg
Gadgets & Electronics,"Silicone Suction Phone Case Mount,",12281,140,https://www.dropshipping.com.bd/public/storage/images/product_thumbnail_img/thumb_699ffa7b072f2_1772092027.jpg
Gadgets & Electronics,Kemei Km-1741 1200mAh Excellent Lit,12279,1450,https://www.dropshipping.com.bd/public/storage/images/product_thumbnail_img/thumb_69995e0a3689f_1771658762.jpg
Gadgets & Electronics,ENCHEN Boost USB Electric Hair Clip,12278,1350,https://www.dropshipping.com.bd/public/storage/images/product_thumbnail_img/thumb_699b3a5362961_1771780691.jpg
Gadgets & Electronics,Hoco Q47 Power Bank + Game Console,12230,3490,https://www.dropshipping.com.bd/public/storage/images/product_thumbnail_img/thumb_6997845a64db6.jpg
Gadgets & Electronics,Y-62 ENC Wireless Earbud,12229,790,https://www.dropshipping.com.bd/public/storage/images/product_thumbnail_img/thumb_69978459e7eff.jpg
Gadgets & Electronics,Anker Tws Wairless AC-100 Buds Pro,12227,790,https://www.dropshipping.com.bd/public/storage/images/product_thumbnail_img/thumb_6997845928241.jpg
Gadgets & Electronics,P15 Mini Selfie Stick Tripod,12181,1050,https://www.dropshipping.com.bd/public/storage/images/product_thumbnail_img/thumb_69978441173cc.jpg
Gadgets & Electronics,BS-13 RGB Wireless Speaker,12179,890,https://www.dropshipping.com.bd/public/storage/images/product_thumbnail_img/thumb_69cc1322afd42_1774981922.jpg
Gadgets & Electronics,Vmax V72 Flip Mobile Dual Display,12176,2250,https://www.dropshipping.com.bd/public/storage/images/product_thumbnail_img/thumb_69ca5a0aa3878_1774869002.jpg
Gadgets & Electronics,5Star X10 Car Button Phone Dual Sim,12175,1650,https://www.dropshipping.com.bd/public/storage/images/product_thumbnail_img/thumb_69b2d0a56199e_1773326501.jpg
Gadgets & Electronics,Maxtel Max-21 Ultra Mobile,12174,2190,https://www.dropshipping.com.bd/public/storage/images/product_thumbnail_img/thumb_69d3863e666e0_1775470142.jpg
Gadgets & Electronics,Hoco Y62-ENC Wireless Bluetooth Ear,12173,790,https://www.dropshipping.com.bd/public/storage/images/product_thumbnail_img/thumb_6997843a25aed.jpg
Gadgets & Electronics,GBL Detachable Battery Floodlight,12146,990,https://www.dropshipping.com.bd/public/storage/images/product_thumbnail_img/thumb_69cbd4dd53745_1774965981.jpg
Gadgets & Electronics,Labubu Doll Wireless Earbuds Set,12109,990,https://www.dropshipping.com.bd/public/storage/images/product_thumbnail_img/thumb_69978414c87c3.jpg
Gadgets & Electronics,Pop Mart Labubu 2-in-1 Gadget Set,12108,1290,https://www.dropshipping.com.bd/public/storage/images/product_thumbnail_img/thumb_69a995acb0a29_1772721580.jpg
Gadgets & Electronics,Pop Mart Labubu 2-in-1 Gadget Set,12106,1290,https://www.dropshipping.com.bd/public/storage/images/product_thumbnail_img/thumb_69c9316e7a436_1774793070.jpg
Gadgets & Electronics,AKZ Max700 On-Ear Wireless Headset,11963,1490,https://www.dropshipping.com.bd/public/storage/images/product_thumbnail_img/thumb_699783cb62b34.jpg
Gadgets & Electronics,Multifunctional Portable Phone Hold,11961,650,https://www.dropshipping.com.bd/public/storage/images/product_thumbnail_img/thumb_699783c9bc38b.jpg
Gadgets & Electronics,Hoco MMJ-17 Fast Charging Power Ban,11960,1990,https://www.dropshipping.com.bd/public/storage/images/product_thumbnail_img/thumb_69cc292b0fe38_1774987563.jpg
Gadgets & Electronics,Video Call Light Stand,11959,650,https://www.dropshipping.com.bd/public/storage/images/product_thumbnail_img/thumb_699783c887c2b.jpg
Gadgets & Electronics,Q13 Intelligent AI Tracker Selfie S,11958,2490,https://www.dropshipping.com.bd/public/storage/images/product_thumbnail_img/thumb_699783c7d74bb.jpg
Gadgets & Electronics,LED Lighting Bulb & LED Torch,11957,790,https://www.dropshipping.com.bd/public/storage/images/product_thumbnail_img/thumb_699783c715f42.jpg
Gadgets & Electronics,BOYALINK All-in-one Design Wireless,11955,8990,https://www.dropshipping.com.bd/public/storage/images/product_thumbnail_img/thumb_699783c5e6365.jpg
Gadgets & Electronics,Automatic Dancing -  Interior Car/R,11892,1050,https://www.dropshipping.com.bd/public/storage/images/product_thumbnail_img/thumb_699783a7966ed.jpg
Gadgets & Electronics,M1-BTD3 Rechargeable LED Light Bean,11815,1290,https://www.dropshipping.com.bd/public/storage/images/product_thumbnail_img/thumb_69995dcf6cebf_1771658703.jpg
Gadgets & Electronics,Ai-151s Wireless Speaker Sport Musi,11789,790,https://www.dropshipping.com.bd/public/storage/images/product_thumbnail_img/thumb_6997837738f40.jpg
Gadgets & Electronics,Nova REP-1204A Electric Room Heater,11784,2190,https://www.dropshipping.com.bd/public/storage/images/product_thumbnail_img/thumb_69996421be87b_1771660321.jpg
Gadgets & Electronics,Icon i909 Dual Sim Mobile 3.5 Inch,11770,2190,https://www.dropshipping.com.bd/public/storage/images/product_thumbnail_img/thumb_69d2120dbcf59_1775374861.jpg
Gadgets & Electronics,USB Roof Star Night Lights Projecto,11756,250,https://www.dropshipping.com.bd/public/storage/images/product_thumbnail_img/thumb_6997836535767.jpg
Gadgets & Electronics,X-933 Wireless Portable Speaker,11736,690,https://www.dropshipping.com.bd/public/storage/images/product_thumbnail_img/thumb_699b3a2b1b1f9_1771780651.jpg
Gadgets & Electronics,Ulanzi MT-44 Extendable Vlog Tripod,11693,1850,https://www.dropshipping.com.bd/public/storage/images/product_thumbnail_img/thumb_69978343ccef9.jpg
Gadgets & Electronics,Ulanzi MT-79 Portable Adjustable Li,11692,1990,https://www.dropshipping.com.bd/public/storage/images/product_thumbnail_img/thumb_69978343072d9.jpg
Gadgets & Electronics,Rechargeable LED Table Light Child,11657,650,https://www.dropshipping.com.bd/public/storage/images/product_thumbnail_img/thumb_69ac36aceea2b_1772893868.jpg
Gadgets & Electronics,Waterproof 360° Rotation Motorcycle,11656,590,https://www.dropshipping.com.bd/public/storage/images/product_thumbnail_img/thumb_699783295e52d.jpg
Gadgets & Electronics,Airpods Max Wireless Headset,11655,1290,https://www.dropshipping.com.bd/public/storage/images/product_thumbnail_img/thumb_69d33b3dbe7d4_1775450941.jpg
Gadgets & Electronics,Hoco MMJ-21   22.5W 100000mAh Power,11644,5990,https://www.dropshipping.com.bd/public/storage/images/product_thumbnail_img/thumb_69c8229e159fa_1774723742.jpg
Gadgets & Electronics,CAT STN-28 Wireless Ear Headset,11607,890,https://www.dropshipping.com.bd/public/storage/images/product_thumbnail_img/thumb_69d21339bef36_1775375161.jpg
Gadgets & Electronics,MEMO CX07 Mobile Cooling Radiator,11437,1390,https://www.dropshipping.com.bd/public/storage/images/product_thumbnail_img/thumb_69d26248740e5_1775395400.jpg
Gadgets & Electronics,Hoco HC1 Wireless Bluetooth Speaker,11435,1090,https://www.dropshipping.com.bd/public/storage/images/product_thumbnail_img/thumb_699782b183de5.jpg
Gadgets & Electronics,Hoco ES64 Sports Bluetooth Earphone,11429,850,https://www.dropshipping.com.bd/public/storage/images/product_thumbnail_img/thumb_699782acd5cc8.jpg
Gadgets & Electronics,3 in1 Portable Foldable Mobile Phon,11428,750,https://www.dropshipping.com.bd/public/storage/images/product_thumbnail_img/thumb_69cbcaf3a2f02_1774963443.jpg
Gadgets & Electronics,X-10 Rechargeable Camping Flashligh,11412,950,https://www.dropshipping.com.bd/public/storage/images/product_thumbnail_img/thumb_69a91065d7578_1772687461.jpg
Gadgets & Electronics,X-701 Car-Shaped Wireless Bluetooth,11411,1090,https://www.dropshipping.com.bd/public/storage/images/product_thumbnail_img/thumb_6997829e1fede.jpg
Gadgets & Electronics,😍Mini Rechargeable Deep Tissue The,11378,1490,https://www.dropshipping.com.bd/public/storage/images/product_thumbnail_img/thumb_69978289c163d.jpg
Gadgets & Electronics,Intelligent Induction Lamp Holder,11377,470,https://www.dropshipping.com.bd/public/storage/images/product_thumbnail_img/thumb_69cc26d28c05e_1774986962.jpg
Gadgets & Electronics,X-906 Panda Wireless Bluetooth Spea,11376,990,https://www.dropshipping.com.bd/public/storage/images/product_thumbnail_img/thumb_699782881a205.jpg
Gadgets & Electronics,X-811 Bluetooth Speaker RGB Lightin,11375,890,https://www.dropshipping.com.bd/public/storage/images/product_thumbnail_img/thumb_69afae3ab5ad5_1773121082.jpg
Gadgets & Electronics,Micronex MX31 Phone Network Antenna,11296,2190,https://www.dropshipping.com.bd/public/storage/images/product_thumbnail_img/thumb_69d3c58678e0d_1775486342.jpg
Gadgets & Electronics,Hot Sale High Power LED Portable Mu,11272,490,https://www.dropshipping.com.bd/public/storage/images/product_thumbnail_img/thumb_69d20aca46728_1775373002.jpg
Gadgets & Electronics,Hoco MMJ-04 20000mAh,11259,2350,https://www.dropshipping.com.bd/public/storage/images/product_thumbnail_img/thumb_6997823988cd4.jpg
Gadgets & Electronics,Hoco MMJ-01 Wireless Bluetooth Neck,11244,1390,https://www.dropshipping.com.bd/public/storage/images/product_thumbnail_img/thumb_69a91f6e7ef29_1772691310.jpg
Gadgets & Electronics,Hoco ES72 Benevolent Bluetooth Neck,11227,820,https://www.dropshipping.com.bd/public/storage/images/product_thumbnail_img/thumb_6997821996296.jpg
Gadgets & Electronics,Hoco MMJ08,11189,950,https://www.dropshipping.com.bd/public/storage/images/product_thumbnail_img/thumb_699781f147752.jpg
Gadgets & Electronics,Geo Phone T30,11188,4690,https://www.dropshipping.com.bd/public/storage/images/product_thumbnail_img/thumb_69d12dc66727b_1775316422.jpg
Gadgets & Electronics,Bytwo B104 Antenna Mobile Phone,11186,1950,https://www.dropshipping.com.bd/public/storage/images/product_thumbnail_img/thumb_69aedd32ad620_1773067570.jpg
Gadgets & Electronics,"GREATNICE GTS-1386 Bluetooth, USB,",11168,690,https://www.dropshipping.com.bd/public/storage/images/product_thumbnail_img/thumb_699781db7867c.jpg
Gadgets & Electronics,OYROOM JR-TCF08 Speed Series PD 30W,11166,1450,https://www.dropshipping.com.bd/public/storage/images/product_thumbnail_img/thumb_699781d9b284b.jpg
Gadgets & Electronics,Portable Bluetooth Speaker With Zoo,11165,1490,https://www.dropshipping.com.bd/public/storage/images/product_thumbnail_img/thumb_69cea1be14430_1775149502.jpg
Gadgets & Electronics,JOYROOM JR-TCG01 GaN Ultra 65W 2C1A,11162,2290,https://www.dropshipping.com.bd/public/storage/images/product_thumbnail_img/thumb_699781d50d33f.jpg
Gadgets & Electronics,Joyroom L-P210 PD 20W Type-C Fast C,11161,1190,https://www.dropshipping.com.bd/public/storage/images/product_thumbnail_img/thumb_699781d3cfe9c.jpg
Gadgets & Electronics,Remax RPP-310 Dinba Series 65W PD+Q,11151,4190,https://www.dropshipping.com.bd/public/storage/images/product_thumbnail_img/thumb_699781c8e92ab.jpg
Gadgets & Electronics,Remax RPP-26 20000mAh Powerbank 2 I,11149,1490,https://www.dropshipping.com.bd/public/storage/images/product_thumbnail_img/thumb_69c7ee24825a5_1774710308.jpg
Gadgets & Electronics,Hoco HA10 Oleada Outdoor Wireless,11138,5750,https://www.dropshipping.com.bd/public/storage/images/product_thumbnail_img/thumb_699781bf90302.jpg
Gadgets & Electronics,HOCO HC5 Sports Wireless Speaker,11137,3500,https://www.dropshipping.com.bd/public/storage/images/product_thumbnail_img/thumb_699781be57287.jpg
Gadgets & Electronics,Hoco HC10 Bluetooth Speaker,11134,1790,https://www.dropshipping.com.bd/public/storage/images/product_thumbnail_img/thumb_699781bb09cfd.jpg
Gadgets & Electronics,HP Core i5 10th Gen Brand PC 8/512G,11020,29500,https://www.dropshipping.com.bd/public/storage/images/product_thumbnail_img/thumb_699781515a5a8.jpg
Gadgets & Electronics,One Plus AirRO3 Wireless Bluetooth,10955,950,https://www.dropshipping.com.bd/public/storage/images/product_thumbnail_img/thumb_69cc162de1f24_1774982701.jpg
Gadgets & Electronics,Rezzel LED Bulb 5-Piece Combo Pack,10917,550,https://www.dropshipping.com.bd/public/storage/images/product_thumbnail_img/thumb_68c313b310a22.jpg
Gadgets & Electronics,Rezzel LED Bulb 3-Piece Combo Pack,10916,690,https://www.dropshipping.com.bd/public/storage/images/product_thumbnail_img/thumb_68c313b2753a4.jpg
Gadgets & Electronics,Rezzel LED Bulb 3-Piece Combo Pack,10915,750,https://www.dropshipping.com.bd/public/storage/images/product_thumbnail_img/thumb_68c313b1cdb0b.jpg
Gadgets & Electronics,Rezzel LED Bulb 3-Piece Combo Pack,10914,790,https://www.dropshipping.com.bd/public/storage/images/product_thumbnail_img/thumb_68c313b13efe0.jpg
Gadgets & Electronics,Recrsi RE-NY034 TF Card Expand Wire,10826,960,https://www.dropshipping.com.bd/public/storage/images/product_thumbnail_img/thumb_699780ad6ca9c.jpg
Gadgets & Electronics,Regarsi NY032 Bluetooth Neckband Wi,10825,680,https://www.dropshipping.com.bd/public/storage/images/product_thumbnail_img/thumb_699780ac40b59.jpg
Gadgets & Electronics,Recrsi Neckband Headphone NY27,10823,990,https://www.dropshipping.com.bd/public/storage/images/product_thumbnail_img/thumb_699780a9996ef.jpg
Gadgets & Electronics,Recrsi Neckband Headphone NY25,10822,850,https://www.dropshipping.com.bd/public/storage/images/product_thumbnail_img/thumb_699780a8afdc8.jpg
Gadgets & Electronics,Recrsi Neckband Headphone NY26,10821,770,https://www.dropshipping.com.bd/public/storage/images/product_thumbnail_img/thumb_69a661358b792_1772511541.jpg
Gadgets & Electronics,RECRSI RE-NY028 Hanging Neckband Ea,10820,850,https://www.dropshipping.com.bd/public/storage/images/product_thumbnail_img/thumb_699780a65eb3f.jpg
Gadgets & Electronics,Lenovo HT38 True Wireless Bluetooth,10817,620,https://www.dropshipping.com.bd/public/storage/images/product_thumbnail_img/thumb_69c54ede59aec_1774538462.jpg
Gadgets & Electronics,Lenovo HE05 Neckband Wireless Hangi,10814,360,https://www.dropshipping.com.bd/public/storage/images/product_thumbnail_img/thumb_69d1e6ef0e849_1775363823.jpg
Gadgets & Electronics,HM01 Wireless Neckband Headphone,10808,420,https://www.dropshipping.com.bd/public/storage/images/product_thumbnail_img/thumb_69ce6f246364b_1775136548.jpg
Gadgets & Electronics,MX-75 Wireless Earphone,10807,690,https://www.dropshipping.com.bd/public/storage/images/product_thumbnail_img/thumb_699b3a2c0309f_1771780652.jpg
Gadgets & Electronics,Uiisii R03 Wireless bluetooth Neckb,10806,499,https://www.dropshipping.com.bd/public/storage/images/product_thumbnail_img/thumb_69d111f10bc80_1775309297.jpg
Gadgets & Electronics,M90 Pro TWS True Wireless Earbud,10805,550,https://www.dropshipping.com.bd/public/storage/images/product_thumbnail_img/thumb_69c952d7c316e_1774801623.jpg
Gadgets & Electronics,M28 TWS Wireless Gaming Earbuds,10804,460,https://www.dropshipping.com.bd/public/storage/images/product_thumbnail_img/thumb_69d33e49e7929_1775451721.jpg
Gadgets & Electronics,A4Tech Bloody B135N Neon Gaming Key,10801,1999,https://www.dropshipping.com.bd/public/storage/images/product_thumbnail_img/thumb_6997809566732.jpg
Gadgets & Electronics,M27 RGB Gaming TWS,10800,450,https://www.dropshipping.com.bd/public/storage/images/product_thumbnail_img/thumb_69ce6f498c0d6_1775136585.jpg
Gadgets & Electronics,M25 TWS Wireless Bluetooth Headphon,10799,670,https://www.dropshipping.com.bd/public/storage/images/product_thumbnail_img/thumb_69d1f31f3ebe0_1775366943.jpg
Gadgets & Electronics,Hohem MIC-01 (1TX+1RX) Microphone f,10793,6000,https://www.dropshipping.com.bd/public/storage/images/product_thumbnail_img/thumb_6997808eb71ac.jpg
Gadgets & Electronics,Hohem iSteady XE Kit Phone Gimbal S,10791,8500,https://www.dropshipping.com.bd/public/storage/images/product_thumbnail_img/thumb_6997808d94f1e.jpg
Gadgets & Electronics,Hohem iSteady X3 SE Foldable Gimbal,10789,9000,https://www.dropshipping.com.bd/public/storage/images/product_thumbnail_img/thumb_69978088aa303.jpg
Gadgets & Electronics,Hohem iSteady M7 AI Gimbal Stabiliz,10788,26500,https://www.dropshipping.com.bd/public/storage/images/product_thumbnail_img/thumb_69978087d27e4.jpg
Gadgets & Electronics,Hohem iSteady V3 (AI) Foldable AI G,10787,13500,https://www.dropshipping.com.bd/public/storage/images/product_thumbnail_img/thumb_69978086d13e2.jpg
Gadgets & Electronics,Rezzel Self-Ballasted LED Bulb 5w,10784,160,https://www.dropshipping.com.bd/public/storage/images/product_thumbnail_img/thumb_69a45d614bcd0_1772379489.jpg
Gadgets & Electronics,Rezzel Self-Ballasted LED Bulb 7w,10783,190,https://www.dropshipping.com.bd/public/storage/images/product_thumbnail_img/thumb_68b5f144eb6e0.jpg
Gadgets & Electronics,Rezzel Self-Ballasted LED Bulb 12w,10782,275,https://www.dropshipping.com.bd/public/storage/images/product_thumbnail_img/thumb_68b5f14474088.jpg
Gadgets & Electronics,Rezzel Self-Ballasted LED Bulb 15w,10781,290,https://www.dropshipping.com.bd/public/storage/images/product_thumbnail_img/thumb_68b5f143ebd31.jpg
Gadgets & Electronics,Rezzel Self-Ballasted LED Bulb 20w,10780,410,https://www.dropshipping.com.bd/public/storage/images/product_thumbnail_img/thumb_68b5f14362380.jpg
Gadgets & Electronics,Rezzel Self-Ballasted LED Bulb 30w,10779,540,https://www.dropshipping.com.bd/public/storage/images/product_thumbnail_img/thumb_68b5f142b681b.jpg
Gadgets & Electronics,Rezzel Self-Ballasted LED Bulb 18w,10778,385,https://www.dropshipping.com.bd/public/storage/images/product_thumbnail_img/thumb_68b5f142323a1.jpg
Gadgets & Electronics,Rezzel Self-Ballasted LED Bulb 9w,10777,220,https://www.dropshipping.com.bd/public/storage/images/product_thumbnail_img/thumb_69a45d6273dd8_1772379490.jpg
Gadgets & Electronics,UGREEN AV130 (20714) Cannon XLR Mal,10774,1300,https://www.dropshipping.com.bd/public/storage/images/product_thumbnail_img/thumb_699780816e19e.jpg
Gadgets & Electronics,UGREEN CM231 (60164) 2-in-1 USB C t,10773,1560,https://www.dropshipping.com.bd/public/storage/images/product_thumbnail_img/thumb_6997808066cd7.jpg
Gadgets & Electronics,UGREEN CM230 (90518) USB-C to 3.5mm,10772,2400,https://www.dropshipping.com.bd/public/storage/images/product_thumbnail_img/thumb_6997807fbcf8c.jpg
Gadgets & Electronics,A4Tech Bloody GPW70 2.4G Wireless R,10768,3499,https://www.dropshipping.com.bd/public/storage/images/product_thumbnail_img/thumb_6997807ca5f8a.jpg
Gadgets & Electronics,A4Tech Bloody GPW50 2.4G Wireless &,10767,2900,https://www.dropshipping.com.bd/public/storage/images/product_thumbnail_img/thumb_6997807bd004a.jpg
Gadgets & Electronics,A4TECH Bloody MH360 Wireless Gaming,10766,2999,https://www.dropshipping.com.bd/public/storage/images/product_thumbnail_img/thumb_6997807a8fc8a.jpg
Gadgets & Electronics,A4tech Bloody GR280 Bluetooth Wirel,10765,4200,https://www.dropshipping.com.bd/public/storage/images/product_thumbnail_img/thumb_69978079b3a6a.jpg
Gadgets & Electronics,A4tech Bloody M30 Pure Bass True Wi,10764,4200,https://www.dropshipping.com.bd/public/storage/images/product_thumbnail_img/thumb_69978078b529b.jpg
Gadgets & Electronics,A4TECH Bloody GM20 USB Gaming Micro,10762,2900,https://www.dropshipping.com.bd/public/storage/images/product_thumbnail_img/thumb_6997807718b88.jpg
Gadgets & Electronics,A4TECH Bloody W72 Ultra Pixels Gree,10760,3600,https://www.dropshipping.com.bd/public/storage/images/product_thumbnail_img/thumb_699780755881c.jpg
Gadgets & Electronics,A4TECH Bloody R72 Ultra Dual Mode G,10758,6100,https://www.dropshipping.com.bd/public/storage/images/product_thumbnail_img/thumb_69978073c8b1d.jpg
Gadgets & Electronics,A4TECH Bloody R72 Pro Duo Dual Mode,10757,7000,https://www.dropshipping.com.bd/public/storage/images/product_thumbnail_img/thumb_69978072bb01c.jpg
Gadgets & Electronics,BOYA BY-EA2L USB Sound Adapter,10730,575,https://www.dropshipping.com.bd/public/storage/images/product_thumbnail_img/thumb_69978065b7205.jpg
Gadgets & Electronics,BOYA DIA Adapter IV with BOYALINK 3,10729,1750,https://www.dropshipping.com.bd/public/storage/images/product_thumbnail_img/thumb_699780651a0c1.jpg
Gadgets & Electronics,BOYA BY-K3 TRS to Male lightning ad,10728,1750,https://www.dropshipping.com.bd/public/storage/images/product_thumbnail_img/thumb_6997806437341.jpg
Gadgets & Electronics,BOYA BY-K4 Adapter Type c Cable for,10727,1750,https://www.dropshipping.com.bd/public/storage/images/product_thumbnail_img/thumb_6997806317bc0.jpg
Gadgets & Electronics,BOYA K3 Vibrant Lighting Condenser,10726,3500,https://www.dropshipping.com.bd/public/storage/images/product_thumbnail_img/thumb_6997806204f00.jpg
Gadgets & Electronics,BOYA BY-V20 2.0 2.4GHz Wireless Mic,10725,4350,https://www.dropshipping.com.bd/public/storage/images/product_thumbnail_img/thumb_699780608d89e.jpg
Gadgets & Electronics,BOYA BY-V10 2.0 2.4GHz Wireless Mic,10724,3250,https://www.dropshipping.com.bd/public/storage/images/product_thumbnail_img/thumb_6997805fa6b8c.jpg
Gadgets & Electronics,BOYA mini-17 The World's Tiniest Wi,10723,3250,https://www.dropshipping.com.bd/public/storage/images/product_thumbnail_img/thumb_6997805eed18e.jpg
Gadgets & Electronics,BOYA mini-16 The World's Tiniest Wi,10722,3350,https://www.dropshipping.com.bd/public/storage/images/product_thumbnail_img/thumb_69abd16d04a60_1772867949.jpg
Gadgets & Electronics,BOYA BY-MM1+ Mini Shotgun Microphon,10720,2650,https://www.dropshipping.com.bd/public/storage/images/product_thumbnail_img/thumb_6997805c04ad6.jpg
Gadgets & Electronics,BOYA BY-MM1 Cardioid Condenser Micr,10719,2299,https://www.dropshipping.com.bd/public/storage/images/product_thumbnail_img/thumb_6997805af418a.jpg
Gadgets & Electronics,BOYA BY-M1 Pro II Universal Lavalie,10706,1875,https://www.dropshipping.com.bd/public/storage/images/product_thumbnail_img/thumb_69978052a7455.jpg
Gadgets & Electronics,BOYA BY-M1S Universal Lavalier Micr,10705,1299,https://www.dropshipping.com.bd/public/storage/images/product_thumbnail_img/thumb_6997805181131.jpg
Gadgets & Electronics,Abdominal Toning Belt,10682,1390,https://www.dropshipping.com.bd/public/storage/images/product_thumbnail_img/thumb_699780435db26.jpg
Gadgets & Electronics,Leather Hole Punch (punch plier / r,10680,790,https://www.dropshipping.com.bd/public/storage/images/product_thumbnail_img/thumb_69cc18c206174_1774983362.jpg
Gadgets & Electronics,Rapoo C500AF 4K Autofocus Webcam –,10668,6500,https://www.dropshipping.com.bd/public/storage/images/product_thumbnail_img/thumb_6997803b92a3e.jpg
Gadgets & Electronics,Rapoo CF300 High-Efficiency Laptop,10667,2500,https://www.dropshipping.com.bd/public/storage/images/product_thumbnail_img/thumb_6997803ac19fd.jpg
Gadgets & Electronics,Rapoo CF200 High-Efficiency Laptop,10666,1300,https://www.dropshipping.com.bd/public/storage/images/product_thumbnail_img/thumb_6997803a059fe.jpg
Gadgets & Electronics,Rapoo CF100 High-Efficiency Laptop,10665,1100,https://www.dropshipping.com.bd/public/storage/images/product_thumbnail_img/thumb_6997803957ac5.jpg
Gadgets & Electronics,Rapoo V10S Anti-Skid Compact Mouse,10664,1050,https://www.dropshipping.com.bd/public/storage/images/product_thumbnail_img/thumb_699780387ea6a.jpg
Gadgets & Electronics,Rapoo V10S Anti-Skid Compact Gaming,10663,750,https://www.dropshipping.com.bd/public/storage/images/product_thumbnail_img/thumb_69978037b4744.jpg
Gadgets & Electronics,Rapoo V600SE Dual-Mode Wireless Gam,10662,3700,https://www.dropshipping.com.bd/public/storage/images/product_thumbnail_img/thumb_69978036daf10.jpg
Gadgets & Electronics,Rapoo XR100 Smart Flip Pen Presente,10661,1800,https://www.dropshipping.com.bd/public/storage/images/product_thumbnail_img/thumb_6997803630208.jpg
Gadgets & Electronics,Rapoo VH310 Virtual 7.1 Channel RGB,10660,2550,https://www.dropshipping.com.bd/public/storage/images/product_thumbnail_img/thumb_6997803584433.jpg
Gadgets & Electronics,Rapoo VH160 Virtual 7.1 RGB Gaming,10659,2500,https://www.dropshipping.com.bd/public/storage/images/product_thumbnail_img/thumb_69978034d03fe.jpg
Gadgets & Electronics,Rapoo VH360 USB Gaming Headset – Bl,10658,1700,https://www.dropshipping.com.bd/public/storage/images/product_thumbnail_img/thumb_699780343b952.jpg
Gadgets & Electronics,Rapoo VH650 Virtual 7.1 Channel RGB,10657,5200,https://www.dropshipping.com.bd/public/storage/images/product_thumbnail_img/thumb_6997803375e11.jpg
Gadgets & Electronics,Rapoo V700-8A Multi-Mode Mechanical,10656,6500,https://www.dropshipping.com.bd/public/storage/images/product_thumbnail_img/thumb_69978032bc43f.jpg
Gadgets & Electronics,Rapoo MT510PRO Multi-Mode Mechanica,10655,10000,https://www.dropshipping.com.bd/public/storage/images/product_thumbnail_img/thumb_699780321c815.jpg
Gadgets & Electronics,Rapoo V500DIY-100 Hot-Swappable Mec,10654,5250,https://www.dropshipping.com.bd/public/storage/images/product_thumbnail_img/thumb_699780316cd7d.jpg
Gadgets & Electronics,Rapoo V500 Pro Backlit Mechanical G,10630,3500,https://www.dropshipping.com.bd/public/storage/images/product_thumbnail_img/thumb_6997802282e67.jpg
Gadgets & Electronics,Rapoo V500 Pro Backlit Mechanical G,10629,3000,https://www.dropshipping.com.bd/public/storage/images/product_thumbnail_img/thumb_69978021cd88d.jpg
Gadgets & Electronics,Rapoo V50S-98 Backlit Mechanical Ga,10628,1800,https://www.dropshipping.com.bd/public/storage/images/product_thumbnail_img/thumb_699780210ea88.jpg
Gadgets & Electronics,Rapoo V50S Backlit Mechanical Gamin,10627,1800,https://www.dropshipping.com.bd/public/storage/images/product_thumbnail_img/thumb_6997802052021.jpg
Gadgets & Electronics,Rapoo V500 Pro 87 Backlit Mechanica,10625,2700,https://www.dropshipping.com.bd/public/storage/images/product_thumbnail_img/thumb_6997801eb66c9.jpg
Gadgets & Electronics,Rapoo VT960S Dual-Mode Wireless RGB,10624,8000,https://www.dropshipping.com.bd/public/storage/images/product_thumbnail_img/thumb_6997801de6375.jpg
Gadgets & Electronics,Rapoo VT9 Air Lite Dual-Mode Wirele,10623,5200,https://www.dropshipping.com.bd/public/storage/images/product_thumbnail_img/thumb_6997801d16344.jpg
Gadgets & Electronics,Rapoo VT9 Pro Dual-Mode Wireless Ga,10622,5200,https://www.dropshipping.com.bd/public/storage/images/product_thumbnail_img/thumb_6997801c3add8.jpg
Gadgets & Electronics,Rapoo VT9 Pro Mini Dual-Mode Wirele,10621,5500,https://www.dropshipping.com.bd/public/storage/images/product_thumbnail_img/thumb_6997801b61f33.jpg
Gadgets & Electronics,Rapoo VT3 Pro Wireless/Wired Lightw,10620,6500,https://www.dropshipping.com.bd/public/storage/images/product_thumbnail_img/thumb_6997801a66c18.jpg
Gadgets & Electronics,Rapoo VT1 Pro Dual-Mode Gaming Mous,10614,5500,https://www.dropshipping.com.bd/public/storage/images/product_thumbnail_img/thumb_6997801950ba6.jpg
Gadgets & Electronics,Rapoo V16 RGB Gaming Optical Mouse,10613,1400,https://www.dropshipping.com.bd/public/storage/images/product_thumbnail_img/thumb_69978018a88cd.jpg
Gadgets & Electronics,Rapoo V3M Wireless Gaming Receiver,10612,1200,https://www.dropshipping.com.bd/public/storage/images/product_thumbnail_img/thumb_69978017a4413.jpg
Gadgets & Electronics,Rapoo H200 Wireless Stereo Headphon,10611,3200,https://www.dropshipping.com.bd/public/storage/images/product_thumbnail_img/thumb_699780170470a.jpg
Gadgets & Electronics,Rapoo H120 USB Stereo Headphone – B,10610,1600,https://www.dropshipping.com.bd/public/storage/images/product_thumbnail_img/thumb_699780164905d.jpg
Gadgets & Electronics,Rapoo H150S USB Stereo Headphone –,10609,1500,https://www.dropshipping.com.bd/public/storage/images/product_thumbnail_img/thumb_699780159ef41.jpg
Gadgets & Electronics,Rapoo H102 Wired Stereo Headphone –,10608,1100,https://www.dropshipping.com.bd/public/storage/images/product_thumbnail_img/thumb_699780151fc23.jpg
Gadgets & Electronics,Rapoo H101 Wired Stereo Headphone –,10607,1100,https://www.dropshipping.com.bd/public/storage/images/product_thumbnail_img/thumb_69978014865f8.jpg
Gadgets & Electronics,Rapoo X130 Pro Wired Keyboard & Mou,10606,1350,https://www.dropshipping.com.bd/public/storage/images/product_thumbnail_img/thumb_69978013ec984.jpg
Gadgets & Electronics,Rapoo NK8000 USB Wired Compact Keyb,10605,1100,https://www.dropshipping.com.bd/public/storage/images/product_thumbnail_img/thumb_699780134b064.jpg
Gadgets & Electronics,Rapoo NK2600 USB Wired Keyboard – B,10604,800,https://www.dropshipping.com.bd/public/storage/images/product_thumbnail_img/thumb_69978012a025a.jpg
Gadgets & Electronics,Rapoo NK1900 USB Wired Keyboard – B,10603,950,https://www.dropshipping.com.bd/public/storage/images/product_thumbnail_img/thumb_699780121f7b4.jpg
Gadgets & Electronics,Rapoo N200 Wired Optical Mouse – Bl,10602,475,https://www.dropshipping.com.bd/public/storage/images/product_thumbnail_img/thumb_699780118d251.jpg
Gadgets & Electronics,Rapoo N100 Wired Optical Mouse – Bl,10601,475,https://www.dropshipping.com.bd/public/storage/images/product_thumbnail_img/thumb_69978010de697.jpg
Gadgets & Electronics,Rapoo Ralemo Pre 5 Multi-Mode Wirel,10600,5000,https://www.dropshipping.com.bd/public/storage/images/product_thumbnail_img/thumb_69978010323ef.jpg
Gadgets & Electronics,Rapoo E9550L Ultra-Slim Multi-Mode,10599,5500,https://www.dropshipping.com.bd/public/storage/images/product_thumbnail_img/thumb_6997800f5836e.jpg
Gadgets & Electronics,Rapoo E9350L Ultra-Slim Multi-Mode,10598,4400,https://www.dropshipping.com.bd/public/storage/images/product_thumbnail_img/thumb_6997800ea450c.jpg
Gadgets & Electronics,Rapoo E900T Portable Wireless Keybo,10597,3850,https://www.dropshipping.com.bd/public/storage/images/product_thumbnail_img/thumb_6997800dd0efa.jpg
Gadgets & Electronics,Rapoo E900T Portable Wireless Keybo,10596,3850,https://www.dropshipping.com.bd/public/storage/images/product_thumbnail_img/thumb_6997800d17350.jpg
Gadgets & Electronics,Rapoo E9050L Ultra-Slim Multi-Mode,10595,3850,https://www.dropshipping.com.bd/public/storage/images/product_thumbnail_img/thumb_6997800c094e2.jpg
Gadgets & Electronics,Rapoo E9050L Ultra-Slim Multi-Mode,10594,3850,https://www.dropshipping.com.bd/public/storage/images/product_thumbnail_img/thumb_6997800b50678.jpg
Gadgets & Electronics,Rapoo 8000S Wireless Keyboard & Mou,10593,2100,https://www.dropshipping.com.bd/public/storage/images/product_thumbnail_img/thumb_6997800aa206d.jpg
Gadgets & Electronics,Rapoo X1800S Wireless Keyboard & Mo,10592,2000,https://www.dropshipping.com.bd/public/storage/images/product_thumbnail_img/thumb_69978009f3b27.jpg
Gadgets & Electronics,Rapoo X2100 Wireless Keyboard & Mou,10591,2200,https://www.dropshipping.com.bd/public/storage/images/product_thumbnail_img/thumb_6997800900c3c.jpg
Gadgets & Electronics,Rapoo X1500 Wireless Keyboard & Mou,10590,2050,https://www.dropshipping.com.bd/public/storage/images/product_thumbnail_img/thumb_6997800858566.jpg
Gadgets & Electronics,Rapoo X1800 Pro Wireless Keyboard &,10589,2050,https://www.dropshipping.com.bd/public/storage/images/product_thumbnail_img/thumb_6997800798213.jpg
Gadgets & Electronics,Rapoo M306 Wireless Optical Mouse –,10588,1050,https://www.dropshipping.com.bd/public/storage/images/product_thumbnail_img/thumb_69978006cefc8.jpg
Gadgets & Electronics,Rapoo M216 Wireless Optical Mouse –,10587,800,https://www.dropshipping.com.bd/public/storage/images/product_thumbnail_img/thumb_69978006298d0.jpg
Gadgets & Electronics,Rapoo B20 Silent Wireless Optical M,10586,775,https://www.dropshipping.com.bd/public/storage/images/product_thumbnail_img/thumb_69978005520b3.jpg
Gadgets & Electronics,Rapoo M10 Wireless Optical Mouse –,10584,800,https://www.dropshipping.com.bd/public/storage/images/product_thumbnail_img/thumb_699780041364a.jpg
Gadgets & Electronics,Rapoo 9560M Multi-Mode Wireless Ult,10583,6700,https://www.dropshipping.com.bd/public/storage/images/product_thumbnail_img/thumb_69978003650db.jpg
Gadgets & Electronics,Rapoo 9900M Multi-Mode Wireless Key,10582,6250,https://www.dropshipping.com.bd/public/storage/images/product_thumbnail_img/thumb_69978002af9d3.jpg
Gadgets & Electronics,Rapoo 8210M Multi-Mode Wireless Key,10581,3350,https://www.dropshipping.com.bd/public/storage/images/product_thumbnail_img/thumb_69978001e916f.jpg
Gadgets & Electronics,Rapoo 9500M Multi-Mode Wireless Key,10580,6000,https://www.dropshipping.com.bd/public/storage/images/product_thumbnail_img/thumb_699780011fe87.jpg
Gadgets & Electronics,Rapoo 9010M Multi-Mode Wireless Key,10579,3300,https://www.dropshipping.com.bd/public/storage/images/product_thumbnail_img/thumb_69977ffe07bfc.jpg
Gadgets & Electronics,Rapoo 9350S Multi-Mode Wireless Ult,10578,5400,https://www.dropshipping.com.bd/public/storage/images/product_thumbnail_img/thumb_69977ffd381c5.jpg
Gadgets & Electronics,Rapoo 9050S Multi-Mode Wireless Ult,10577,4800,https://www.dropshipping.com.bd/public/storage/images/product_thumbnail_img/thumb_69977ffc50c92.jpg
Gadgets & Electronics,Rapoo 8000GT Multi-Mode Wireless Ke,10576,2100,https://www.dropshipping.com.bd/public/storage/images/product_thumbnail_img/thumb_69977ffb8c296.jpg
Gadgets & Electronics,Rapoo M100 Multi-Mode Wireless Sile,10575,1300,https://www.dropshipping.com.bd/public/storage/images/product_thumbnail_img/thumb_69977ffac4c5d.jpg
Gadgets & Electronics,Rapoo M200 Multi-Mode Wireless Sile,10574,1550,https://www.dropshipping.com.bd/public/storage/images/product_thumbnail_img/thumb_69977ffa0a726.jpg
Gadgets & Electronics,Rapoo M650 Multi-Mode Wireless Mous,10573,1800,https://www.dropshipping.com.bd/public/storage/images/product_thumbnail_img/thumb_69977ff9302a9.jpg
Gadgets & Electronics,Rapoo M700 Multi-Mode Wireless Mous,10572,2550,https://www.dropshipping.com.bd/public/storage/images/product_thumbnail_img/thumb_69977ff87e103.jpg
Gadgets & Electronics,Rapoo M3M Wireless Business Mouse D,10571,700,https://www.dropshipping.com.bd/public/storage/images/product_thumbnail_img/thumb_69977ff766e88.jpg
Gadgets & Electronics,Rapoo MT560TM Multi-Mode Wireless E,10570,4200,https://www.dropshipping.com.bd/public/storage/images/product_thumbnail_img/thumb_69977ff64f818.jpg
Gadgets & Electronics,Rapoo MT760L Dual-Mode Wireless Mou,10569,5200,https://www.dropshipping.com.bd/public/storage/images/product_thumbnail_img/thumb_69977ff58e8e2.jpg
Gadgets & Electronics,Rechargeable Pocket Flashlight with,10567,649,https://www.dropshipping.com.bd/public/storage/images/product_thumbnail_img/thumb_69977ff3c78bb.jpg
Gadgets & Electronics,WSTER WS-903 Colorful Lighting Mini,10559,649,https://www.dropshipping.com.bd/public/storage/images/product_thumbnail_img/thumb_69977fec6b56b.jpg
Gadgets & Electronics,Z5 RGB MINI RGB PORTABLE WIRELESS B,10558,990,https://www.dropshipping.com.bd/public/storage/images/product_thumbnail_img/thumb_69977feb5388c.jpg
Gadgets & Electronics,V8 Transparent Mechanical TWS Subwo,10557,1349,https://www.dropshipping.com.bd/public/storage/images/product_thumbnail_img/thumb_69d2837fbf693_1775403903.jpg
Gadgets & Electronics,Handheld Portable Desktop Table USB,10556,390,https://www.dropshipping.com.bd/public/storage/images/product_thumbnail_img/thumb_69d3bc696a2ef_1775484009.jpg
Gadgets & Electronics,J-iPOK P331 Car-Shaped Wireless Spe,10555,1299,https://www.dropshipping.com.bd/public/storage/images/product_thumbnail_img/thumb_69977fe831928.jpg
Gadgets & Electronics,"USB‑C Mini Lighter  (Tungsten Wire,",10554,299,https://www.dropshipping.com.bd/public/storage/images/product_thumbnail_img/thumb_69977fe709118.jpg
Gadgets & Electronics,ALLYES LED Rechargeable Flashlight,10553,799,https://www.dropshipping.com.bd/public/storage/images/product_thumbnail_img/thumb_69977fe5cc29b.jpg
Gadgets & Electronics,Gear-Up Traveller Light LED Torch 1,10544,990,https://www.dropshipping.com.bd/public/storage/images/product_thumbnail_img/thumb_69995c2a4fd18_1771658282.jpg
Gadgets & Electronics,JBL Flip 7+ Portable Bluetooth Spea,10542,1999,https://www.dropshipping.com.bd/public/storage/images/product_thumbnail_img/thumb_69d36789ba6c2_1775462281.jpg
Gadgets & Electronics,LP‑V98 Wireless Bluetooth Portable,10541,1090,https://www.dropshipping.com.bd/public/storage/images/product_thumbnail_img/thumb_69977fd7ced2e.jpg
Gadgets & Electronics,LP‑V99 Wireless Bluetooth Portable,10540,1090,https://www.dropshipping.com.bd/public/storage/images/product_thumbnail_img/thumb_69d3402a76b4c_1775452202.jpg
Gadgets & Electronics,NEW M25 Outdoor Wireless DJ Two-in-,10539,1790,https://www.dropshipping.com.bd/public/storage/images/product_thumbnail_img/thumb_699eb8aba32d0_1772009643.jpg
Gadgets & Electronics,Hoco MMJ10 Wireless Speaker | 1.5-H,10537,1449,https://www.dropshipping.com.bd/public/storage/images/product_thumbnail_img/thumb_69977fd28e9e7.jpg
Gadgets & Electronics,Hoco MMJ‑12 50000mAh 22.5W Fast Cha,10536,3290,https://www.dropshipping.com.bd/public/storage/images/product_thumbnail_img/thumb_69d1336773f1e_1775317863.jpg
Gadgets & Electronics,H58 Sensing Model Wireless Charger,10535,1049,https://www.dropshipping.com.bd/public/storage/images/product_thumbnail_img/thumb_69977fd0048c2.jpg
Gadgets & Electronics,Positioner Precise GJ-030 Infinite,10521,950,https://www.dropshipping.com.bd/public/storage/images/product_thumbnail_img/thumb_69977fbfbe058.jpg
Gadgets & Electronics,SX21-New 2-in-1 Wireless Lavalier M,10508,1390,https://www.dropshipping.com.bd/public/storage/images/product_thumbnail_img/thumb_69a45cff12e1d_1772379391.jpg
Gadgets & Electronics,Auto Door Closer – Punch-Free Autom,10505,290,https://www.dropshipping.com.bd/public/storage/images/product_thumbnail_img/thumb_69977fb519023.jpg
Gadgets & Electronics,"Baseus power bank, a portable charg",10310,3999,https://www.dropshipping.com.bd/public/storage/images/product_thumbnail_img/thumb_69c93151479ce_1774793041.jpg
Gadgets & Electronics,Car & Home Massage Pillow Model: 80,10238,1190,https://www.dropshipping.com.bd/public/storage/images/product_thumbnail_img/thumb_69977f05b472b.jpg
Gadgets & Electronics,CLEAN 8088 Sweepin Robot,10237,1090,https://www.dropshipping.com.bd/public/storage/images/product_thumbnail_img/thumb_69d1f575d7373_1775367541.jpg
Gadgets & Electronics,Kgtel K1 Slim Folding Phone,10214,2050,https://www.dropshipping.com.bd/public/storage/images/product_thumbnail_img/thumb_699f0dc5accc4_1772031429.jpg
Gadgets & Electronics,360 Degree Rotation Phone Holder St,10128,250,https://www.dropshipping.com.bd/public/storage/images/product_thumbnail_img/thumb_69977eba295ec.jpg
Gadgets & Electronics,Lifting Folding Desktop Bracket Des,10127,250,https://www.dropshipping.com.bd/public/storage/images/product_thumbnail_img/thumb_69977eb8b9108.jpg
Gadgets & Electronics,BS-55D Portable High-quality Wirele,10126,1350,https://www.dropshipping.com.bd/public/storage/images/product_thumbnail_img/thumb_69977eb7dcf33.jpg
Gadgets & Electronics,Bytwo M25 Antina Power Bank Phone F,10125,2490,https://www.dropshipping.com.bd/public/storage/images/product_thumbnail_img/thumb_69d281da03596_1775403482.jpg
Gadgets & Electronics,MiLi MiTag,10117,890,https://www.dropshipping.com.bd/public/storage/images/product_thumbnail_img/thumb_69d262742a04b_1775395444.jpg
Gadgets & Electronics,T-Source T203 Dual Display Folding,10114,2150,https://www.dropshipping.com.bd/public/storage/images/product_thumbnail_img/thumb_69d21519f0262_1775375641.jpg
Gadgets & Electronics,T-Source T203 Dual Display Folding,10113,2150,https://www.dropshipping.com.bd/public/storage/images/product_thumbnail_img/thumb_69d20bba24a01_1775373242.jpg
Gadgets & Electronics,"Mini Sewing Machine, Model CGSM-202",10001,1040,https://www.dropshipping.com.bd/public/storage/images/product_thumbnail_img/thumb_69d0e7b2f1cd6_1775298482.jpg
Gadgets & Electronics,Plokama Live P9 Pro Live Broadcast,9982,1500,https://www.dropshipping.com.bd/public/storage/images/product_thumbnail_img/thumb_69977e3787647.jpg
Gadgets & Electronics,TDK KT2200+ GSM Dual SIM Corded Hom,9927,2990,https://www.dropshipping.com.bd/public/storage/images/product_thumbnail_img/thumb_69b034c2dc118_1773155522.jpg
Gadgets & Electronics,Plextone EX2 Ultra RGB Magnetic Rad,9926,1500,https://www.dropshipping.com.bd/public/storage/images/product_thumbnail_img/thumb_69b2d086ebb5a_1773326470.jpg
Gadgets & Electronics,Key Features of Memo CX10 Mobile Ph,9925,1590,https://www.dropshipping.com.bd/public/storage/images/product_thumbnail_img/thumb_69c81aaad6d5a_1774721706.jpg
Gadgets & Electronics,Hoco MMJ-06 22.5W Fully Compatible,9834,2450,https://www.dropshipping.com.bd/public/storage/images/product_thumbnail_img/thumb_69c8229f5ad4f_1774723743.jpg
Gadgets & Electronics,Joyroom JR-PBF12 10000mAh 2.4A LED,9833,990,https://www.dropshipping.com.bd/public/storage/images/product_thumbnail_img/thumb_69d22ee21531e_1775382242.jpg
Gadgets & Electronics,Laser Pointer Rechargeable Light,9831,650,https://www.dropshipping.com.bd/public/storage/images/product_thumbnail_img/thumb_69d3bc2e79494_1775483950.jpg
Gadgets & Electronics,Solar Power 30 LED PIR Motion Senso,9827,690,https://www.dropshipping.com.bd/public/storage/images/product_thumbnail_img/thumb_69d330446bb57_1775448132.jpg
Gadgets & Electronics,Magcubic HY300 Pro 4K Mini Projecto,9813,5400,https://www.dropshipping.com.bd/public/storage/images/product_thumbnail_img/thumb_69977dba8bf3f.jpg
Gadgets & Electronics,Kemei KM-9050 Rechargeable Hair Tri,9798,1060,https://www.dropshipping.com.bd/public/storage/images/product_thumbnail_img/thumb_699981eace8be_1771667946.jpg
Gadgets & Electronics,V380 SQ002 3MP Bulb Camera Wi-Fi IP,9796,1790,https://www.dropshipping.com.bd/public/storage/images/product_thumbnail_img/thumb_69d1f5ee2fbe8_1775367662.jpg
Gadgets & Electronics,Portable Manicure Set (7 Pieces),9793,370,https://www.dropshipping.com.bd/public/storage/images/product_thumbnail_img/thumb_69ce6f62575a2_1775136610.jpg
Gadgets & Electronics,Bossini TS-105 Intercom Telephone,9791,1350,https://www.dropshipping.com.bd/public/storage/images/product_thumbnail_img/thumb_69977dac2afee.jpg
Gadgets & Electronics,Panasonic KX-T7705 T&T Landline Cal,9789,1899,https://www.dropshipping.com.bd/public/storage/images/product_thumbnail_img/thumb_69d12c23b715d_1775316003.jpg
Gadgets & Electronics,Tinstar T666 Dual sim supported Car,9753,2090,https://www.dropshipping.com.bd/public/storage/images/product_thumbnail_img/thumb_69b579d1cb3f8_1773500881.jpg
Gadgets & Electronics,Mercusys MW325R 300Mbps 4 Antenna W,9748,1599,https://www.dropshipping.com.bd/public/storage/images/product_thumbnail_img/thumb_69977d8872fa9.jpg
Gadgets & Electronics,Archer AX15 New AX1500 Wi-Fi 6 Rout,9747,4599,https://www.dropshipping.com.bd/public/storage/images/product_thumbnail_img/thumb_69977d8746400.jpg
Gadgets & Electronics,TP-Link Archer C50 AC1200 Ethernet,9746,2700,https://www.dropshipping.com.bd/public/storage/images/product_thumbnail_img/thumb_69977d861c08e.jpg
Gadgets & Electronics,ASUS RT-N12+ 300Mbps Single Brand R,9745,2700,https://www.dropshipping.com.bd/public/storage/images/product_thumbnail_img/thumb_69977d851d518.jpg
Gadgets & Electronics,300 Mbps Wireless TP-LINK WR850N  R,9743,1990,https://www.dropshipping.com.bd/public/storage/images/product_thumbnail_img/thumb_69977d83d843c.jpg
Gadgets & Electronics,Tp link Deco E4 (1 Pack) AC1200 Dua,9742,3750,https://www.dropshipping.com.bd/public/storage/images/product_thumbnail_img/thumb_69977d83002a9.jpg
Gadgets & Electronics,Vmax V51 Mini Phone Magic Voice(Yel,9739,1450,https://www.dropshipping.com.bd/public/storage/images/product_thumbnail_img/thumb_69b579d497d62_1773500884.jpg
Gadgets & Electronics,Cute Cartoon 3D Silicone Protective,9736,1050,https://www.dropshipping.com.bd/public/storage/images/product_thumbnail_img/thumb_69b6e555c1fa8_1773593941.jpg
Gadgets & Electronics,UNI-T UT33B+ Digital Multimeter (Pa,9696,1250,https://www.dropshipping.com.bd/public/storage/images/product_thumbnail_img/thumb_69ca805b9bfef_1774878811.jpg
Gadgets & Electronics,LP V50 Wireless Bluetooth Speaker W,9689,1690,https://www.dropshipping.com.bd/public/storage/images/product_thumbnail_img/thumb_69977d50334a6.jpg
Gadgets & Electronics,Double Sided Magnetic Window Cleane,9679,750,https://www.dropshipping.com.bd/public/storage/images/product_thumbnail_img/thumb_69995b78bda30_1771658104.jpg
Gadgets & Electronics,Portable Scale Digital LCD Display,9639,590,https://www.dropshipping.com.bd/public/storage/images/product_thumbnail_img/thumb_69977d28d235d.jpg
Gadgets & Electronics,Gretel G7 Flip Folding Phone Dual D,9622,2690,https://www.dropshipping.com.bd/public/storage/images/product_thumbnail_img/thumb_69977d180eb82.jpg
Gadgets & Electronics,Hoco BS52 20W Colorful Karaoke Blue,9620,4800,https://www.dropshipping.com.bd/public/storage/images/product_thumbnail_img/thumb_69977d1620ffc.jpg
Gadgets & Electronics,New Mini 220ML Air Humidifier USB A,9618,550,https://www.dropshipping.com.bd/public/storage/images/product_thumbnail_img/thumb_69977d1365db7.jpg
Gadgets & Electronics,KISONLI M-1 Wireless Folding Bracke,9577,1290,https://www.dropshipping.com.bd/public/storage/images/product_thumbnail_img/thumb_69977cf7d9082.jpg
Gadgets & Electronics,JR-MW02 40W Bluetooth Wireless Spea,9552,7500,https://www.dropshipping.com.bd/public/storage/images/product_thumbnail_img/thumb_69977ce2622d2.jpg
Gadgets & Electronics,Anker 312 30W USB-C Charger,9551,1300,https://www.dropshipping.com.bd/public/storage/images/product_thumbnail_img/thumb_69977ce1a8781.jpg
Gadgets & Electronics,Joyroom JR-L002 22.5W 10000mAh Jell,9548,1750,https://www.dropshipping.com.bd/public/storage/images/product_thumbnail_img/thumb_69d2628a4d460_1775395466.jpg
Gadgets & Electronics,Astana  HS220 Stereo Headset And Mi,9520,1250,https://www.dropshipping.com.bd/public/storage/images/product_thumbnail_img/thumb_69a45ce27cbb7_1772379362.jpg
Gadgets & Electronics,KOLEER S218 Bluetooth  Speaker With,9510,1490,https://www.dropshipping.com.bd/public/storage/images/product_thumbnail_img/thumb_69977cc8853c4.jpg
Gadgets & Electronics,K98 Rotating Foldable Cell Phone St,9508,990,https://www.dropshipping.com.bd/public/storage/images/product_thumbnail_img/thumb_69977cc6ac631.jpg
Gadgets & Electronics,JR-TCF10 32W 2C1A Fast Charger-Blac,9429,1450,https://www.dropshipping.com.bd/public/storage/images/product_thumbnail_img/thumb_69977c8b7188d.jpg
Gadgets & Electronics,Joyroom S-CC100A10 100W Nylon Type-,9428,450,https://www.dropshipping.com.bd/public/storage/images/product_thumbnail_img/thumb_69977c8abf13c.jpg
Gadgets & Electronics,JR-EC07 TYPE-C Series Half In-Ear W,9427,680,https://www.dropshipping.com.bd/public/storage/images/product_thumbnail_img/thumb_69977c8973c26.jpg
Gadgets & Electronics,HOCO. Power Bank J144A Fast Charge,9416,2150,https://www.dropshipping.com.bd/public/storage/images/product_thumbnail_img/thumb_69977c80ea8f5.jpg
Gadgets & Electronics,HOCO J142 22.5W+PD20W Fast Charging,9415,6490,https://www.dropshipping.com.bd/public/storage/images/product_thumbnail_img/thumb_69d3c63a57a8f_1775486522.jpg
Gadgets & Electronics,Jmary MW-15 | 2.4G Wireless Microph,9359,2400,https://www.dropshipping.com.bd/public/storage/images/product_thumbnail_img/thumb_69afad4aae602_1773120842.jpg
Gadgets & Electronics,Moxx MDC-3C 3 in 1 120 Watt 100 mm,9233,450,https://www.dropshipping.com.bd/public/storage/images/product_thumbnail_img/thumb_69d1310fc51da_1775317263.jpg
Gadgets & Electronics,X-528  Sound System Support FM Radi,9186,750,https://www.dropshipping.com.bd/public/storage/images/product_thumbnail_img/thumb_699f0de73611d_1772031463.jpg
Gadgets & Electronics,"X-521 Bluetooth, USB, SD Card & FM",9183,790,https://www.dropshipping.com.bd/public/storage/images/product_thumbnail_img/thumb_69a30248f09e1_1772290632.jpg
Gadgets & Electronics,Awei F29 Compact Strong Wind Rechar,9181,1690,https://www.dropshipping.com.bd/public/storage/images/product_thumbnail_img/thumb_69cd55e035ec3_1775064544.jpg
Gadgets & Electronics,KA12 60W Outdoor Bluetooth Speaker,8967,8500,https://www.dropshipping.com.bd/public/storage/images/product_thumbnail_img/thumb_69977b31c7d78.jpg
Gadgets & Electronics,Double Head Massage Gun Beauty Heal,8953,1090,https://www.dropshipping.com.bd/public/storage/images/product_thumbnail_img/thumb_69977b27e2da8.jpg
Gadgets & Electronics,Awei T71 TWS Earbuds V Bluetooth 5.,8952,1050,https://www.dropshipping.com.bd/public/storage/images/product_thumbnail_img/thumb_69977b2656dff.jpg
Gadgets & Electronics,Awei T50 Wireless Headphones Blueto,8950,1150,https://www.dropshipping.com.bd/public/storage/images/product_thumbnail_img/thumb_69c939100e313_1774795024.jpg
Gadgets & Electronics,Awei T51 True Wireless Bluetooth Ea,8947,1250,https://www.dropshipping.com.bd/public/storage/images/product_thumbnail_img/thumb_69977b2164ad0.jpg
Gadgets & Electronics,Awei T62 4 Mic ENC Earphones Blueto,8946,1250,https://www.dropshipping.com.bd/public/storage/images/product_thumbnail_img/thumb_69b6faaba5ab2_1773599403.jpg
Gadgets & Electronics,Awei T52 ANC TWS Wireless Earbuds C,8943,1690,https://www.dropshipping.com.bd/public/storage/images/product_thumbnail_img/thumb_69cc153da068a_1774982461.jpg
Gadgets & Electronics,Awei T53 ANC TWS Gen-Z Special Edit,8942,1500,https://www.dropshipping.com.bd/public/storage/images/product_thumbnail_img/thumb_69977b1ab8de0.jpg
Gadgets & Electronics,uosen multi-functional electrical s,8935,600,https://www.dropshipping.com.bd/public/storage/images/product_thumbnail_img/thumb_69977b1570cfb.jpg
Gadgets & Electronics,MOXX Type-C to Type C 60W fast char,9161,380,https://www.dropshipping.com.bd/public/storage/images/product_thumbnail_img/thumb_69977bbf26c3c.jpg
Gadgets & Electronics,UiiSii N13 Bluetooth Neckband Earph,9160,990,https://www.dropshipping.com.bd/public/storage/images/product_thumbnail_img/thumb_69977bbdbb4bd.jpg
Gadgets & Electronics,MOXX USB to Type C 20W fast chargin,9159,350,https://www.dropshipping.com.bd/public/storage/images/product_thumbnail_img/thumb_69977bbd26e81.jpg
Gadgets & Electronics,MOXX Music Type-C Earphone (MO-16c),9158,499,https://www.dropshipping.com.bd/public/storage/images/product_thumbnail_img/thumb_69977bbc1f59b.jpg
Gadgets & Electronics,MOXX MO-12 Universal Earphone,9157,450,https://www.dropshipping.com.bd/public/storage/images/product_thumbnail_img/thumb_69977bba9a90a.jpg
Gadgets & Electronics,MOXX Stereo Earphone (MO-11)| Super,9156,499,https://www.dropshipping.com.bd/public/storage/images/product_thumbnail_img/thumb_69977bb9390bf.jpg
Gadgets & Electronics,Moxx mp -02 power bank 22.5W PD 100,9154,1700,https://www.dropshipping.com.bd/public/storage/images/product_thumbnail_img/thumb_69977bb8021d5.jpg
Gadgets & Electronics,10000 mAh 22.5W Power Bank MP-19 fr,9137,1550,https://www.dropshipping.com.bd/public/storage/images/product_thumbnail_img/thumb_69977bac504a2.jpg
Gadgets & Electronics,Moxx BN-300 Enc Neckband,9134,1299,https://www.dropshipping.com.bd/public/storage/images/product_thumbnail_img/thumb_69977baa732e8.jpg
Gadgets & Electronics,MOXX Wireless Neckband (BN-100),9132,900,https://www.dropshipping.com.bd/public/storage/images/product_thumbnail_img/thumb_69977ba8de9ae.jpg
Gadgets & Electronics,MOXX WIRELESS NECKBAND HEADPHONE |,9131,800,https://www.dropshipping.com.bd/public/storage/images/product_thumbnail_img/thumb_69977ba7ee813.jpg
Gadgets & Electronics,MOXX FIREBUDS | ACTIVE ENC | HD CAL,9130,1400,https://www.dropshipping.com.bd/public/storage/images/product_thumbnail_img/thumb_69977ba7124b4.jpg
Gadgets & Electronics,MOXX MPOD PRO ANC | UNIVERSAL ANC A,9126,1800,https://www.dropshipping.com.bd/public/storage/images/product_thumbnail_img/thumb_69977ba31b902.jpg
Gadgets & Electronics,MOXX Wireless Headset Earbuds (MA-0,9011,1080,https://www.dropshipping.com.bd/public/storage/images/product_thumbnail_img/thumb_69977b55eb923.jpg
Gadgets & Electronics,Telescopic Zoom LED Flashlight,9000,1290,https://www.dropshipping.com.bd/public/storage/images/product_thumbnail_img/thumb_69d3303ed72b9_1775448126.jpg
Gadgets & Electronics,Plokama CL-20 Phone Clip Head For C,8920,550,https://www.dropshipping.com.bd/public/storage/images/product_thumbnail_img/thumb_69977b09d627a.jpg
Gadgets & Electronics,Awei T61 Wireless Bluetooth ENC Ear,8898,1350,https://www.dropshipping.com.bd/public/storage/images/product_thumbnail_img/thumb_69977af5a5488.jpg
Gadgets & Electronics,Awei T56 ANC Earbuds with LED Touch,8893,2050,https://www.dropshipping.com.bd/public/storage/images/product_thumbnail_img/thumb_69c953c60af0a_1774801862.jpg
Gadgets & Electronics,JMARY KT-239 1.75M Handheld stick s,8876,1150,https://www.dropshipping.com.bd/public/storage/images/product_thumbnail_img/thumb_69977ae46e237.jpg
Gadgets & Electronics,Awei AT8 Bluetooth Wireless Headpho,8867,1100,https://www.dropshipping.com.bd/public/storage/images/product_thumbnail_img/thumb_699961caa149a_1771659722.jpg
Gadgets & Electronics,Awei AT7 Bluetooth wireless headpho,8866,1390,https://www.dropshipping.com.bd/public/storage/images/product_thumbnail_img/thumb_69977adac6094.jpg
Gadgets & Electronics,Awei A997BL Wireless Headphones Blu,8865,2150,https://www.dropshipping.com.bd/public/storage/images/product_thumbnail_img/thumb_69977ada0a160.jpg
Gadgets & Electronics,Awei A997 PRO ANC Wireless Stereo H,8864,2300,https://www.dropshipping.com.bd/public/storage/images/product_thumbnail_img/thumb_69977ad91bb36.jpg
Gadgets & Electronics,Awei CL-115 USB Type C/Lighting/Mic,8863,190,https://www.dropshipping.com.bd/public/storage/images/product_thumbnail_img/thumb_69977ad865c88.jpg
Gadgets & Electronics,AWEI CL-139T Smart Fast charger Cab,8862,580,https://www.dropshipping.com.bd/public/storage/images/product_thumbnail_img/thumb_69977ad79024f.jpg
Gadgets & Electronics,Awei CL-113T USB C Cable 5A Fast Ch,8860,190,https://www.dropshipping.com.bd/public/storage/images/product_thumbnail_img/thumb_69977ad615a58.jpg
Gadgets & Electronics,Awei P6K 20000mAh Double USB Output,8851,1590,https://www.dropshipping.com.bd/public/storage/images/product_thumbnail_img/thumb_69b5b4300d227_1773515824.jpg
Gadgets & Electronics,Awei Y887 Portable Bluetooth Outdoo,8704,3800,https://www.dropshipping.com.bd/public/storage/images/product_thumbnail_img/thumb_69cab31c27cee_1774891804.jpg
Gadgets & Electronics,Awei Y382 Portable Bluetooth Speake,8703,2000,https://www.dropshipping.com.bd/public/storage/images/product_thumbnail_img/thumb_69977a7c765d1.jpg
Gadgets & Electronics,Awei KA19 360° Stereo Sound Bluetoo,8702,2000,https://www.dropshipping.com.bd/public/storage/images/product_thumbnail_img/thumb_69977a7b49bf4.jpg
Gadgets & Electronics,Awei KA1 TWS Bluetooth Speaker IPX5,8700,1890,https://www.dropshipping.com.bd/public/storage/images/product_thumbnail_img/thumb_69d34157b63e4_1775452503.jpg
Gadgets & Electronics,Awei KA6 Mini Wireless Powerful Blu,8699,1890,https://www.dropshipping.com.bd/public/storage/images/product_thumbnail_img/thumb_69977a7920724.jpg
Gadgets & Electronics,Awei Y370 Portable Original Bluetoo,8673,3290,https://www.dropshipping.com.bd/public/storage/images/product_thumbnail_img/thumb_69cc256c1b668_1774986604.jpg
Gadgets & Electronics,AWEI KA32 Bluetooth Speaker Pairing,8670,2700,https://www.dropshipping.com.bd/public/storage/images/product_thumbnail_img/thumb_69977a633c549.jpg
Gadgets & Electronics,Awei Y331 Portable Bluetooth 5.0 Sp,8669,2900,https://www.dropshipping.com.bd/public/storage/images/product_thumbnail_img/thumb_69977a6278dbb.jpg
Gadgets & Electronics,Awei Y788 LED Flashing Soundbar Blu,8667,2750,https://www.dropshipping.com.bd/public/storage/images/product_thumbnail_img/thumb_69977a60dfaa2.jpg
Gadgets & Electronics,Awei Y200 Portable Wireless  Speake,8660,2200,https://www.dropshipping.com.bd/public/storage/images/product_thumbnail_img/thumb_69995b76e2595_1771658102.jpg
Gadgets & Electronics,3 In 1 Air Cooling USB Fan with LED,8659,1490,https://www.dropshipping.com.bd/public/storage/images/product_thumbnail_img/thumb_69d3c945d14f6_1775487301.jpg
Gadgets & Electronics,AWEI Y379 5W Mini Portable Outdoors,8658,1950,https://www.dropshipping.com.bd/public/storage/images/product_thumbnail_img/thumb_69977a58d9795.jpg
Gadgets & Electronics,Awei Y900 Mini Wireless Speaker 4.5,8657,1650,https://www.dropshipping.com.bd/public/storage/images/product_thumbnail_img/thumb_69977a57de70a.jpg
Gadgets & Electronics,𝐋𝐄𝐃 𝐏𝐥𝐚𝐬𝐭𝐢𝐜 𝐍𝐢𝐠𝐡𝐭 𝐋,8607,650,https://www.dropshipping.com.bd/public/storage/images/product_thumbnail_img/thumb_69a886d1bfb8b_1772652241.jpg
Gadgets & Electronics,𝐏𝐨𝐫𝐭𝐚𝐛𝐥𝐞 𝐋𝐢𝐠𝐡𝐭 𝐇𝐮𝐦�,8604,1870,https://www.dropshipping.com.bd/public/storage/images/product_thumbnail_img/thumb_69977a38d60e4.jpg
Gadgets & Electronics,𝟑 𝐈𝐧 𝟏 𝐖𝐢𝐫𝐞𝐥𝐞𝐬𝐬 𝐋𝐚𝐯�,8582,1090,https://www.dropshipping.com.bd/public/storage/images/product_thumbnail_img/thumb_69977a249b00e.jpg
Gadgets & Electronics,𝐃𝐏 𝟕𝟔𝟐𝟒 𝐑𝐞𝐜𝐡𝐚𝐫𝐠𝐞𝐚𝐛�,8565,1690,https://www.dropshipping.com.bd/public/storage/images/product_thumbnail_img/thumb_69977a0f50c58.jpg
Gadgets & Electronics,𝐏𝐨𝐫𝐭𝐚𝐛𝐥𝐞 𝐅𝐚𝐧 𝐏𝐞𝐫𝐬𝐨�,8564,690,https://www.dropshipping.com.bd/public/storage/images/product_thumbnail_img/thumb_69d3c50f35f86_1775486223.jpg
Gadgets & Electronics,𝐒𝐗𝟖𝟓 𝐃𝐮𝐚𝐥 𝐖𝐢𝐫𝐞𝐥𝐞𝐬𝐬,8562,2499,https://www.dropshipping.com.bd/public/storage/images/product_thumbnail_img/thumb_69b579d729d94_1773500887.jpg
Gadgets & Electronics,HTC AT-1103B Electric Hair Trimmer,8560,850,https://www.dropshipping.com.bd/public/storage/images/product_thumbnail_img/thumb_69a91f6628712_1772691302.jpg
Gadgets & Electronics,Multi-functiona Cable Wire Stripper,8555,899,https://www.dropshipping.com.bd/public/storage/images/product_thumbnail_img/thumb_69ce6f2bb9b6d_1775136555.jpg
Gadgets & Electronics,𝐍𝐢𝐲𝐚𝐦𝐚 𝐍𝐄𝐁-𝟐𝟓𝟎𝟏 𝐄𝐥𝐞,8554,2890,https://www.dropshipping.com.bd/public/storage/images/product_thumbnail_img/thumb_69977a048cac4.jpg
Gadgets & Electronics,𝐁𝐎𝐘𝐀 𝐁𝐘-𝐌𝐖𝟑 𝐖𝐢𝐫𝐞𝐥𝐞𝐬,8553,1100,https://www.dropshipping.com.bd/public/storage/images/product_thumbnail_img/thumb_69c93154f16c7_1774793044.jpg
Gadgets & Electronics,Mini Clip Fan,8537,950,https://www.dropshipping.com.bd/public/storage/images/product_thumbnail_img/thumb_699779f4a682c.jpg
Gadgets & Electronics,Double Motor Folding Table Top Fan,8534,1150,https://www.dropshipping.com.bd/public/storage/images/product_thumbnail_img/thumb_699779f14bb57.jpg
Gadgets & Electronics,Mini USB 2.0 3D Virtual 480Mbps Ext,8529,249,https://www.dropshipping.com.bd/public/storage/images/product_thumbnail_img/thumb_699779ee7331c.jpg
Gadgets & Electronics,New MICRO USB OTG Cable Converter,8523,160,https://www.dropshipping.com.bd/public/storage/images/product_thumbnail_img/thumb_699779e834ff7.jpg
Gadgets & Electronics,New Car Phone Holder Accessories 36,8522,650,https://www.dropshipping.com.bd/public/storage/images/product_thumbnail_img/thumb_699779e6a02b5.jpg
Gadgets & Electronics,3 1 Mini Room Mobile Phones Smart P,8521,1900,https://www.dropshipping.com.bd/public/storage/images/product_thumbnail_img/thumb_699fee47b8b96_1772088903.jpg
Gadgets & Electronics,Wrader X808 Wireless Stereo Woofer,8520,1030,https://www.dropshipping.com.bd/public/storage/images/product_thumbnail_img/thumb_699779e433c2b.jpg
Gadgets & Electronics,Waterproof Outdoor V380 Pro IP Came,8517,2200,https://www.dropshipping.com.bd/public/storage/images/product_thumbnail_img/thumb_69b248168525a_1773291542.jpg
Gadgets & Electronics,Kemei km-2291 Hair Trimmer,8514,2249,https://www.dropshipping.com.bd/public/storage/images/product_thumbnail_img/thumb_69a45ce7e5aea_1772379367.jpg
Gadgets & Electronics,Kemei KM-1251 Professional Hair Cli,8509,849,https://www.dropshipping.com.bd/public/storage/images/product_thumbnail_img/thumb_699779d7d8bef.jpg
Gadgets & Electronics,HTC AT-509 Rechargeable Men’s Beard,8506,899,https://www.dropshipping.com.bd/public/storage/images/product_thumbnail_img/thumb_69a889de33fd6_1772653022.jpg
Gadgets & Electronics,M19 Earphone Bluetooth Wireless Hea,8475,699,https://www.dropshipping.com.bd/public/storage/images/product_thumbnail_img/thumb_69d1121379a9f_1775309331.jpg
Gadgets & Electronics,M20 Pro Earphone Bluetooth Wireless,8474,699,https://www.dropshipping.com.bd/public/storage/images/product_thumbnail_img/thumb_69b13565e9d79_1773221221.jpg
Gadgets & Electronics,Micro Music MM-D9 Multimedia Speake,8470,690,https://www.dropshipping.com.bd/public/storage/images/product_thumbnail_img/thumb_69d3c51077235_1775486224.jpg
Gadgets & Electronics,"KOLEER S29 Bluetooth, USB, SD Card",8395,900,https://www.dropshipping.com.bd/public/storage/images/product_thumbnail_img/thumb_6997797b83dab.jpg
Gadgets & Electronics,"Premium Combo  Attar,Tajbee & Mini",8304,550,https://www.dropshipping.com.bd/public/storage/images/product_thumbnail_img/thumb_699779335ebfd.jpg
Gadgets & Electronics,Speed-X IP Camera Wifi Wireless 2mp,8201,4200,https://www.dropshipping.com.bd/public/storage/images/product_thumbnail_img/thumb_699778f6181e5.jpg
Gadgets & Electronics,CCTV Camera V380 Pro HD 1080P WiFi,8188,1690,https://www.dropshipping.com.bd/public/storage/images/product_thumbnail_img/thumb_69cbd48eb5f22_1774965902.jpg
Gadgets & Electronics,Exclusive plug in Quran Illuminated,8171,990,https://www.dropshipping.com.bd/public/storage/images/product_thumbnail_img/thumb_69d1125ec8ac2_1775309406.jpg
Gadgets & Electronics,V380 Pro Dual Lans Wifi Camera 1080,8125,1990,https://www.dropshipping.com.bd/public/storage/images/product_thumbnail_img/thumb_69d3bc622eab9_1775484002.jpg
Gadgets & Electronics,Cute D desk Lamp,7977,550,https://www.dropshipping.com.bd/public/storage/images/product_thumbnail_img/thumb_69d3c45a7225e_1775486042.jpg
Gadgets & Electronics,Cute Desk Lamp with Pen Holder,7972,550,https://www.dropshipping.com.bd/public/storage/images/product_thumbnail_img/thumb_69b5b19a28cf8_1773515162.jpg
Gadgets & Electronics,LED Desk Lamp,7961,390,https://www.dropshipping.com.bd/public/storage/images/product_thumbnail_img/thumb_69cab13b57ca2_1774891323.jpg
Gadgets & Electronics,Nail Clipper Kit Stainless steel,7893,520,https://www.dropshipping.com.bd/public/storage/images/product_thumbnail_img/thumb_6997780ea6d12.jpg
Gadgets & Electronics,Folding Pocket Keyboard,7885,1890,https://www.dropshipping.com.bd/public/storage/images/product_thumbnail_img/thumb_699778070f426.jpg
Gadgets & Electronics,Beautiful Color Islmic Items Muslim,7714,50,https://www.dropshipping.com.bd/public/storage/images/product_thumbnail_img/thumb_699777bc41a8d.jpg
Gadgets & Electronics,12 pieces halal attar/12 pcs Attar,7711,450,https://www.dropshipping.com.bd/public/storage/images/product_thumbnail_img/thumb_69a7113c68fb8_1772556604.jpg
Gadgets & Electronics,Quran Box for Wall with Hangers,7568,890,https://www.dropshipping.com.bd/public/storage/images/product_thumbnail_img/thumb_69c821726ea17_1774723442.jpg
Gadgets & Electronics,5 in 1 Mobile Game Combo Pack ( Pho,7418,1990,https://www.dropshipping.com.bd/public/storage/images/product_thumbnail_img/thumb_69d1e639d5c7b_1775363641.jpg
Gadgets & Electronics,Wireless Mouse,7402,570,https://www.dropshipping.com.bd/public/storage/images/product_thumbnail_img/thumb_69977704ef05c.jpg
Gadgets & Electronics,A4tech OP-720  Wired Mouse,7400,499,https://www.dropshipping.com.bd/public/storage/images/product_thumbnail_img/thumb_6997770377ce6.jpg
Gadgets & Electronics,Apple AirPods Pro 2rd gen ANC in ea,3911,1200,https://www.dropshipping.com.bd/public/storage/images/product_thumbnail_img/thumb_69d0f27c4c10c_1775301244.jpg
Gadgets & Electronics,JBL GO 4 Portable Bluetooth Speaker,7393,990,https://www.dropshipping.com.bd/public/storage/images/product_thumbnail_img/thumb_69d28380d332b_1775403904.jpg
Gadgets & Electronics,RGBB 699GS RGB  usb Keyboard Mouse,7328,990,https://www.dropshipping.com.bd/public/storage/images/product_thumbnail_img/thumb_69aee86d3f505_1773070445.jpg
Gadgets & Electronics,Wireless Set Keyboard and Mouse  KM,7327,990,https://www.dropshipping.com.bd/public/storage/images/product_thumbnail_img/thumb_69d284aa1c6b4_1775404202.jpg
Gadgets & Electronics,Game Valley CP72 USB optical mouse,7325,350,https://www.dropshipping.com.bd/public/storage/images/product_thumbnail_img/thumb_69c82175a3c24_1774723445.jpg
Gadgets & Electronics,Portable Wireless Nbs-11 Bluetooth,4172,450,https://www.dropshipping.com.bd/public/storage/images/product_thumbnail_img/thumb_69976f409ecba.jpg
Gadgets & Electronics,Rechargeable Wireless Portable Spea,4171,520,https://www.dropshipping.com.bd/public/storage/images/product_thumbnail_img/thumb_69d26237e8b30_1775395383.jpg
Gadgets & Electronics,Mini Boost Harmonic Distortion Thun,4170,399,https://www.dropshipping.com.bd/public/storage/images/product_thumbnail_img/thumb_69d111e4ebe07_1775309284.jpg
Gadgets & Electronics,Portable Wireless Nbs-11 Bluetooth,4169,490,https://www.dropshipping.com.bd/public/storage/images/product_thumbnail_img/thumb_69976f3dc1b14.jpg
Gadgets & Electronics,USB Charging Powerful Flashlight 38,4158,350,https://www.dropshipping.com.bd/public/storage/images/product_thumbnail_img/thumb_69d214a19f9b2_1775375521.jpg
Gadgets & Electronics,Maxline 6 Feet=2M 2 USB Port Multip,4137,490,https://www.dropshipping.com.bd/public/storage/images/product_thumbnail_img/thumb_69976f21bd09c.jpg
Gadgets & Electronics,Maxline ML-604 4 USB Ports 2 Socket,4135,500,https://www.dropshipping.com.bd/public/storage/images/product_thumbnail_img/thumb_69976f201b5fe.jpg
Gadgets & Electronics,Maxline ML 804 4 USB Fast Charging,4134,950,https://www.dropshipping.com.bd/public/storage/images/product_thumbnail_img/thumb_69c22b31d727f_1774332721.jpg
Gadgets & Electronics,Aluminum Alloy Adjustable Portable,4123,650,https://www.dropshipping.com.bd/public/storage/images/product_thumbnail_img/thumb_69d33a8b1b9a6_1775450763.jpg
Gadgets & Electronics,Rechargeable Dua Door Bell,4067,1050,https://www.dropshipping.com.bd/public/storage/images/product_thumbnail_img/thumb_69b041051685d_1773158661.jpg
Gadgets & Electronics,Islamic Calling Bell,4066,990,https://www.dropshipping.com.bd/public/storage/images/product_thumbnail_img/thumb_69cd301fd24ff_1775054879.jpg
Gadgets & Electronics,Professional DT830 Digital Multimet,4044,390,https://www.dropshipping.com.bd/public/storage/images/product_thumbnail_img/thumb_69b6d8542f5f6_1773590612.jpg
Gadgets & Electronics,K-28 Long Video Stand Cum Selfie St,3995,1500,https://www.dropshipping.com.bd/public/storage/images/product_thumbnail_img/thumb_69c8167565806_1774720629.jpg
Gadgets & Electronics,Adjustable and Foldable Desktop Mob,3988,320,https://www.dropshipping.com.bd/public/storage/images/product_thumbnail_img/thumb_69976ea754f0a.jpg
Gadgets & Electronics,Anti-lost keychain with Mobile Numb,3987,180,https://www.dropshipping.com.bd/public/storage/images/product_thumbnail_img/thumb_69976ea6393a0.jpg
Gadgets & Electronics,Wireless Motion Sensor Led Wall Nig,3985,430,https://www.dropshipping.com.bd/public/storage/images/product_thumbnail_img/thumb_69d288316502c_1775405105.jpg
Gadgets & Electronics,Multi-functional Outdoor Keychain L,3978,240,https://www.dropshipping.com.bd/public/storage/images/product_thumbnail_img/thumb_69b2d316c7aac_1773327126.jpg
Gadgets & Electronics,Digital Count Tashbih with Qibla Co,3973,450,https://www.dropshipping.com.bd/public/storage/images/product_thumbnail_img/thumb_69a90f39cc8b1_1772687161.jpg
Gadgets & Electronics,Video -Making Tripod Kit For Live B,3970,790,https://www.dropshipping.com.bd/public/storage/images/product_thumbnail_img/thumb_69d33feda717b_1775452141.jpg
Gadgets & Electronics,Smart Mini Neck Massager Portable E,3876,430,https://www.dropshipping.com.bd/public/storage/images/product_thumbnail_img/thumb_69d111bfdd598_1775309247.jpg
Gadgets & Electronics,Doublepow AA 600mAh NiMH Rechargeab,3780,680,https://www.dropshipping.com.bd/public/storage/images/product_thumbnail_img/thumb_69976e0124a22.jpg
Gadgets & Electronics,Doublepow AA 1200mAh NiMH Rechargea,3778,750,https://www.dropshipping.com.bd/public/storage/images/product_thumbnail_img/thumb_69976dff1cd5f.jpg
Gadgets & Electronics,Vintage T9 Hair Cutting Machine Hai,3506,590,https://www.dropshipping.com.bd/public/storage/images/product_thumbnail_img/thumb_69d26271c432b_1775395441.jpg
Gadgets & Electronics,HTC AT-528 Beard Trimmer And Hair C,3505,700,https://www.dropshipping.com.bd/public/storage/images/product_thumbnail_img/thumb_69d3c7a276ddd_1775486882.jpg
Gadgets & Electronics,HTC AT-538 Hair and Beard Trimmer f,3503,700,https://www.dropshipping.com.bd/public/storage/images/product_thumbnail_img/thumb_69d3c7a1b93b1_1775486881.jpg
Gadgets & Electronics,HTC AT-1210 Rechargeable 4 Clipper,3502,720,https://www.dropshipping.com.bd/public/storage/images/product_thumbnail_img/thumb_69d1311521e71_1775317269.jpg
Gadgets & Electronics,Duobang Tools Screw Driver Transpar,7115,290,https://www.dropshipping.com.bd/public/storage/images/product_thumbnail_img/thumb_69ac542aa9d73_1772901418.jpg
Gadgets & Electronics,Selfie Stick RIS,7118,440,https://www.dropshipping.com.bd/public/storage/images/product_thumbnail_img/thumb_699776351d0d0.jpg
Gadgets & Electronics,Iqra Tupi,7123,60,https://www.dropshipping.com.bd/public/storage/images/product_thumbnail_img/thumb_69a84a58ecd93_1772636760.jpg
Gadgets & Electronics,XT 02 Bluetooth Integrated Selfie S,7127,350,https://www.dropshipping.com.bd/public/storage/images/product_thumbnail_img/thumb_69d1ec16c028c_1775365142.jpg
Gadgets & Electronics,Orginal Joopi Attar 6ml,7136,150,https://www.dropshipping.com.bd/public/storage/images/product_thumbnail_img/thumb_699fd0bf13c93_1772081343.jpg
Gadgets & Electronics,12' inch LED Ring Phil Light Ringli,7166,850,https://www.dropshipping.com.bd/public/storage/images/product_thumbnail_img/thumb_69a66e565fb81_1772514902.jpg
Gadgets & Electronics,Maxxon MX 702 Flash light,7168,1450,https://www.dropshipping.com.bd/public/storage/images/product_thumbnail_img/thumb_6997765955417.jpg
Gadgets & Electronics,Combo New Islamic Calling bell & Du,7181,1800,https://www.dropshipping.com.bd/public/storage/images/product_thumbnail_img/thumb_69977665a1152.jpg
Gadgets & Electronics,Jmary MT-29 Portable Mini Tripod Fo,7218,990,https://www.dropshipping.com.bd/public/storage/images/product_thumbnail_img/thumb_699776807522d.jpg
Gadgets & Electronics,J13 Wireless Microphone with Chargi,7219,1450,https://www.dropshipping.com.bd/public/storage/images/product_thumbnail_img/thumb_69cc16e22ae1c_1774982882.jpg
Gadgets & Electronics,Quran stand & Jainamaz stand 15 '',7221,550,https://www.dropshipping.com.bd/public/storage/images/product_thumbnail_img/thumb_69d26272a1010_1775395442.jpg
Gadgets & Electronics,2 in 1 wireless portable and rechar,7266,850,https://www.dropshipping.com.bd/public/storage/images/product_thumbnail_img/thumb_69a70819ac2b6_1772554265.jpg
Gadgets & Electronics,JACKLY JK 6036 Combination Screwdri,7281,350,https://www.dropshipping.com.bd/public/storage/images/product_thumbnail_img/thumb_69c931588f04e_1774793048.jpg
Gadgets & Electronics,Digital Multimeter DT33,7282,990,https://www.dropshipping.com.bd/public/storage/images/product_thumbnail_img/thumb_699776ba05467.jpg
Gadgets & Electronics,LSAGA DB-008 Wireless Digital Door,7283,990,https://www.dropshipping.com.bd/public/storage/images/product_thumbnail_img/thumb_699776baca94e.jpg
Gadgets & Electronics,KOOCU V900 Precision Micro Solderin,7285,550,https://www.dropshipping.com.bd/public/storage/images/product_thumbnail_img/thumb_699776bc338a1.jpg
Gadgets & Electronics,SL-908 Soldering Iron 220V 60W Adju,7286,550,https://www.dropshipping.com.bd/public/storage/images/product_thumbnail_img/thumb_699776bd0b87e.jpg
Gadgets & Electronics,60W Soldering Iron Electric Solder,7287,550,https://www.dropshipping.com.bd/public/storage/images/product_thumbnail_img/thumb_699776bd988ae.jpg
Gadgets & Electronics,DOLPHY Adjustable & Foldable Phone/,6493,550,https://www.dropshipping.com.bd/public/storage/images/product_thumbnail_img/thumb_69c81672814c4_1774720626.jpg
Gadgets & Electronics,Ultrapods Max True Wireless Earbuds,6492,500,https://www.dropshipping.com.bd/public/storage/images/product_thumbnail_img/thumb_69ce6f4aabe63_1775136586.jpg
Gadgets & Electronics,Tupi + Attar,6266,120,https://www.dropshipping.com.bd/public/storage/images/product_thumbnail_img/thumb_69a84a59a5ce9_1772636761.jpg
Gadgets & Electronics,SmarToools RB40 AAA 1.5V 750 mWh Re,6265,1160,https://www.dropshipping.com.bd/public/storage/images/product_thumbnail_img/thumb_6997745f156e4.jpg
Gadgets & Electronics,911 Wireless Portable Mini Speaker,5794,750,https://www.dropshipping.com.bd/public/storage/images/product_thumbnail_img/thumb_69ad7d1230697_1772977426.jpg
Gadgets & Electronics,A4TECH G3-200N Wireless Mouse,5793,1050,https://www.dropshipping.com.bd/public/storage/images/product_thumbnail_img/thumb_6997734d7479c.jpg
Gadgets & Electronics,Gigasonic Desktop Wired RGS-1214D U,5790,490,https://www.dropshipping.com.bd/public/storage/images/product_thumbnail_img/thumb_6997734a96300.jpg
Gadgets & Electronics,A4TECH KRS-82  ComfortKey FN Keyboa,5788,999,https://www.dropshipping.com.bd/public/storage/images/product_thumbnail_img/thumb_6997734914f33.jpg
Gadgets & Electronics,Hp Wireless Optical Mouse 10N 2.4Gh,5786,390,https://www.dropshipping.com.bd/public/storage/images/product_thumbnail_img/thumb_69977347a921a.jpg
Gadgets & Electronics,"Rizyue R10 Wireless 2.4G, Bluetooth",5785,480,https://www.dropshipping.com.bd/public/storage/images/product_thumbnail_img/thumb_69977346dab85.jpg
Gadgets & Electronics,Aptech FX90 Optical mouse wire,5783,350,https://www.dropshipping.com.bd/public/storage/images/product_thumbnail_img/thumb_69977345b7f53.jpg
Gadgets & Electronics,A4tech OP-620D  Wired Mouse,5782,650,https://www.dropshipping.com.bd/public/storage/images/product_thumbnail_img/thumb_69977344bfeda.jpg
Gadgets & Electronics,P47 - Wireless Bluetooth Headphone,5456,380,https://www.dropshipping.com.bd/public/storage/images/product_thumbnail_img/thumb_69d216f9d2706_1775376121.jpg
Gadgets & Electronics,[Original] USB Type-C Fast Charging,5439,1160,https://www.dropshipping.com.bd/public/storage/images/product_thumbnail_img/thumb_699dc8ef8f717_1771948271.jpg
Gadgets & Electronics,ANC Earbuds Touch Screen Display (,5437,1090,https://www.dropshipping.com.bd/public/storage/images/product_thumbnail_img/thumb_69977285a1a51.jpg
Gadgets & Electronics,MOXX 20W Power PD Adapter (MC-20),5433,850,https://www.dropshipping.com.bd/public/storage/images/product_thumbnail_img/thumb_699772831f18e.jpg
Gadgets & Electronics,Smart 360° Rotated Security Camera,5431,1290,https://www.dropshipping.com.bd/public/storage/images/product_thumbnail_img/thumb_69cc0dfb23486_1774980603.jpg
Gadgets & Electronics,WGP mini UPS  input 12v output 5/9/,5426,1690,https://www.dropshipping.com.bd/public/storage/images/product_thumbnail_img/thumb_69d368b5b4847_1775462581.jpg
Gadgets & Electronics,HTC AT-530 Beard & Hair Trimmer,5415,720,https://www.dropshipping.com.bd/public/storage/images/product_thumbnail_img/thumb_69cea1839200d_1775149443.jpg
Gadgets & Electronics,Baseus Adaman 20000mAh 22.5W Metal,5413,2690,https://www.dropshipping.com.bd/public/storage/images/product_thumbnail_img/thumb_69ca8049e0523_1774878793.jpg
Gadgets & Electronics,USB 3.0 4 Port USB 3.0 Hub for PC L,5412,350,https://www.dropshipping.com.bd/public/storage/images/product_thumbnail_img/thumb_69977270eb4f4.jpg
Gadgets & Electronics,Neck-mounted Bluetooth earphone HB,5407,680,https://www.dropshipping.com.bd/public/storage/images/product_thumbnail_img/thumb_6997726d3d4c2.jpg
Gadgets & Electronics,HNB HB30,5402,1110,https://www.dropshipping.com.bd/public/storage/images/product_thumbnail_img/thumb_69b18314ea9f8_1773241108.jpg
Gadgets & Electronics,M10 Wireless Earbuds Bluetooth V5.1,5398,650,https://www.dropshipping.com.bd/public/storage/images/product_thumbnail_img/thumb_69d33a1219854_1775450642.jpg
Gadgets & Electronics,Kemei km-678 USB Charging Electric,5395,1250,https://www.dropshipping.com.bd/public/storage/images/product_thumbnail_img/thumb_69977263c261b.jpg
Gadgets & Electronics,HOCO W35 Max Wireless Bluetooth Hea,5278,1850,https://www.dropshipping.com.bd/public/storage/images/product_thumbnail_img/thumb_69aba98e7834e_1772857742.jpg
Gadgets & Electronics,ANC Earbuds Touch Screen Display (W,5127,1050,https://www.dropshipping.com.bd/public/storage/images/product_thumbnail_img/thumb_699dc56783145_1771947367.jpg
Gadgets & Electronics,JBL 881A Wireless Bluetooth  Headph,5126,990,https://www.dropshipping.com.bd/public/storage/images/product_thumbnail_img/thumb_69d33b0203c30_1775450882.jpg
Gadgets & Electronics,MOXX MPod TWS EARBUDS,4972,1100,https://www.dropshipping.com.bd/public/storage/images/product_thumbnail_img/thumb_69977169554fa.jpg
Gadgets & Electronics,Metal Foldable Laptop Stand Univers,4811,440,https://www.dropshipping.com.bd/public/storage/images/product_thumbnail_img/thumb_69b579d823752_1773500888.jpg
Gadgets & Electronics,NYT Manicure Pedicure Nail Cutter S,4764,550,https://www.dropshipping.com.bd/public/storage/images/product_thumbnail_img/thumb_699fee134c71b_1772088851.jpg
Gadgets & Electronics,USB Table Fan Mini Wind Power Handh,4651,850,https://www.dropshipping.com.bd/public/storage/images/product_thumbnail_img/thumb_6997708e5e8cb.jpg
Gadgets & Electronics,Joykaly YG-735 Rechargeable Multipl,4650,1190,https://www.dropshipping.com.bd/public/storage/images/product_thumbnail_img/thumb_6997708cc639b.jpg
Gadgets & Electronics,Rechargeable 5-inches Folding fan H,4649,1090,https://www.dropshipping.com.bd/public/storage/images/product_thumbnail_img/thumb_6997708b11273.jpg
Gadgets & Electronics,JY-2215 JYSUPER  Professional Recha,4633,1290,https://www.dropshipping.com.bd/public/storage/images/product_thumbnail_img/thumb_69d3bc682deb0_1775484008.jpg
Gadgets & Electronics,Mini Fan Very Stylish Rechargeable,4631,550,https://www.dropshipping.com.bd/public/storage/images/product_thumbnail_img/thumb_69d3bbb37f330_1775483827.jpg
Gadgets & Electronics,High Quality Rechargeble & Portable,4616,1350,https://www.dropshipping.com.bd/public/storage/images/product_thumbnail_img/thumb_699770684f8da.jpg
Gadgets & Electronics,"Portable Rechargeable Desk Fan, Fol",4382,650,https://www.dropshipping.com.bd/public/storage/images/product_thumbnail_img/thumb_69d2627f31995_1775395455.jpg
Gadgets & Electronics,Rechargeable Vintage T9 Hair Cuttin,4367,550,https://www.dropshipping.com.bd/public/storage/images/product_thumbnail_img/thumb_69d2128bc99db_1775374987.jpg
Gadgets & Electronics,JY Super JY-2218  Rechargeable Fan,4333,1390,https://www.dropshipping.com.bd/public/storage/images/product_thumbnail_img/thumb_69d2625f6ba2d_1775395423.jpg
Gadgets & Electronics,Glue Gun Sticks (20pcs Pack),3852,450,https://www.dropshipping.com.bd/public/storage/images/product_thumbnail_img/thumb_69976e46ce42a.jpg
Gadgets & Electronics,Hot Melt Glue Gun Kit for Quick Rep,3851,350,https://www.dropshipping.com.bd/public/storage/images/product_thumbnail_img/thumb_69b23cd626902_1773288662.jpg
Gadgets & Electronics,Qphone QP6 Mini Feature Phone Magic,3726,2150,https://www.dropshipping.com.bd/public/storage/images/product_thumbnail_img/thumb_69976dde90004.jpg
Gadgets & Electronics,Hoco ES70 Armour Neck-Mounted BT Ea,3713,999,https://www.dropshipping.com.bd/public/storage/images/product_thumbnail_img/thumb_69976dd1850bc.jpg
Gadgets & Electronics,Ear Hearing Aid Machine,3697,550,https://www.dropshipping.com.bd/public/storage/images/product_thumbnail_img/thumb_69976dc70209a.jpg
Gadgets & Electronics,Digital Tasbeeh Tally Counter,3696,450,https://www.dropshipping.com.bd/public/storage/images/product_thumbnail_img/thumb_69c6744f3566b_1774613583.jpg
Gadgets & Electronics,M11 Handheld Fan Portable Bladeless,3686,890,https://www.dropshipping.com.bd/public/storage/images/product_thumbnail_img/thumb_69d33ca802c0c_1775451304.jpg
Gadgets & Electronics,K35 Wireless Collar Microphone for,3649,650,https://www.dropshipping.com.bd/public/storage/images/product_thumbnail_img/thumb_699b39a1de6b8_1771780513.jpg
Gadgets & Electronics,Q07 Foldable Mini Tripod & Selfi St,3648,550,https://www.dropshipping.com.bd/public/storage/images/product_thumbnail_img/thumb_69d20dd75e14b_1775373783.jpg
Gadgets & Electronics,6 Fit Tripod Stand,3609,550,https://www.dropshipping.com.bd/public/storage/images/product_thumbnail_img/thumb_69d3c76a67705_1775486826.jpg
Gadgets & Electronics,"6 Fit Tripod Stand +10"" Ring Light",3608,1650,https://www.dropshipping.com.bd/public/storage/images/product_thumbnail_img/thumb_69976d7f0556b.jpg
Gadgets & Electronics,"6 Fit Tripod Stand +10"" Ring Light",3607,1250,https://www.dropshipping.com.bd/public/storage/images/product_thumbnail_img/thumb_69976d7dbe2fc.jpg
Gadgets & Electronics,10 inch LED Ring Phil Light Ringlig,3605,700,https://www.dropshipping.com.bd/public/storage/images/product_thumbnail_img/thumb_69d3c767de726_1775486823.jpg
Gadgets & Electronics,Q07 Bluetooth Integrated Selfie Sti,3604,399,https://www.dropshipping.com.bd/public/storage/images/product_thumbnail_img/thumb_69976d7b13448.jpg
Gadgets & Electronics,Wireless K9 Microphone Portable Aud,3600,750,https://www.dropshipping.com.bd/public/storage/images/product_thumbnail_img/thumb_69d3c7665af5f_1775486822.jpg
Gadgets & Electronics,K8 Wireless Microphone for YouTube,3558,390,https://www.dropshipping.com.bd/public/storage/images/product_thumbnail_img/thumb_69d3c768d1344_1775486824.jpg
Gadgets & Electronics,3 Gear Mini Rechargeable Flashlight,3531,799,https://www.dropshipping.com.bd/public/storage/images/product_thumbnail_img/thumb_69c81c5082b2e_1774722128.jpg
Gadgets & Electronics,Portable Mini Fan Adjustable Office,3519,1050,https://www.dropshipping.com.bd/public/storage/images/product_thumbnail_img/thumb_69976d33be82b.jpg
Gadgets & Electronics,Hurricane USB China 360 degree Ligh,3518,990,https://www.dropshipping.com.bd/public/storage/images/product_thumbnail_img/thumb_69976d3293437.jpg
Gadgets & Electronics,Keyboard/Dell Wired Mini Keyboard,3455,750,https://www.dropshipping.com.bd/public/storage/images/product_thumbnail_img/thumb_69c5592e7e2d6_1774541102.jpg
Gadgets & Electronics,Kemei KM-6330 3-in-1 Hair Shaving M,3449,1040,https://www.dropshipping.com.bd/public/storage/images/product_thumbnail_img/thumb_69d12c22870e5_1775316002.jpg
Gadgets & Electronics,KEMEI KM-3909 Cordless Hairclipper,3448,1450,https://www.dropshipping.com.bd/public/storage/images/product_thumbnail_img/thumb_69976cfee3f7b.jpg
Gadgets & Electronics,Digital Counter Tasbih / তসবিহ,3262,90,https://www.dropshipping.com.bd/public/storage/images/product_thumbnail_img/thumb_69d12be6c87ac_1775315942.jpg
Gadgets & Electronics,Laptop Charger Multi-Port AC Adapte,3261,750,https://www.dropshipping.com.bd/public/storage/images/product_thumbnail_img/thumb_69976c7113c97.jpg
Gadgets & Electronics,"12"" LCD Writing Digital Tablet Draw",3258,550,https://www.dropshipping.com.bd/public/storage/images/product_thumbnail_img/thumb_69976c6e3eb47.jpg
Gadgets & Electronics,Portable Hook Weighing Machine Digi,3240,550,https://www.dropshipping.com.bd/public/storage/images/product_thumbnail_img/thumb_69a369d7f0ac2_1772317143.jpg
Gadgets & Electronics,Wireless speaker “BS40 Desire song”,3184,1950,https://www.dropshipping.com.bd/public/storage/images/product_thumbnail_img/thumb_69976c424563c.jpg
Gadgets & Electronics,Hoco BS33 Voice Sports Wireless Spe,3183,1600,https://www.dropshipping.com.bd/public/storage/images/product_thumbnail_img/thumb_69976c3ff0f98.jpg
Gadgets & Electronics,Wifi Router Stand - 2 Layer,3154,650,https://www.dropshipping.com.bd/public/storage/images/product_thumbnail_img/thumb_69c82173cc3ee_1774723443.jpg
Gadgets & Electronics,High Power Car Washing Guns Wireles,3079,2500,https://www.dropshipping.com.bd/public/storage/images/product_thumbnail_img/thumb_69976bf46059f.jpg
Gadgets & Electronics,SWS Hi-Tech Ceramic Cartidge Water,3068,700,https://www.dropshipping.com.bd/public/storage/images/product_thumbnail_img/thumb_69976be87854b.jpg
Gadgets & Electronics,Manual Nose Hair Trimmer,3066,280,https://www.dropshipping.com.bd/public/storage/images/product_thumbnail_img/thumb_69976be744fb5.jpg
Gadgets & Electronics,TP-Link TL-WR820N 300 Mbps Multi-Mo,3065,1590,https://www.dropshipping.com.bd/public/storage/images/product_thumbnail_img/thumb_69c9312d7bd3e_1774793005.jpg
Gadgets & Electronics,Archer C6 AC1200 Wireless MU-MIMO G,3018,3500,https://www.dropshipping.com.bd/public/storage/images/product_thumbnail_img/thumb_69cc283a0e693_1774987322.jpg
Gadgets & Electronics,Rechargeable Battery Charger,3015,280,https://www.dropshipping.com.bd/public/storage/images/product_thumbnail_img/thumb_69b8e66230a44_1773725282.jpg
Kids Zone,Olevs  Stainless Steel fashionable,7988,1650,https://www.dropshipping.com.bd/public/storage/images/product_thumbnail_img/thumb_699778409cb6a.jpg
Kids Zone,Olievs  Stainless Steel fashionable,7985,1650,https://www.dropshipping.com.bd/public/storage/images/product_thumbnail_img/thumb_6997783cd4de3.jpg
Kids Zone,Big Round Cooper Metal Twin Bell Al,7082,990,https://www.dropshipping.com.bd/public/storage/images/product_thumbnail_img/thumb_6997761cbd255.jpg
Kids Zone,Rolex Quartz Movement Stainless Ste,5731,1250,https://www.dropshipping.com.bd/public/storage/images/product_thumbnail_img/thumb_69b276f6d132e_1773303542.jpg
Kids Zone,Rolex Quartz Movement Stainless Ste,5728,1250,https://www.dropshipping.com.bd/public/storage/images/product_thumbnail_img/thumb_69b27912a17f0_1773304082.jpg
Kids Zone,"Digital LCD Clock with Calendar, Te",3836,650,https://www.dropshipping.com.bd/public/storage/images/product_thumbnail_img/thumb_699b39ee92bfd_1771780590.jpg
Kids Zone,Foldable Travel Alarm Clock BE,3828,380,https://www.dropshipping.com.bd/public/storage/images/product_thumbnail_img/thumb_69d3ca35ad189_1775487541.jpg
Kids Zone,OLEVS 5563 Fashion Watch for Women,3306,1250,https://www.dropshipping.com.bd/public/storage/images/product_thumbnail_img/thumb_69cba106e0db6_1774952710.jpg
Kids Zone,OLEVS 5563 Waterproof Stainless Ste,3293,2250,https://www.dropshipping.com.bd/public/storage/images/product_thumbnail_img/thumb_69976c8697730.jpg
Kids Zone,OLEVS 5563 Fashion Watch for Women,3292,1250,https://www.dropshipping.com.bd/public/storage/images/product_thumbnail_img/thumb_69cba1f26f7dd_1774952946.jpg
Kids Zone,Olevs Luxury Men’s Quartz Watch(Bla,3287,1250,https://www.dropshipping.com.bd/public/storage/images/product_thumbnail_img/thumb_69976c81f2370.jpg
Kids Zone,K10 SIM Suported Android Smart Watc,3284,1650,https://www.dropshipping.com.bd/public/storage/images/product_thumbnail_img/thumb_69d112234a1dd_1775309347.jpg
Others,Amsburg Laptop Leather Bag(Chocolat,2001,1499,https://www.dropshipping.com.bd/public/storage/images/product_thumbnail_img/thumbnail_1737709434_4450.jpg
Others,(Wallet ফ্রি) Multi-Functional Lapt,1332,750,https://www.dropshipping.com.bd/public/storage/images/product_thumbnail_img/thumbnail_1737693427_3558.jpg
Others,(Wallet ফ্রি) Arctic Hunter BackPac,2670,899,https://www.dropshipping.com.bd/public/storage/images/product_thumbnail_img/thumbnail_1737692974_9830.jpg
Others,China Premium 3D Design Bed Sheet,6972,1250,https://www.dropshipping.com.bd/public/storage/images/product_thumbnail_img/thumb_69ce02d7ed5a3_1775108823.jpg
Others,৬ চেয়ারের ডাইনিং টেবিল কভার,6849,850,https://www.dropshipping.com.bd/public/storage/images/product_thumbnail_img/thumb_69cbd91c548a4_1774967068.jpg
Others,Nose Cleaner Sniffing Equipment for,6825,880,https://www.dropshipping.com.bd/public/storage/images/product_thumbnail_img/thumb_69a844f8258b3_1772635384.jpg
Others,Product details of Portable Mesh Ne,6824,880,https://www.dropshipping.com.bd/public/storage/images/product_thumbnail_img/thumb_69d28834e893b_1775405108.jpg
Others,Best Quality Stainless Steel Kitche,6823,95,https://www.dropshipping.com.bd/public/storage/images/product_thumbnail_img/thumb_69a9a62b1ab55_1772725803.jpg
Others,【VisioN Shop】7Classic Polarized Men,6605,490,https://www.dropshipping.com.bd/public/storage/images/product_thumbnail_img/thumb_6997752a635ce.jpg
Others,China Premium 3D Print Table Cloth,6505,950,https://www.dropshipping.com.bd/public/storage/images/product_thumbnail_img/thumb_69ce065ac374c_1775109722.jpg
Others,China Premium 3D Print Table Cloth,6498,950,https://www.dropshipping.com.bd/public/storage/images/product_thumbnail_img/thumb_69d3bd5233fd3_1775484242.jpg
Others,POEDAGAR 996 Luxury Man Luminous Ch,6490,990,https://www.dropshipping.com.bd/public/storage/images/product_thumbnail_img/thumb_69ce6f5e5700a_1775136606.jpg
Others,POEDAGAR 996 Luxury Man Luminous Ch,6488,990,https://www.dropshipping.com.bd/public/storage/images/product_thumbnail_img/thumb_69cb639696ad0_1774936982.jpg
Others,Luz Noturna LED Com Apontador de Lá,6476,470,https://www.dropshipping.com.bd/public/storage/images/product_thumbnail_img/thumb_699774e2bcec4.jpg
Others,"Sink Kitchen Triangle, Wash Basins",6473,190,https://www.dropshipping.com.bd/public/storage/images/product_thumbnail_img/thumb_699774df445ae.jpg
Others,Mega Egg Dispenser (Multi color),6407,300,https://www.dropshipping.com.bd/public/storage/images/product_thumbnail_img/thumb_699774b80d324.jpg
Others,Coffee Cup,6402,590,https://www.dropshipping.com.bd/public/storage/images/product_thumbnail_img/thumb_699774b5069c6.jpg
Others,Olevs  Stainless Steel fashionable,6331,990,https://www.dropshipping.com.bd/public/storage/images/product_thumbnail_img/thumb_69b156721499d_1773229682.jpg
Others,Olevs  Stainless Steel fashionable,6330,990,https://www.dropshipping.com.bd/public/storage/images/product_thumbnail_img/thumb_69b155fa01976_1773229562.jpg
Others,OLEVS Watch for Women Branded Stain,6329,590,https://www.dropshipping.com.bd/public/storage/images/product_thumbnail_img/thumb_69d1f755b99c5_1775368021.jpg
Others,OLEVS Watch for Women Branded Stain,6328,720,https://www.dropshipping.com.bd/public/storage/images/product_thumbnail_img/thumb_69d2623cdc868_1775395388.jpg
Others,Home Decor 9pcs PVC Calligraphy Wal,6320,550,https://www.dropshipping.com.bd/public/storage/images/product_thumbnail_img/thumb_6997747e270bd.jpg
Others,Home Decor 9pcs PVC Calligraphy Wal,6319,550,https://www.dropshipping.com.bd/public/storage/images/product_thumbnail_img/thumb_6997747d9a4d6.jpg
Others,Home Decor 9pcs PVC Calligraphy Wal,6318,560,https://www.dropshipping.com.bd/public/storage/images/product_thumbnail_img/thumb_6997747d1c305.jpg
Others,Home Decor 9pcs PVC Calligraphy Wal,6317,550,https://www.dropshipping.com.bd/public/storage/images/product_thumbnail_img/thumb_6997747c918f6.jpg
Others,2 Layer Dish Drainer Rack Stainless,6309,1150,https://www.dropshipping.com.bd/public/storage/images/product_thumbnail_img/thumb_69b199b6e37da_1773246902.jpg
Others,Travelling Folding  Kettle (600 ml),6293,990,https://www.dropshipping.com.bd/public/storage/images/product_thumbnail_img/thumb_69d485b82409a_1775535544.jpg
Others,Poedagar 910 Model Fashion Watch fo,6287,1450,https://www.dropshipping.com.bd/public/storage/images/product_thumbnail_img/thumb_69cb635b01046_1774936923.jpg
Others,Poedagar 910 Model Fashion Watch fo,6284,1550,https://www.dropshipping.com.bd/public/storage/images/product_thumbnail_img/thumb_69cba102de073_1774952706.jpg
Others,Back Support Belt with Fully Adjust,6282,450,https://www.dropshipping.com.bd/public/storage/images/product_thumbnail_img/thumb_69b3d21509bb3_1773392405.jpg
Others,Ladies Fashion Bag,6281,750,https://www.dropshipping.com.bd/public/storage/images/product_thumbnail_img/thumb_699774689e335.jpg
Others,Korean sports travel shoulder bag (,6280,650,https://www.dropshipping.com.bd/public/storage/images/product_thumbnail_img/thumb_69977467c0918.jpg
Others,Korean sports travel shoulder bag (,6278,650,https://www.dropshipping.com.bd/public/storage/images/product_thumbnail_img/thumb_69977466a8b5f.jpg
Others,Crossbody Bag  (meroon colour),6277,650,https://www.dropshipping.com.bd/public/storage/images/product_thumbnail_img/thumb_69977465dab93.jpg
Others,Korean sports travel shoulder bag,6276,650,https://www.dropshipping.com.bd/public/storage/images/product_thumbnail_img/thumb_699774652bee1.jpg
Others,Olevs  Stainless Steel fashionable,6268,990,https://www.dropshipping.com.bd/public/storage/images/product_thumbnail_img/thumb_69b154cde6bbb_1773229261.jpg
Others,OLEVS Watch for Women Branded Stain,6267,590,https://www.dropshipping.com.bd/public/storage/images/product_thumbnail_img/thumb_69d1e947c2220_1775364423.jpg
Others,Premium Adjustable Back Posture Cor,6235,850,https://www.dropshipping.com.bd/public/storage/images/product_thumbnail_img/thumb_69ce598da2f77_1775131021.jpg
Others,কাপড় রাখার রেক Clothing stand ( মা,6224,1590,https://www.dropshipping.com.bd/public/storage/images/product_thumbnail_img/thumb_69d36711b837c_1775462161.jpg
Others,Stylish cute design ladies bag,6203,300,https://www.dropshipping.com.bd/public/storage/images/product_thumbnail_img/thumb_69b51bd6b2d61_1773476822.jpg
Others,Olevs  Stainless Steel fashionable,6201,990,https://www.dropshipping.com.bd/public/storage/images/product_thumbnail_img/thumb_69b1558439978_1773229444.jpg
Others,Olevs  Stainless Steel fashionable,6200,990,https://www.dropshipping.com.bd/public/storage/images/product_thumbnail_img/thumb_69b156363c575_1773229622.jpg
Others,OLEVS Watch for Women (golden),6191,590,https://www.dropshipping.com.bd/public/storage/images/product_thumbnail_img/thumb_69cc14138474b_1774982163.jpg
Others,OLEVS Watch for Women Branded Stain,6190,720,https://www.dropshipping.com.bd/public/storage/images/product_thumbnail_img/thumb_69d21be584c16_1775377381.jpg
Others,Filter Cooking Oil Pot Kitchen Larg,6123,550,https://www.dropshipping.com.bd/public/storage/images/product_thumbnail_img/thumb_69c956215b990_1774802465.jpg
Others,T97 Bluetooth Calling Smartwatch –,6073,2250,https://www.dropshipping.com.bd/public/storage/images/product_thumbnail_img/thumb_699773e4454f3.jpg
Others,Ke­qiwear KW19 Max Multifunctional,6070,1150,https://www.dropshipping.com.bd/public/storage/images/product_thumbnail_img/thumb_699773e1f3bc4.jpg
Others,NIUASH Sunglasses Polarised 1 Piece,5914,250,https://www.dropshipping.com.bd/public/storage/images/product_thumbnail_img/thumb_69ac541cccb6f_1772901404.jpg
Others,new sunglasses women and men sungla,5913,590,https://www.dropshipping.com.bd/public/storage/images/product_thumbnail_img/thumb_69a8924e36d31_1772655182.jpg
Others,5 IN 1 Bluetooth Speaker Rain Cloud,5868,5500,https://www.dropshipping.com.bd/public/storage/images/product_thumbnail_img/thumb_699773777b209.jpg
Others,Citizen Tsuyosa Men's Watch,5811,1250,https://www.dropshipping.com.bd/public/storage/images/product_thumbnail_img/thumb_6997735ec1666.jpg
Others,Citizen Watch Silver & Golden Chain,5810,1390,https://www.dropshipping.com.bd/public/storage/images/product_thumbnail_img/thumb_6997735dcb654.jpg
Others,Citizen Tsuyosa Men's Full Black Wa,5809,1250,https://www.dropshipping.com.bd/public/storage/images/product_thumbnail_img/thumb_6997735ca79a0.jpg
Others,Rolex Quartz Movement Stainless Ste,5734,1250,https://www.dropshipping.com.bd/public/storage/images/product_thumbnail_img/thumb_69d1323c0ab77_1775317564.jpg
Others,Rolex Quartz Movement Stainless Ste,5730,1250,https://www.dropshipping.com.bd/public/storage/images/product_thumbnail_img/thumb_69b6e24b2597f_1773593163.jpg
Others,Citizen Tsuyosa Men's Burgundy Dial,5726,1250,https://www.dropshipping.com.bd/public/storage/images/product_thumbnail_img/thumb_69d21aba48249_1775377082.jpg
Others,Anti-Theft Lightweight Oxford Cloth,5581,690,https://www.dropshipping.com.bd/public/storage/images/product_thumbnail_img/thumb_699772d575f71.jpg
Others,China Premium 3D Print Table Cloth,5545,950,https://www.dropshipping.com.bd/public/storage/images/product_thumbnail_img/thumb_69ce0620dcfba_1775109664.jpg
Others,UV Protection Rectangular Sunglasse,5544,280,https://www.dropshipping.com.bd/public/storage/images/product_thumbnail_img/thumb_699772c326d38.jpg
Others,Fashion Anti Blue Light Glasses,5535,350,https://www.dropshipping.com.bd/public/storage/images/product_thumbnail_img/thumb_699772bfd8ccd.jpg
Others,Eyewear Cases Cover Sunglasses Case,5532,120,https://www.dropshipping.com.bd/public/storage/images/product_thumbnail_img/thumb_699c9a8e88755_1771870862.jpg
Others,Small Yellow Duck Mini Non-Stick El,5496,1190,https://www.dropshipping.com.bd/public/storage/images/product_thumbnail_img/thumb_69d1dd5209905_1775361362.jpg
Others,Stylish ladies bag,5491,250,https://www.dropshipping.com.bd/public/storage/images/product_thumbnail_img/thumb_69b4f8e9ebc68_1773467881.jpg
Others,Stylish ladies bag,5490,250,https://www.dropshipping.com.bd/public/storage/images/product_thumbnail_img/thumb_69b3fa9e5126b_1773402782.jpg
Others,Stylish ladies bag,5489,250,https://www.dropshipping.com.bd/public/storage/images/product_thumbnail_img/thumb_69d0d317cdd68_1775293207.jpg
Others,Stylish ladies bag,5486,250,https://www.dropshipping.com.bd/public/storage/images/product_thumbnail_img/thumb_69b53381d418e_1773482881.jpg
Others,Stylish ladies bag,5483,250,https://www.dropshipping.com.bd/public/storage/images/product_thumbnail_img/thumb_699772a5239a4.jpg
Others,Stylish ladies bag,5480,250,https://www.dropshipping.com.bd/public/storage/images/product_thumbnail_img/thumb_69b4f03e56b33_1773465662.jpg
Others,Stylish 3d design ladies bag,5472,250,https://www.dropshipping.com.bd/public/storage/images/product_thumbnail_img/thumb_69cd2add1131e_1775053533.jpg
Others,Stylish ladies bag,5469,280,https://www.dropshipping.com.bd/public/storage/images/product_thumbnail_img/thumb_69b53dd268b98_1773485522.jpg
Others,Stylish ladies bag,5468,280,https://www.dropshipping.com.bd/public/storage/images/product_thumbnail_img/thumb_69d0d31676571_1775293206.jpg
Others,Stylish ladies bag,5467,280,https://www.dropshipping.com.bd/public/storage/images/product_thumbnail_img/thumb_69b543adc7311_1773487021.jpg
Others,Stylish cute design ladies bag,5466,300,https://www.dropshipping.com.bd/public/storage/images/product_thumbnail_img/thumb_69b5442597115_1773487141.jpg
Others,Stylish 3d design ladies bag,5464,250,https://www.dropshipping.com.bd/public/storage/images/product_thumbnail_img/thumb_69cd2adbdfce3_1775053531.jpg
Others,NEB-2504 Egg Beater,5455,1350,https://www.dropshipping.com.bd/public/storage/images/product_thumbnail_img/thumb_6997729223b26.jpg
Others,Bajaj Powerful 250W Hand Mixer - HM,5454,2520,https://www.dropshipping.com.bd/public/storage/images/product_thumbnail_img/thumb_699772912b59d.jpg
Others,PCL CARE Blood Glucose Meter,5449,850,https://www.dropshipping.com.bd/public/storage/images/product_thumbnail_img/thumb_69c536d13df3b_1774532305.jpg
Others,China Premium 3D Print Table Cloth,5446,950,https://www.dropshipping.com.bd/public/storage/images/product_thumbnail_img/thumb_69ce061fe38f5_1775109663.jpg
Others,৬ চেয়ারের ডাইনিং টেবিল কভার,5425,550,https://www.dropshipping.com.bd/public/storage/images/product_thumbnail_img/thumb_69a275dc20d81_1772254684.jpg
Others,3 Glasses Combo Package - Stylish W,5424,799,https://www.dropshipping.com.bd/public/storage/images/product_thumbnail_img/thumb_69977277b0bfc.jpg
Others,Full Rim Square Blue Cut Computer G,5411,450,https://www.dropshipping.com.bd/public/storage/images/product_thumbnail_img/thumb_69b674a086cc5_1773565088.jpg
Others,"Night Vision Driving, Biking & cycl",5410,450,https://www.dropshipping.com.bd/public/storage/images/product_thumbnail_img/thumb_6997726f71f92.jpg
Others,4 Pcs Plastic Double Side Measuring,5409,180,https://www.dropshipping.com.bd/public/storage/images/product_thumbnail_img/thumb_6997726ebe5fe.jpg
Others,100% Water proof High quality Rain,5401,990,https://www.dropshipping.com.bd/public/storage/images/product_thumbnail_img/thumb_69d3bd19f414b_1775484185.jpg
Others,Transparent Frame Clear glass,5355,250,https://www.dropshipping.com.bd/public/storage/images/product_thumbnail_img/thumb_69a75264b4da6_1772573284.jpg
Others,Eyewear Reading glass,5354,320,https://www.dropshipping.com.bd/public/storage/images/product_thumbnail_img/thumb_699ad2781cfd1_1771754104.jpg
Others,Fashion Summer Ladies Eyeglasses UV,5353,750,https://www.dropshipping.com.bd/public/storage/images/product_thumbnail_img/thumb_6997724f36abb.jpg
Others,Kabir Singh Sunglasses night vision,5352,240,https://www.dropshipping.com.bd/public/storage/images/product_thumbnail_img/thumb_699f0dc76111c_1772031431.jpg
Others,Glasses Female Korean Version Fashi,5351,590,https://www.dropshipping.com.bd/public/storage/images/product_thumbnail_img/thumb_6997724e18301.jpg
Others,Stylish Summer Outdoor Sunglasses,5350,850,https://www.dropshipping.com.bd/public/storage/images/product_thumbnail_img/thumb_69d3399be5852_1775450523.jpg
Others,Polarized Made In China Sunglass,5349,440,https://www.dropshipping.com.bd/public/storage/images/product_thumbnail_img/thumb_699b3a2cca591_1771780652.jpg
Others,Pattinson Black,5328,350,https://www.dropshipping.com.bd/public/storage/images/product_thumbnail_img/thumb_69977244b29dc.jpg
Others,White frame Black lense Stylish Sun,5327,240,https://www.dropshipping.com.bd/public/storage/images/product_thumbnail_img/thumb_699772442db2e.jpg
Others,High Quality Stylish Sun Glass,5319,590,https://www.dropshipping.com.bd/public/storage/images/product_thumbnail_img/thumb_69977243826fe.jpg
Others,COLMI P81 Voice Calling Smart Watch,5271,1850,https://www.dropshipping.com.bd/public/storage/images/product_thumbnail_img/thumb_69b24cc6b6411_1773292742.jpg
Others,COLMI P81 Voice Calling Smart Watch,5270,1890,https://www.dropshipping.com.bd/public/storage/images/product_thumbnail_img/thumb_69ad16bdcf512_1772951229.jpg
Others,3D Fish In Water Design Mug,5268,380,https://www.dropshipping.com.bd/public/storage/images/product_thumbnail_img/thumb_699772291d01b.jpg
Others,3D Fish In Water Design Mug,5267,380,https://www.dropshipping.com.bd/public/storage/images/product_thumbnail_img/thumb_6997722898790.jpg
Others,3D Fish In Water Design Mug,5266,380,https://www.dropshipping.com.bd/public/storage/images/product_thumbnail_img/thumb_699772282cb14.jpg
Others,3D Fish In Water Design Mug,5265,380,https://www.dropshipping.com.bd/public/storage/images/product_thumbnail_img/thumb_69977227aa70f.jpg
Others,3D Fish In Water Design Mug,5264,380,https://www.dropshipping.com.bd/public/storage/images/product_thumbnail_img/thumb_6997722734a71.jpg
Others,3D Fish In Water Design Mug,5263,380,https://www.dropshipping.com.bd/public/storage/images/product_thumbnail_img/thumb_6997722680622.jpg
Others,3D Fish In Water Design Mug,5262,380,https://www.dropshipping.com.bd/public/storage/images/product_thumbnail_img/thumb_69977225f1310.jpg
Others,Cartoon LED Lable Lamp USB charging,5255,540,https://www.dropshipping.com.bd/public/storage/images/product_thumbnail_img/thumb_6997722153816.jpg
Others,Ear Cleaner LED Light Flashlight Ea,5249,90,https://www.dropshipping.com.bd/public/storage/images/product_thumbnail_img/thumb_6997721cad6fe.jpg
Others,Electric Mosquito Killer Lamp,5246,350,https://www.dropshipping.com.bd/public/storage/images/product_thumbnail_img/thumb_69cc15f642e66_1774982646.jpg
Others,BINBOND B1236 Brand Fashion Tourbil,5243,990,https://www.dropshipping.com.bd/public/storage/images/product_thumbnail_img/thumb_69cbfd561e8d8_1774976342.jpg
Others,POEDAGAR 930 Men's New Luxury Lumin,5241,990,https://www.dropshipping.com.bd/public/storage/images/product_thumbnail_img/thumb_69cba1edb491d_1774952941.jpg
Others,POEDAGAR 930 Men's New Luxury Lumin,5240,990,https://www.dropshipping.com.bd/public/storage/images/product_thumbnail_img/thumb_69cba0fdf0cc3_1774952701.jpg
Others,POEDAGAR 930 Men's New Luxury Lumin,5239,990,https://www.dropshipping.com.bd/public/storage/images/product_thumbnail_img/thumb_69ce6f2e3ad98_1775136558.jpg
Others,POEDAGAR 930 Men's New Luxury Lumin,5238,990,https://www.dropshipping.com.bd/public/storage/images/product_thumbnail_img/thumb_69cba1000cc74_1774952704.jpg
Others,Reloj Digital Diray Unisex DR2339L1,5236,490,https://www.dropshipping.com.bd/public/storage/images/product_thumbnail_img/thumb_6997720dd5e5e.jpg
Others,World Map 3D Rotating Glove Decorat,5123,750,https://www.dropshipping.com.bd/public/storage/images/product_thumbnail_img/thumb_69c6744e33ec3_1774613582.jpg
Others,China Premium 3D Print Table Cloth,5062,950,https://www.dropshipping.com.bd/public/storage/images/product_thumbnail_img/thumb_69d224d03b573_1775379664.jpg
Others,China Premium 3D Print Table Cloth,5057,950,https://www.dropshipping.com.bd/public/storage/images/product_thumbnail_img/thumb_69ce05e6518e0_1775109606.jpg
Others,China Premium 3D Design Bed Sheet,5056,1250,https://www.dropshipping.com.bd/public/storage/images/product_thumbnail_img/thumb_69ce02d70b6c3_1775108823.jpg
Others,China Premium 3D Design Bed Sheet,5049,1250,https://www.dropshipping.com.bd/public/storage/images/product_thumbnail_img/thumb_69ce02d5f0301_1775108821.jpg
Others,China Premium 3D Print Table Cloth,5004,950,https://www.dropshipping.com.bd/public/storage/images/product_thumbnail_img/thumb_69ce05e53b82a_1775109605.jpg
Others,Attractive 3D Design Mug,5000,350,https://www.dropshipping.com.bd/public/storage/images/product_thumbnail_img/thumb_6997717d1c5b2.jpg
Others,Attractive 3D Design Mug,4999,350,https://www.dropshipping.com.bd/public/storage/images/product_thumbnail_img/thumb_6997717c7c5c2.jpg
Others,Attractive 3D Design Mug,4998,350,https://www.dropshipping.com.bd/public/storage/images/product_thumbnail_img/thumb_6997717bcfd02.jpg
Others,Attractive 3D Design Mug,4997,350,https://www.dropshipping.com.bd/public/storage/images/product_thumbnail_img/thumb_6997717b4a495.jpg
Others,Attractive 3D Design Mug,4996,350,https://www.dropshipping.com.bd/public/storage/images/product_thumbnail_img/thumb_6997717a94b67.jpg
Others,New Trend Fashion Steel Chain Diamo,4994,550,https://www.dropshipping.com.bd/public/storage/images/product_thumbnail_img/thumb_699dc8fa9e40b_1771948282.jpg
Others,New Trend Fashion Steel Chain Diamo,4993,550,https://www.dropshipping.com.bd/public/storage/images/product_thumbnail_img/thumb_699771775b15c.jpg
Others,Attractive 3D Design Mug,4951,350,https://www.dropshipping.com.bd/public/storage/images/product_thumbnail_img/thumb_6997715e0bb2a.jpg
Others,Attractive 3D Design Mug,4949,350,https://www.dropshipping.com.bd/public/storage/images/product_thumbnail_img/thumb_6997715d4d7b5.jpg
Others,Attractive 3D Design Mug,4948,350,https://www.dropshipping.com.bd/public/storage/images/product_thumbnail_img/thumb_699eb3fa6b034_1772008442.jpg
Others,3D Deer Hole In A Garden Design Mug,4945,380,https://www.dropshipping.com.bd/public/storage/images/product_thumbnail_img/thumb_6997715b31757.jpg
Others,3D Bird Hole In A Wall Design Mug,4944,450,https://www.dropshipping.com.bd/public/storage/images/product_thumbnail_img/thumb_6997715aaa335.jpg
Others,3D Ball Hole In A Nature Design Mug,4943,350,https://www.dropshipping.com.bd/public/storage/images/product_thumbnail_img/thumb_6997715a343d3.jpg
Others,3D Cat Hole In A Wall Design Mug,4941,350,https://www.dropshipping.com.bd/public/storage/images/product_thumbnail_img/thumb_6997715880ef0.jpg
Others,"Electric Foam Maker for Milk, Coffe",4910,220,https://www.dropshipping.com.bd/public/storage/images/product_thumbnail_img/thumb_69977145beac4.jpg
Others,Rechargeable Hand Mixer Egg Beater,4897,820,https://www.dropshipping.com.bd/public/storage/images/product_thumbnail_img/thumb_6997713d231ba.jpg
Others,USB charging sport sling Anti-theft,4896,750,https://www.dropshipping.com.bd/public/storage/images/product_thumbnail_img/thumb_69cbcfdf1508c_1774964703.jpg
Others,China Premium 3D Print Table Cloth,4895,950,https://www.dropshipping.com.bd/public/storage/images/product_thumbnail_img/thumb_69ce05e443613_1775109604.jpg
Others,Scarlet 7 SPEED Portable High Grade,4891,890,https://www.dropshipping.com.bd/public/storage/images/product_thumbnail_img/thumb_69c960762426e_1774805110.jpg
Others,OLEVS 2876 Men’s Quartz Watch,4785,350,https://www.dropshipping.com.bd/public/storage/images/product_thumbnail_img/thumb_6997710194b4c.jpg
Others,OLEVS 2876 Men’s Quartz Watch,4778,700,https://www.dropshipping.com.bd/public/storage/images/product_thumbnail_img/thumb_699770fcdcbc3.jpg
Others,100% Water proof High quality Rain,4771,990,https://www.dropshipping.com.bd/public/storage/images/product_thumbnail_img/thumb_69d1e2b631824_1775362742.jpg
Others,Y80 Ultra Smartwatch With 8 Strap,4769,1290,https://www.dropshipping.com.bd/public/storage/images/product_thumbnail_img/thumb_69d1e5c2d7482_1775363522.jpg
Others,BINBOND 2521 Luxury Brand Luminous,4762,990,https://www.dropshipping.com.bd/public/storage/images/product_thumbnail_img/thumb_69cc09869a790_1774979462.jpg
Others,BINBOND 2521 Luxury Brand Luminous,4761,990,https://www.dropshipping.com.bd/public/storage/images/product_thumbnail_img/thumb_69d1f66680863_1775367782.jpg
Others,BINBOND 2521 Luxury Brand Luminous,4758,990,https://www.dropshipping.com.bd/public/storage/images/product_thumbnail_img/thumb_69d3c9824a028_1775487362.jpg
Others,Ladies Fashionable And Elegant Anti,4724,750,https://www.dropshipping.com.bd/public/storage/images/product_thumbnail_img/thumb_699770cf51918.jpg
Others,China Premium 3D Print Table Cloth,4684,950,https://www.dropshipping.com.bd/public/storage/images/product_thumbnail_img/thumb_69ce05e33096a_1775109603.jpg
Others,China Premium 3D Print Table Cloth,4683,950,https://www.dropshipping.com.bd/public/storage/images/product_thumbnail_img/thumb_69ce05aaa3634_1775109546.jpg
Others,China Premium 3D Print Table Cloth,4681,950,https://www.dropshipping.com.bd/public/storage/images/product_thumbnail_img/thumb_69ce05a99b4ea_1775109545.jpg
Others,China Premium 3D Print Table Cloth,4680,950,https://www.dropshipping.com.bd/public/storage/images/product_thumbnail_img/thumb_69ce05a853c6a_1775109544.jpg
Others,Ladies Fashionable and Elegant Anti,4668,700,https://www.dropshipping.com.bd/public/storage/images/product_thumbnail_img/thumb_699770a1ad836.jpg
Others,China Premium 3D Print Table Cloth,4665,950,https://www.dropshipping.com.bd/public/storage/images/product_thumbnail_img/thumb_69ce05a714db5_1775109543.jpg
Others,China Premium 3D Print Table Cloth,4663,950,https://www.dropshipping.com.bd/public/storage/images/product_thumbnail_img/thumb_69ce0569ebf25_1775109481.jpg
Others,China Premium 3D Print Table Cloth,4662,950,https://www.dropshipping.com.bd/public/storage/images/product_thumbnail_img/thumb_69d224cf74733_1775379663.jpg
Others,Mini Umbrella Windproof anti-UV Pro,4656,810,https://www.dropshipping.com.bd/public/storage/images/product_thumbnail_img/thumb_69977093c74a6.jpg
Others,Smart Watch Belt 5pcs,4652,590,https://www.dropshipping.com.bd/public/storage/images/product_thumbnail_img/thumb_6997708f55143.jpg
Others,China Premium 3D Design Bed Sheet(r,4646,1250,https://www.dropshipping.com.bd/public/storage/images/product_thumbnail_img/thumb_69ce029a4e22f_1775108762.jpg
Others,China Premium 3D Design Bed Sheet,4644,1250,https://www.dropshipping.com.bd/public/storage/images/product_thumbnail_img/thumb_69ce029b6ceda_1775108763.jpg
Others,China Premium 3D Print Table Cloth,4635,950,https://www.dropshipping.com.bd/public/storage/images/product_thumbnail_img/thumb_69b65c053b82a_1773558789.jpg
Others,Zepter 5 Pcs Non-Stick Knife Set fo,4570,790,https://www.dropshipping.com.bd/public/storage/images/product_thumbnail_img/thumb_6997704f99abf.jpg
Others,Manual Hand Press Juicer Squeezer M,4380,500,https://www.dropshipping.com.bd/public/storage/images/product_thumbnail_img/thumb_69976fd4625a5.jpg
Others,Nicer Dicer Plus Vegetable  - Green,4379,1200,https://www.dropshipping.com.bd/public/storage/images/product_thumbnail_img/thumb_69ade264056ce_1773003364.jpg
Others,Manual Vegetable Chopper Kitchen Sp,4370,380,https://www.dropshipping.com.bd/public/storage/images/product_thumbnail_img/thumb_69976fce38acf.jpg
Others,OLEVS 9931G New Exclusive Design Qu,3831,750,https://www.dropshipping.com.bd/public/storage/images/product_thumbnail_img/thumb_69d111a848d4f_1775309224.jpg
Others,OLEVS 9931G New Exclusive Design Qu,3830,590,https://www.dropshipping.com.bd/public/storage/images/product_thumbnail_img/thumb_69d1f75790a2f_1775368023.jpg
Others,OLEVS 9931G New Exclusive Design Qu,3829,590,https://www.dropshipping.com.bd/public/storage/images/product_thumbnail_img/thumb_69d1e9461ee33_1775364422.jpg
Others,Foldable Travel Alarm Clock BH,3827,380,https://www.dropshipping.com.bd/public/storage/images/product_thumbnail_img/thumb_69976e2b062b5.jpg
Others,Feiwo  Stainsles Steel Couple Watch,3725,2150,https://www.dropshipping.com.bd/public/storage/images/product_thumbnail_img/thumb_69b165ea51d10_1773233642.jpg
Others,Hanging Ironing Machine Household S,3699,850,https://www.dropshipping.com.bd/public/storage/images/product_thumbnail_img/thumb_69b25b4e16c71_1773296462.jpg
Others,Mushroom Sensor LED Night Light Wal,3695,200,https://www.dropshipping.com.bd/public/storage/images/product_thumbnail_img/thumb_69d3392409900_1775450404.jpg
Others,Wellmed Arm Digital Blood Pressure,3603,2500,https://www.dropshipping.com.bd/public/storage/images/product_thumbnail_img/thumb_69976d7a14430.jpg
Others,Ladies OLIYA Luxury Trendy Elegant,3541,1300,https://www.dropshipping.com.bd/public/storage/images/product_thumbnail_img/thumb_69976d49dd190.jpg
Others,Waterproof China Travel/Sports Bag,3528,990,https://www.dropshipping.com.bd/public/storage/images/product_thumbnail_img/thumb_69d0d313502be_1775293203.jpg
Others,Digital Kitchen Scale 500g-10Kg,3527,500,https://www.dropshipping.com.bd/public/storage/images/product_thumbnail_img/thumb_69976d3b7e859.jpg
Others,OLEVS 5610 New Luxury Fashion Glass,3444,700,https://www.dropshipping.com.bd/public/storage/images/product_thumbnail_img/thumb_69c936cfb2b65_1774794447.jpg
Others,CUENA 6008 Stainless Steel chronogr,3389,1850,https://www.dropshipping.com.bd/public/storage/images/product_thumbnail_img/thumb_69976cd538efa.jpg
Others,TRS068 TRSOYE Business Class Men Wa,3366,2150,https://www.dropshipping.com.bd/public/storage/images/product_thumbnail_img/thumb_69976cc1e9e87.jpg
Others,OLEVS 9949 Football Dial Men Busine,3357,990,https://www.dropshipping.com.bd/public/storage/images/product_thumbnail_img/thumb_69976cbb846ba.jpg
Others,Fashionable Glass Quartz Analog Men,3309,700,https://www.dropshipping.com.bd/public/storage/images/product_thumbnail_img/thumb_69ada490e2ad6_1772987536.jpg
Others,BINBOND Quartz men’s watch,3291,950,https://www.dropshipping.com.bd/public/storage/images/product_thumbnail_img/thumb_69b5300027b21_1773481984.jpg
Others,Olevs Luxury Men’s Quartz Watch (Go,3288,1250,https://www.dropshipping.com.bd/public/storage/images/product_thumbnail_img/thumb_69c9314c4269c_1774793036.jpg
Others,Dexe Black Hair Color Pump Dye Sham,3260,890,https://www.dropshipping.com.bd/public/storage/images/product_thumbnail_img/thumb_69c7ee1f3a902_1774710303.jpg
Others,540 Micro Needle Derma Roller Thera,3090,250,https://www.dropshipping.com.bd/public/storage/images/product_thumbnail_img/thumb_69d485b6759a3_1775535542.jpg
Others,2024 Cartoon Fashion Hair Dryer for,3086,650,https://www.dropshipping.com.bd/public/storage/images/product_thumbnail_img/thumb_69976bfa14d66.jpg
Others,Automatic Nail Clipper For Kids Blu,3080,750,https://www.dropshipping.com.bd/public/storage/images/product_thumbnail_img/thumb_69976bf5a3966.jpg
Others,BZY Foldable Drinking Water Bottle,3074,750,https://www.dropshipping.com.bd/public/storage/images/product_thumbnail_img/thumb_69976bee84d5f.jpg
Others,Adjustable Power Exercise Gripper S,3073,250,https://www.dropshipping.com.bd/public/storage/images/product_thumbnail_img/thumb_69d3bbed43a26_1775483885.jpg
Others,New Creative Silicone Folding Water,3071,800,https://www.dropshipping.com.bd/public/storage/images/product_thumbnail_img/thumb_69976bea4061b.jpg
